solid OpenSCAD_Model
  facet normal -0.997868 -0.0652675 1.92804e-20
    outer loop
      vertex -18.325 0 6
      vertex -18.3393 0.218631 25.5
      vertex -18.3393 0.218631 6
    endloop
  endfacet
  facet normal -0.997868 -0.0652675 1.92804e-20
    outer loop
      vertex -18.3393 0.218631 25.5
      vertex -18.325 0 6
      vertex -18.325 0 25.5
    endloop
  endfacet
  facet normal 0.997868 -0.0652675 -1.92804e-20
    outer loop
      vertex -21.675 0 25.5
      vertex -21.6607 0.218631 6
      vertex -21.6607 0.218631 25.5
    endloop
  endfacet
  facet normal 0.997868 -0.0652675 -1.92804e-20
    outer loop
      vertex -21.6607 0.218631 6
      vertex -21.675 0 25.5
      vertex -21.675 0 6
    endloop
  endfacet
  facet normal -0.0654131 -0.997858 0
    outer loop
      vertex -20 1.675 6
      vertex -19.7814 1.66067 25.5
      vertex -20 1.675 25.5
    endloop
  endfacet
  facet normal -0.0654131 -0.997858 -0
    outer loop
      vertex -19.7814 1.66067 25.5
      vertex -20 1.675 6
      vertex -19.7814 1.66067 6
    endloop
  endfacet
  facet normal -0.751739 -0.65946 1.20132e-19
    outer loop
      vertex -18.6711 1.01968 6
      vertex -18.8156 1.1844 25.5
      vertex -18.8156 1.1844 6
    endloop
  endfacet
  facet normal -0.751739 -0.65946 1.20132e-19
    outer loop
      vertex -18.8156 1.1844 25.5
      vertex -18.6711 1.01968 6
      vertex -18.6711 1.01968 25.5
    endloop
  endfacet
  facet normal 0.659428 -0.751767 0
    outer loop
      vertex -21.1844 1.1844 6
      vertex -21.0197 1.32887 25.5
      vertex -21.1844 1.1844 25.5
    endloop
  endfacet
  facet normal 0.659428 -0.751767 0
    outer loop
      vertex -21.0197 1.32887 25.5
      vertex -21.1844 1.1844 6
      vertex -21.0197 1.32887 6
    endloop
  endfacet
  facet normal 0.321412 -0.94694 0
    outer loop
      vertex -20.641 1.5475 6
      vertex -20.4335 1.61793 25.5
      vertex -20.641 1.5475 25.5
    endloop
  endfacet
  facet normal 0.321412 -0.94694 0
    outer loop
      vertex -20.4335 1.61793 25.5
      vertex -20.641 1.5475 6
      vertex -20.4335 1.61793 6
    endloop
  endfacet
  facet normal -0.896884 -0.442267 1.09437e-19
    outer loop
      vertex -18.4525 0.640994 6
      vertex -18.5494 0.8375 25.5
      vertex -18.5494 0.8375 6
    endloop
  endfacet
  facet normal -0.896884 -0.442267 1.09437e-19
    outer loop
      vertex -18.5494 0.8375 25.5
      vertex -18.4525 0.640994 6
      vertex -18.4525 0.640994 25.5
    endloop
  endfacet
  facet normal -0.980737 -0.195335 -1.77627e-19
    outer loop
      vertex -18.3393 0.218631 6
      vertex -18.3821 0.433521 25.5
      vertex -18.3821 0.433521 6
    endloop
  endfacet
  facet normal -0.980737 -0.195335 -1.77627e-19
    outer loop
      vertex -18.3821 0.433521 25.5
      vertex -18.3393 0.218631 6
      vertex -18.3393 0.218631 25.5
    endloop
  endfacet
  facet normal -0.83153 -0.555479 -2.83517e-19
    outer loop
      vertex -18.5494 0.8375 6
      vertex -18.6711 1.01968 25.5
      vertex -18.6711 1.01968 6
    endloop
  endfacet
  facet normal -0.83153 -0.555479 -2.83517e-19
    outer loop
      vertex -18.6711 1.01968 25.5
      vertex -18.5494 0.8375 6
      vertex -18.5494 0.8375 25.5
    endloop
  endfacet
  facet normal -0.442314 -0.89686 0
    outer loop
      vertex -19.359 1.5475 6
      vertex -19.1625 1.45059 25.5
      vertex -19.359 1.5475 25.5
    endloop
  endfacet
  facet normal -0.442314 -0.89686 -0
    outer loop
      vertex -19.1625 1.45059 25.5
      vertex -19.359 1.5475 6
      vertex -19.1625 1.45059 6
    endloop
  endfacet
  facet normal -0.321412 -0.94694 0
    outer loop
      vertex -19.5665 1.61793 6
      vertex -19.359 1.5475 25.5
      vertex -19.5665 1.61793 25.5
    endloop
  endfacet
  facet normal -0.321412 -0.94694 -0
    outer loop
      vertex -19.359 1.5475 25.5
      vertex -19.5665 1.61793 6
      vertex -19.359 1.5475 6
    endloop
  endfacet
  facet normal -0.5555 -0.831516 0
    outer loop
      vertex -19.1625 1.45059 6
      vertex -18.9803 1.32887 25.5
      vertex -19.1625 1.45059 25.5
    endloop
  endfacet
  facet normal -0.5555 -0.831516 -0
    outer loop
      vertex -18.9803 1.32887 25.5
      vertex -19.1625 1.45059 6
      vertex -18.9803 1.32887 6
    endloop
  endfacet
  facet normal 0.896884 -0.442267 -1.09437e-19
    outer loop
      vertex -21.5475 0.640994 25.5
      vertex -21.4506 0.8375 6
      vertex -21.4506 0.8375 25.5
    endloop
  endfacet
  facet normal 0.896884 -0.442267 -1.09437e-19
    outer loop
      vertex -21.4506 0.8375 6
      vertex -21.5475 0.640994 25.5
      vertex -21.5475 0.640994 6
    endloop
  endfacet
  facet normal 0.946968 -0.321327 1.56627e-20
    outer loop
      vertex -21.6179 0.433521 25.5
      vertex -21.5475 0.640994 6
      vertex -21.5475 0.640994 25.5
    endloop
  endfacet
  facet normal 0.946968 -0.321327 1.56627e-20
    outer loop
      vertex -21.5475 0.640994 6
      vertex -21.6179 0.433521 25.5
      vertex -21.6179 0.433521 6
    endloop
  endfacet
  facet normal 0.442314 -0.89686 0
    outer loop
      vertex -20.8375 1.45059 6
      vertex -20.641 1.5475 25.5
      vertex -20.8375 1.45059 25.5
    endloop
  endfacet
  facet normal 0.442314 -0.89686 0
    outer loop
      vertex -20.641 1.5475 25.5
      vertex -20.8375 1.45059 6
      vertex -20.641 1.5475 6
    endloop
  endfacet
  facet normal 0.195063 -0.980791 0
    outer loop
      vertex -20.4335 1.61793 6
      vertex -20.2186 1.66067 25.5
      vertex -20.4335 1.61793 25.5
    endloop
  endfacet
  facet normal 0.195063 -0.980791 0
    outer loop
      vertex -20.2186 1.66067 25.5
      vertex -20.4335 1.61793 6
      vertex -20.2186 1.66067 6
    endloop
  endfacet
  facet normal -0.442314 0.89686 0
    outer loop
      vertex -19.1625 -1.45059 6
      vertex -19.359 -1.5475 25.5
      vertex -19.1625 -1.45059 25.5
    endloop
  endfacet
  facet normal -0.442314 0.89686 0
    outer loop
      vertex -19.359 -1.5475 25.5
      vertex -19.1625 -1.45059 6
      vertex -19.359 -1.5475 6
    endloop
  endfacet
  facet normal -0.980737 0.195335 1.77627e-19
    outer loop
      vertex -18.3821 -0.433521 6
      vertex -18.3393 -0.218631 25.5
      vertex -18.3393 -0.218631 6
    endloop
  endfacet
  facet normal -0.980737 0.195335 1.77627e-19
    outer loop
      vertex -18.3393 -0.218631 25.5
      vertex -18.3821 -0.433521 6
      vertex -18.3821 -0.433521 25.5
    endloop
  endfacet
  facet normal 0.321412 0.94694 -0
    outer loop
      vertex -20.4335 -1.61793 6
      vertex -20.641 -1.5475 25.5
      vertex -20.4335 -1.61793 25.5
    endloop
  endfacet
  facet normal 0.321412 0.94694 0
    outer loop
      vertex -20.641 -1.5475 25.5
      vertex -20.4335 -1.61793 6
      vertex -20.641 -1.5475 6
    endloop
  endfacet
  facet normal 0.896884 0.442267 1.09437e-19
    outer loop
      vertex -21.4506 -0.8375 25.5
      vertex -21.5475 -0.640994 6
      vertex -21.5475 -0.640994 25.5
    endloop
  endfacet
  facet normal 0.896884 0.442267 1.09437e-19
    outer loop
      vertex -21.5475 -0.640994 6
      vertex -21.4506 -0.8375 25.5
      vertex -21.4506 -0.8375 6
    endloop
  endfacet
  facet normal -0.946968 -0.321327 -1.56627e-20
    outer loop
      vertex -18.3821 0.433521 6
      vertex -18.4525 0.640994 25.5
      vertex -18.4525 0.640994 6
    endloop
  endfacet
  facet normal -0.946968 -0.321327 -1.56627e-20
    outer loop
      vertex -18.4525 0.640994 25.5
      vertex -18.3821 0.433521 6
      vertex -18.3821 0.433521 25.5
    endloop
  endfacet
  facet normal -0.195063 -0.980791 0
    outer loop
      vertex -19.7814 1.66067 6
      vertex -19.5665 1.61793 25.5
      vertex -19.7814 1.66067 25.5
    endloop
  endfacet
  facet normal -0.195063 -0.980791 -0
    outer loop
      vertex -19.5665 1.61793 25.5
      vertex -19.7814 1.66067 6
      vertex -19.5665 1.61793 6
    endloop
  endfacet
  facet normal -0.659428 -0.751767 0
    outer loop
      vertex -18.9803 1.32887 6
      vertex -18.8156 1.1844 25.5
      vertex -18.9803 1.32887 25.5
    endloop
  endfacet
  facet normal -0.659428 -0.751767 -0
    outer loop
      vertex -18.8156 1.1844 25.5
      vertex -18.9803 1.32887 6
      vertex -18.8156 1.1844 6
    endloop
  endfacet
  facet normal 0.83153 -0.555479 2.83517e-19
    outer loop
      vertex -21.4506 0.8375 25.5
      vertex -21.3289 1.01968 6
      vertex -21.3289 1.01968 25.5
    endloop
  endfacet
  facet normal 0.83153 -0.555479 2.83517e-19
    outer loop
      vertex -21.3289 1.01968 6
      vertex -21.4506 0.8375 25.5
      vertex -21.4506 0.8375 6
    endloop
  endfacet
  facet normal 0.751739 -0.65946 -1.20132e-19
    outer loop
      vertex -21.3289 1.01968 25.5
      vertex -21.1844 1.1844 6
      vertex -21.1844 1.1844 25.5
    endloop
  endfacet
  facet normal 0.751739 -0.65946 -1.20132e-19
    outer loop
      vertex -21.1844 1.1844 6
      vertex -21.3289 1.01968 25.5
      vertex -21.3289 1.01968 6
    endloop
  endfacet
  facet normal 0.980737 -0.195335 1.77627e-19
    outer loop
      vertex -21.6607 0.218631 25.5
      vertex -21.6179 0.433521 6
      vertex -21.6179 0.433521 25.5
    endloop
  endfacet
  facet normal 0.980737 -0.195335 1.77627e-19
    outer loop
      vertex -21.6179 0.433521 6
      vertex -21.6607 0.218631 25.5
      vertex -21.6607 0.218631 6
    endloop
  endfacet
  facet normal 0.5555 -0.831516 0
    outer loop
      vertex -21.0197 1.32887 6
      vertex -20.8375 1.45059 25.5
      vertex -21.0197 1.32887 25.5
    endloop
  endfacet
  facet normal 0.5555 -0.831516 0
    outer loop
      vertex -20.8375 1.45059 25.5
      vertex -21.0197 1.32887 6
      vertex -20.8375 1.45059 6
    endloop
  endfacet
  facet normal 0.0654131 -0.997858 0
    outer loop
      vertex -20.2186 1.66067 6
      vertex -20 1.675 25.5
      vertex -20.2186 1.66067 25.5
    endloop
  endfacet
  facet normal 0.0654131 -0.997858 0
    outer loop
      vertex -20 1.675 25.5
      vertex -20.2186 1.66067 6
      vertex -20 1.675 6
    endloop
  endfacet
  facet normal -0.997868 0.0652675 -1.92804e-20
    outer loop
      vertex -18.3393 -0.218631 6
      vertex -18.325 0 25.5
      vertex -18.325 0 6
    endloop
  endfacet
  facet normal -0.997868 0.0652675 -1.92804e-20
    outer loop
      vertex -18.325 0 25.5
      vertex -18.3393 -0.218631 6
      vertex -18.3393 -0.218631 25.5
    endloop
  endfacet
  facet normal -0.0654131 0.997858 0
    outer loop
      vertex -19.7814 -1.66067 6
      vertex -20 -1.675 25.5
      vertex -19.7814 -1.66067 25.5
    endloop
  endfacet
  facet normal -0.0654131 0.997858 0
    outer loop
      vertex -20 -1.675 25.5
      vertex -19.7814 -1.66067 6
      vertex -20 -1.675 6
    endloop
  endfacet
  facet normal -0.321412 0.94694 0
    outer loop
      vertex -19.359 -1.5475 6
      vertex -19.5665 -1.61793 25.5
      vertex -19.359 -1.5475 25.5
    endloop
  endfacet
  facet normal -0.321412 0.94694 0
    outer loop
      vertex -19.5665 -1.61793 25.5
      vertex -19.359 -1.5475 6
      vertex -19.5665 -1.61793 6
    endloop
  endfacet
  facet normal -0.5555 0.831516 0
    outer loop
      vertex -18.9803 -1.32887 6
      vertex -19.1625 -1.45059 25.5
      vertex -18.9803 -1.32887 25.5
    endloop
  endfacet
  facet normal -0.5555 0.831516 0
    outer loop
      vertex -19.1625 -1.45059 25.5
      vertex -18.9803 -1.32887 6
      vertex -19.1625 -1.45059 6
    endloop
  endfacet
  facet normal -0.751739 0.65946 -1.20132e-19
    outer loop
      vertex -18.8156 -1.1844 6
      vertex -18.6711 -1.01968 25.5
      vertex -18.6711 -1.01968 6
    endloop
  endfacet
  facet normal -0.751739 0.65946 -1.20132e-19
    outer loop
      vertex -18.6711 -1.01968 25.5
      vertex -18.8156 -1.1844 6
      vertex -18.8156 -1.1844 25.5
    endloop
  endfacet
  facet normal -0.896884 0.442267 -1.09437e-19
    outer loop
      vertex -18.5494 -0.8375 6
      vertex -18.4525 -0.640994 25.5
      vertex -18.4525 -0.640994 6
    endloop
  endfacet
  facet normal -0.896884 0.442267 -1.09437e-19
    outer loop
      vertex -18.4525 -0.640994 25.5
      vertex -18.5494 -0.8375 6
      vertex -18.5494 -0.8375 25.5
    endloop
  endfacet
  facet normal 0.659428 0.751767 -0
    outer loop
      vertex -21.0197 -1.32887 6
      vertex -21.1844 -1.1844 25.5
      vertex -21.0197 -1.32887 25.5
    endloop
  endfacet
  facet normal 0.659428 0.751767 0
    outer loop
      vertex -21.1844 -1.1844 25.5
      vertex -21.0197 -1.32887 6
      vertex -21.1844 -1.1844 6
    endloop
  endfacet
  facet normal 0.442314 0.89686 -0
    outer loop
      vertex -20.641 -1.5475 6
      vertex -20.8375 -1.45059 25.5
      vertex -20.641 -1.5475 25.5
    endloop
  endfacet
  facet normal 0.442314 0.89686 0
    outer loop
      vertex -20.8375 -1.45059 25.5
      vertex -20.641 -1.5475 6
      vertex -20.8375 -1.45059 6
    endloop
  endfacet
  facet normal 0.195063 0.980791 -0
    outer loop
      vertex -20.2186 -1.66067 6
      vertex -20.4335 -1.61793 25.5
      vertex -20.2186 -1.66067 25.5
    endloop
  endfacet
  facet normal 0.195063 0.980791 0
    outer loop
      vertex -20.4335 -1.61793 25.5
      vertex -20.2186 -1.66067 6
      vertex -20.4335 -1.61793 6
    endloop
  endfacet
  facet normal 0.83153 0.555479 -2.83517e-19
    outer loop
      vertex -21.3289 -1.01968 25.5
      vertex -21.4506 -0.8375 6
      vertex -21.4506 -0.8375 25.5
    endloop
  endfacet
  facet normal 0.83153 0.555479 -2.83517e-19
    outer loop
      vertex -21.4506 -0.8375 6
      vertex -21.3289 -1.01968 25.5
      vertex -21.3289 -1.01968 6
    endloop
  endfacet
  facet normal 0.946968 0.321327 -1.56627e-20
    outer loop
      vertex -21.5475 -0.640994 25.5
      vertex -21.6179 -0.433521 6
      vertex -21.6179 -0.433521 25.5
    endloop
  endfacet
  facet normal 0.946968 0.321327 -1.56627e-20
    outer loop
      vertex -21.6179 -0.433521 6
      vertex -21.5475 -0.640994 25.5
      vertex -21.5475 -0.640994 6
    endloop
  endfacet
  facet normal 0.997868 0.0652675 1.92804e-20
    outer loop
      vertex -21.6607 -0.218631 25.5
      vertex -21.675 0 6
      vertex -21.675 0 25.5
    endloop
  endfacet
  facet normal 0.997868 0.0652675 1.92804e-20
    outer loop
      vertex -21.675 0 6
      vertex -21.6607 -0.218631 25.5
      vertex -21.6607 -0.218631 6
    endloop
  endfacet
  facet normal -0.195063 0.980791 0
    outer loop
      vertex -19.5665 -1.61793 6
      vertex -19.7814 -1.66067 25.5
      vertex -19.5665 -1.61793 25.5
    endloop
  endfacet
  facet normal -0.195063 0.980791 0
    outer loop
      vertex -19.7814 -1.66067 25.5
      vertex -19.5665 -1.61793 6
      vertex -19.7814 -1.66067 6
    endloop
  endfacet
  facet normal -0.659428 0.751767 0
    outer loop
      vertex -18.8156 -1.1844 6
      vertex -18.9803 -1.32887 25.5
      vertex -18.8156 -1.1844 25.5
    endloop
  endfacet
  facet normal -0.659428 0.751767 0
    outer loop
      vertex -18.9803 -1.32887 25.5
      vertex -18.8156 -1.1844 6
      vertex -18.9803 -1.32887 6
    endloop
  endfacet
  facet normal -0.83153 0.555479 2.83517e-19
    outer loop
      vertex -18.6711 -1.01968 6
      vertex -18.5494 -0.8375 25.5
      vertex -18.5494 -0.8375 6
    endloop
  endfacet
  facet normal -0.83153 0.555479 2.83517e-19
    outer loop
      vertex -18.5494 -0.8375 25.5
      vertex -18.6711 -1.01968 6
      vertex -18.6711 -1.01968 25.5
    endloop
  endfacet
  facet normal -0.946968 0.321327 1.56627e-20
    outer loop
      vertex -18.4525 -0.640994 6
      vertex -18.3821 -0.433521 25.5
      vertex -18.3821 -0.433521 6
    endloop
  endfacet
  facet normal -0.946968 0.321327 1.56627e-20
    outer loop
      vertex -18.3821 -0.433521 25.5
      vertex -18.4525 -0.640994 6
      vertex -18.4525 -0.640994 25.5
    endloop
  endfacet
  facet normal 0.5555 0.831516 -0
    outer loop
      vertex -20.8375 -1.45059 6
      vertex -21.0197 -1.32887 25.5
      vertex -20.8375 -1.45059 25.5
    endloop
  endfacet
  facet normal 0.5555 0.831516 0
    outer loop
      vertex -21.0197 -1.32887 25.5
      vertex -20.8375 -1.45059 6
      vertex -21.0197 -1.32887 6
    endloop
  endfacet
  facet normal 0.0654131 0.997858 -0
    outer loop
      vertex -20 -1.675 6
      vertex -20.2186 -1.66067 25.5
      vertex -20 -1.675 25.5
    endloop
  endfacet
  facet normal 0.0654131 0.997858 0
    outer loop
      vertex -20.2186 -1.66067 25.5
      vertex -20 -1.675 6
      vertex -20.2186 -1.66067 6
    endloop
  endfacet
  facet normal 0.751739 0.65946 1.20132e-19
    outer loop
      vertex -21.1844 -1.1844 25.5
      vertex -21.3289 -1.01968 6
      vertex -21.3289 -1.01968 25.5
    endloop
  endfacet
  facet normal 0.751739 0.65946 1.20132e-19
    outer loop
      vertex -21.3289 -1.01968 6
      vertex -21.1844 -1.1844 25.5
      vertex -21.1844 -1.1844 6
    endloop
  endfacet
  facet normal 0.980737 0.195335 -1.77627e-19
    outer loop
      vertex -21.6179 -0.433521 25.5
      vertex -21.6607 -0.218631 6
      vertex -21.6607 -0.218631 25.5
    endloop
  endfacet
  facet normal 0.980737 0.195335 -1.77627e-19
    outer loop
      vertex -21.6607 -0.218631 6
      vertex -21.6179 -0.433521 25.5
      vertex -21.6179 -0.433521 6
    endloop
  endfacet
  facet normal -0.659428 -0.751767 0
    outer loop
      vertex 21.0197 1.32887 6
      vertex 21.1844 1.1844 25.5
      vertex 21.0197 1.32887 25.5
    endloop
  endfacet
  facet normal -0.659428 -0.751767 -0
    outer loop
      vertex 21.1844 1.1844 25.5
      vertex 21.0197 1.32887 6
      vertex 21.1844 1.1844 6
    endloop
  endfacet
  facet normal -0.980737 0.195335 1.77627e-19
    outer loop
      vertex 21.6179 -0.433521 6
      vertex 21.6607 -0.218631 25.5
      vertex 21.6607 -0.218631 6
    endloop
  endfacet
  facet normal -0.980737 0.195335 1.77627e-19
    outer loop
      vertex 21.6607 -0.218631 25.5
      vertex 21.6179 -0.433521 6
      vertex 21.6179 -0.433521 25.5
    endloop
  endfacet
  facet normal 0.321412 0.94694 -0
    outer loop
      vertex 19.5665 -1.61793 6
      vertex 19.359 -1.5475 25.5
      vertex 19.5665 -1.61793 25.5
    endloop
  endfacet
  facet normal 0.321412 0.94694 0
    outer loop
      vertex 19.359 -1.5475 25.5
      vertex 19.5665 -1.61793 6
      vertex 19.359 -1.5475 6
    endloop
  endfacet
  facet normal 0.321412 -0.94694 0
    outer loop
      vertex 19.359 1.5475 6
      vertex 19.5665 1.61793 25.5
      vertex 19.359 1.5475 25.5
    endloop
  endfacet
  facet normal 0.321412 -0.94694 0
    outer loop
      vertex 19.5665 1.61793 25.5
      vertex 19.359 1.5475 6
      vertex 19.5665 1.61793 6
    endloop
  endfacet
  facet normal 0.896884 -0.442267 -1.09437e-19
    outer loop
      vertex 18.4525 0.640994 25.5
      vertex 18.5494 0.8375 6
      vertex 18.5494 0.8375 25.5
    endloop
  endfacet
  facet normal 0.896884 -0.442267 -1.09437e-19
    outer loop
      vertex 18.5494 0.8375 6
      vertex 18.4525 0.640994 25.5
      vertex 18.4525 0.640994 6
    endloop
  endfacet
  facet normal -0.896884 -0.442267 1.09437e-19
    outer loop
      vertex 21.5475 0.640994 6
      vertex 21.4506 0.8375 25.5
      vertex 21.4506 0.8375 6
    endloop
  endfacet
  facet normal -0.896884 -0.442267 1.09437e-19
    outer loop
      vertex 21.4506 0.8375 25.5
      vertex 21.5475 0.640994 6
      vertex 21.5475 0.640994 25.5
    endloop
  endfacet
  facet normal -0.980737 -0.195335 -1.77627e-19
    outer loop
      vertex 21.6607 0.218631 6
      vertex 21.6179 0.433521 25.5
      vertex 21.6179 0.433521 6
    endloop
  endfacet
  facet normal -0.980737 -0.195335 -1.77627e-19
    outer loop
      vertex 21.6179 0.433521 25.5
      vertex 21.6607 0.218631 6
      vertex 21.6607 0.218631 25.5
    endloop
  endfacet
  facet normal -0.83153 -0.555479 -2.83517e-19
    outer loop
      vertex 21.4506 0.8375 6
      vertex 21.3289 1.01968 25.5
      vertex 21.3289 1.01968 6
    endloop
  endfacet
  facet normal -0.83153 -0.555479 -2.83517e-19
    outer loop
      vertex 21.3289 1.01968 25.5
      vertex 21.4506 0.8375 6
      vertex 21.4506 0.8375 25.5
    endloop
  endfacet
  facet normal -0.751739 -0.65946 1.20132e-19
    outer loop
      vertex 21.3289 1.01968 6
      vertex 21.1844 1.1844 25.5
      vertex 21.1844 1.1844 6
    endloop
  endfacet
  facet normal -0.751739 -0.65946 1.20132e-19
    outer loop
      vertex 21.1844 1.1844 25.5
      vertex 21.3289 1.01968 6
      vertex 21.3289 1.01968 25.5
    endloop
  endfacet
  facet normal -0.442314 -0.89686 0
    outer loop
      vertex 20.641 1.5475 6
      vertex 20.8375 1.45059 25.5
      vertex 20.641 1.5475 25.5
    endloop
  endfacet
  facet normal -0.442314 -0.89686 -0
    outer loop
      vertex 20.8375 1.45059 25.5
      vertex 20.641 1.5475 6
      vertex 20.8375 1.45059 6
    endloop
  endfacet
  facet normal -0.321412 -0.94694 0
    outer loop
      vertex 20.4335 1.61793 6
      vertex 20.641 1.5475 25.5
      vertex 20.4335 1.61793 25.5
    endloop
  endfacet
  facet normal -0.321412 -0.94694 -0
    outer loop
      vertex 20.641 1.5475 25.5
      vertex 20.4335 1.61793 6
      vertex 20.641 1.5475 6
    endloop
  endfacet
  facet normal -0.195063 -0.980791 0
    outer loop
      vertex 20.2186 1.66067 6
      vertex 20.4335 1.61793 25.5
      vertex 20.2186 1.66067 25.5
    endloop
  endfacet
  facet normal -0.195063 -0.980791 -0
    outer loop
      vertex 20.4335 1.61793 25.5
      vertex 20.2186 1.66067 6
      vertex 20.4335 1.61793 6
    endloop
  endfacet
  facet normal 0.980737 -0.195335 1.77627e-19
    outer loop
      vertex 18.3393 0.218631 25.5
      vertex 18.3821 0.433521 6
      vertex 18.3821 0.433521 25.5
    endloop
  endfacet
  facet normal 0.980737 -0.195335 1.77627e-19
    outer loop
      vertex 18.3821 0.433521 6
      vertex 18.3393 0.218631 25.5
      vertex 18.3393 0.218631 6
    endloop
  endfacet
  facet normal 0.751739 -0.65946 -1.20132e-19
    outer loop
      vertex 18.6711 1.01968 25.5
      vertex 18.8156 1.1844 6
      vertex 18.8156 1.1844 25.5
    endloop
  endfacet
  facet normal 0.751739 -0.65946 -1.20132e-19
    outer loop
      vertex 18.8156 1.1844 6
      vertex 18.6711 1.01968 25.5
      vertex 18.6711 1.01968 6
    endloop
  endfacet
  facet normal 0.442314 -0.89686 0
    outer loop
      vertex 19.1625 1.45059 6
      vertex 19.359 1.5475 25.5
      vertex 19.1625 1.45059 25.5
    endloop
  endfacet
  facet normal 0.442314 -0.89686 0
    outer loop
      vertex 19.359 1.5475 25.5
      vertex 19.1625 1.45059 6
      vertex 19.359 1.5475 6
    endloop
  endfacet
  facet normal 0.195063 -0.980791 0
    outer loop
      vertex 19.5665 1.61793 6
      vertex 19.7814 1.66067 25.5
      vertex 19.5665 1.61793 25.5
    endloop
  endfacet
  facet normal 0.195063 -0.980791 0
    outer loop
      vertex 19.7814 1.66067 25.5
      vertex 19.5665 1.61793 6
      vertex 19.7814 1.66067 6
    endloop
  endfacet
  facet normal -0.997868 -0.0652675 1.92804e-20
    outer loop
      vertex 21.675 0 6
      vertex 21.6607 0.218631 25.5
      vertex 21.6607 0.218631 6
    endloop
  endfacet
  facet normal -0.997868 -0.0652675 1.92804e-20
    outer loop
      vertex 21.6607 0.218631 25.5
      vertex 21.675 0 6
      vertex 21.675 0 25.5
    endloop
  endfacet
  facet normal -0.946968 0.321327 1.56627e-20
    outer loop
      vertex 21.5475 -0.640994 6
      vertex 21.6179 -0.433521 25.5
      vertex 21.6179 -0.433521 6
    endloop
  endfacet
  facet normal -0.946968 0.321327 1.56627e-20
    outer loop
      vertex 21.6179 -0.433521 25.5
      vertex 21.5475 -0.640994 6
      vertex 21.5475 -0.640994 25.5
    endloop
  endfacet
  facet normal -0.321412 0.94694 0
    outer loop
      vertex 20.641 -1.5475 6
      vertex 20.4335 -1.61793 25.5
      vertex 20.641 -1.5475 25.5
    endloop
  endfacet
  facet normal -0.321412 0.94694 0
    outer loop
      vertex 20.4335 -1.61793 25.5
      vertex 20.641 -1.5475 6
      vertex 20.4335 -1.61793 6
    endloop
  endfacet
  facet normal -0.442314 0.89686 0
    outer loop
      vertex 20.8375 -1.45059 6
      vertex 20.641 -1.5475 25.5
      vertex 20.8375 -1.45059 25.5
    endloop
  endfacet
  facet normal -0.442314 0.89686 0
    outer loop
      vertex 20.641 -1.5475 25.5
      vertex 20.8375 -1.45059 6
      vertex 20.641 -1.5475 6
    endloop
  endfacet
  facet normal 0.195063 0.980791 -0
    outer loop
      vertex 19.7814 -1.66067 6
      vertex 19.5665 -1.61793 25.5
      vertex 19.7814 -1.66067 25.5
    endloop
  endfacet
  facet normal 0.195063 0.980791 0
    outer loop
      vertex 19.5665 -1.61793 25.5
      vertex 19.7814 -1.66067 6
      vertex 19.5665 -1.61793 6
    endloop
  endfacet
  facet normal 0.659428 0.751767 -0
    outer loop
      vertex 18.9803 -1.32887 6
      vertex 18.8156 -1.1844 25.5
      vertex 18.9803 -1.32887 25.5
    endloop
  endfacet
  facet normal 0.659428 0.751767 0
    outer loop
      vertex 18.8156 -1.1844 25.5
      vertex 18.9803 -1.32887 6
      vertex 18.8156 -1.1844 6
    endloop
  endfacet
  facet normal 0.896884 0.442267 1.09437e-19
    outer loop
      vertex 18.5494 -0.8375 25.5
      vertex 18.4525 -0.640994 6
      vertex 18.4525 -0.640994 25.5
    endloop
  endfacet
  facet normal 0.896884 0.442267 1.09437e-19
    outer loop
      vertex 18.4525 -0.640994 6
      vertex 18.5494 -0.8375 25.5
      vertex 18.5494 -0.8375 6
    endloop
  endfacet
  facet normal -0.946968 -0.321327 -1.56627e-20
    outer loop
      vertex 21.6179 0.433521 6
      vertex 21.5475 0.640994 25.5
      vertex 21.5475 0.640994 6
    endloop
  endfacet
  facet normal -0.946968 -0.321327 -1.56627e-20
    outer loop
      vertex 21.5475 0.640994 25.5
      vertex 21.6179 0.433521 6
      vertex 21.6179 0.433521 25.5
    endloop
  endfacet
  facet normal -0.5555 -0.831516 0
    outer loop
      vertex 20.8375 1.45059 6
      vertex 21.0197 1.32887 25.5
      vertex 20.8375 1.45059 25.5
    endloop
  endfacet
  facet normal -0.5555 -0.831516 -0
    outer loop
      vertex 21.0197 1.32887 25.5
      vertex 20.8375 1.45059 6
      vertex 21.0197 1.32887 6
    endloop
  endfacet
  facet normal -0.0654131 -0.997858 0
    outer loop
      vertex 20 1.675 6
      vertex 20.2186 1.66067 25.5
      vertex 20 1.675 25.5
    endloop
  endfacet
  facet normal -0.0654131 -0.997858 -0
    outer loop
      vertex 20.2186 1.66067 25.5
      vertex 20 1.675 6
      vertex 20.2186 1.66067 6
    endloop
  endfacet
  facet normal 0.997868 -0.0652675 -1.92804e-20
    outer loop
      vertex 18.325 0 25.5
      vertex 18.3393 0.218631 6
      vertex 18.3393 0.218631 25.5
    endloop
  endfacet
  facet normal 0.997868 -0.0652675 -1.92804e-20
    outer loop
      vertex 18.3393 0.218631 6
      vertex 18.325 0 25.5
      vertex 18.325 0 6
    endloop
  endfacet
  facet normal 0.946968 -0.321327 1.56627e-20
    outer loop
      vertex 18.3821 0.433521 25.5
      vertex 18.4525 0.640994 6
      vertex 18.4525 0.640994 25.5
    endloop
  endfacet
  facet normal 0.946968 -0.321327 1.56627e-20
    outer loop
      vertex 18.4525 0.640994 6
      vertex 18.3821 0.433521 25.5
      vertex 18.3821 0.433521 6
    endloop
  endfacet
  facet normal 0.83153 -0.555479 2.83517e-19
    outer loop
      vertex 18.5494 0.8375 25.5
      vertex 18.6711 1.01968 6
      vertex 18.6711 1.01968 25.5
    endloop
  endfacet
  facet normal 0.83153 -0.555479 2.83517e-19
    outer loop
      vertex 18.6711 1.01968 6
      vertex 18.5494 0.8375 25.5
      vertex 18.5494 0.8375 6
    endloop
  endfacet
  facet normal 0.0654131 -0.997858 0
    outer loop
      vertex 19.7814 1.66067 6
      vertex 20 1.675 25.5
      vertex 19.7814 1.66067 25.5
    endloop
  endfacet
  facet normal 0.0654131 -0.997858 0
    outer loop
      vertex 20 1.675 25.5
      vertex 19.7814 1.66067 6
      vertex 20 1.675 6
    endloop
  endfacet
  facet normal 0.5555 -0.831516 0
    outer loop
      vertex 18.9803 1.32887 6
      vertex 19.1625 1.45059 25.5
      vertex 18.9803 1.32887 25.5
    endloop
  endfacet
  facet normal 0.5555 -0.831516 0
    outer loop
      vertex 19.1625 1.45059 25.5
      vertex 18.9803 1.32887 6
      vertex 19.1625 1.45059 6
    endloop
  endfacet
  facet normal 0.659428 -0.751767 0
    outer loop
      vertex 18.8156 1.1844 6
      vertex 18.9803 1.32887 25.5
      vertex 18.8156 1.1844 25.5
    endloop
  endfacet
  facet normal 0.659428 -0.751767 0
    outer loop
      vertex 18.9803 1.32887 25.5
      vertex 18.8156 1.1844 6
      vertex 18.9803 1.32887 6
    endloop
  endfacet
  facet normal -0.997868 0.0652675 -1.92804e-20
    outer loop
      vertex 21.6607 -0.218631 6
      vertex 21.675 0 25.5
      vertex 21.675 0 6
    endloop
  endfacet
  facet normal -0.997868 0.0652675 -1.92804e-20
    outer loop
      vertex 21.675 0 25.5
      vertex 21.6607 -0.218631 6
      vertex 21.6607 -0.218631 25.5
    endloop
  endfacet
  facet normal -0.0654131 0.997858 0
    outer loop
      vertex 20.2186 -1.66067 6
      vertex 20 -1.675 25.5
      vertex 20.2186 -1.66067 25.5
    endloop
  endfacet
  facet normal -0.0654131 0.997858 0
    outer loop
      vertex 20 -1.675 25.5
      vertex 20.2186 -1.66067 6
      vertex 20 -1.675 6
    endloop
  endfacet
  facet normal -0.751739 0.65946 -1.20132e-19
    outer loop
      vertex 21.1844 -1.1844 6
      vertex 21.3289 -1.01968 25.5
      vertex 21.3289 -1.01968 6
    endloop
  endfacet
  facet normal -0.751739 0.65946 -1.20132e-19
    outer loop
      vertex 21.3289 -1.01968 25.5
      vertex 21.1844 -1.1844 6
      vertex 21.1844 -1.1844 25.5
    endloop
  endfacet
  facet normal -0.896884 0.442267 -1.09437e-19
    outer loop
      vertex 21.4506 -0.8375 6
      vertex 21.5475 -0.640994 25.5
      vertex 21.5475 -0.640994 6
    endloop
  endfacet
  facet normal -0.896884 0.442267 -1.09437e-19
    outer loop
      vertex 21.5475 -0.640994 25.5
      vertex 21.4506 -0.8375 6
      vertex 21.4506 -0.8375 25.5
    endloop
  endfacet
  facet normal -0.195063 0.980791 0
    outer loop
      vertex 20.4335 -1.61793 6
      vertex 20.2186 -1.66067 25.5
      vertex 20.4335 -1.61793 25.5
    endloop
  endfacet
  facet normal -0.195063 0.980791 0
    outer loop
      vertex 20.2186 -1.66067 25.5
      vertex 20.4335 -1.61793 6
      vertex 20.2186 -1.66067 6
    endloop
  endfacet
  facet normal -0.5555 0.831516 0
    outer loop
      vertex 21.0197 -1.32887 6
      vertex 20.8375 -1.45059 25.5
      vertex 21.0197 -1.32887 25.5
    endloop
  endfacet
  facet normal -0.5555 0.831516 0
    outer loop
      vertex 20.8375 -1.45059 25.5
      vertex 21.0197 -1.32887 6
      vertex 20.8375 -1.45059 6
    endloop
  endfacet
  facet normal 0.0654131 0.997858 -0
    outer loop
      vertex 20 -1.675 6
      vertex 19.7814 -1.66067 25.5
      vertex 20 -1.675 25.5
    endloop
  endfacet
  facet normal 0.0654131 0.997858 0
    outer loop
      vertex 19.7814 -1.66067 25.5
      vertex 20 -1.675 6
      vertex 19.7814 -1.66067 6
    endloop
  endfacet
  facet normal 0.442314 0.89686 -0
    outer loop
      vertex 19.359 -1.5475 6
      vertex 19.1625 -1.45059 25.5
      vertex 19.359 -1.5475 25.5
    endloop
  endfacet
  facet normal 0.442314 0.89686 0
    outer loop
      vertex 19.1625 -1.45059 25.5
      vertex 19.359 -1.5475 6
      vertex 19.1625 -1.45059 6
    endloop
  endfacet
  facet normal 0.946968 0.321327 -1.56627e-20
    outer loop
      vertex 18.4525 -0.640994 25.5
      vertex 18.3821 -0.433521 6
      vertex 18.3821 -0.433521 25.5
    endloop
  endfacet
  facet normal 0.946968 0.321327 -1.56627e-20
    outer loop
      vertex 18.3821 -0.433521 6
      vertex 18.4525 -0.640994 25.5
      vertex 18.4525 -0.640994 6
    endloop
  endfacet
  facet normal 0.997868 0.0652675 1.92804e-20
    outer loop
      vertex 18.3393 -0.218631 25.5
      vertex 18.325 0 6
      vertex 18.325 0 25.5
    endloop
  endfacet
  facet normal 0.997868 0.0652675 1.92804e-20
    outer loop
      vertex 18.325 0 6
      vertex 18.3393 -0.218631 25.5
      vertex 18.3393 -0.218631 6
    endloop
  endfacet
  facet normal 0.83153 0.555479 -2.83517e-19
    outer loop
      vertex 18.6711 -1.01968 25.5
      vertex 18.5494 -0.8375 6
      vertex 18.5494 -0.8375 25.5
    endloop
  endfacet
  facet normal 0.83153 0.555479 -2.83517e-19
    outer loop
      vertex 18.5494 -0.8375 6
      vertex 18.6711 -1.01968 25.5
      vertex 18.6711 -1.01968 6
    endloop
  endfacet
  facet normal -0.83153 0.555479 2.83517e-19
    outer loop
      vertex 21.3289 -1.01968 6
      vertex 21.4506 -0.8375 25.5
      vertex 21.4506 -0.8375 6
    endloop
  endfacet
  facet normal -0.83153 0.555479 2.83517e-19
    outer loop
      vertex 21.4506 -0.8375 25.5
      vertex 21.3289 -1.01968 6
      vertex 21.3289 -1.01968 25.5
    endloop
  endfacet
  facet normal -0.659428 0.751767 0
    outer loop
      vertex 21.1844 -1.1844 6
      vertex 21.0197 -1.32887 25.5
      vertex 21.1844 -1.1844 25.5
    endloop
  endfacet
  facet normal -0.659428 0.751767 0
    outer loop
      vertex 21.0197 -1.32887 25.5
      vertex 21.1844 -1.1844 6
      vertex 21.0197 -1.32887 6
    endloop
  endfacet
  facet normal 0.5555 0.831516 -0
    outer loop
      vertex 19.1625 -1.45059 6
      vertex 18.9803 -1.32887 25.5
      vertex 19.1625 -1.45059 25.5
    endloop
  endfacet
  facet normal 0.5555 0.831516 0
    outer loop
      vertex 18.9803 -1.32887 25.5
      vertex 19.1625 -1.45059 6
      vertex 18.9803 -1.32887 6
    endloop
  endfacet
  facet normal 0.980737 0.195335 -1.77627e-19
    outer loop
      vertex 18.3821 -0.433521 25.5
      vertex 18.3393 -0.218631 6
      vertex 18.3393 -0.218631 25.5
    endloop
  endfacet
  facet normal 0.980737 0.195335 -1.77627e-19
    outer loop
      vertex 18.3393 -0.218631 6
      vertex 18.3821 -0.433521 25.5
      vertex 18.3821 -0.433521 6
    endloop
  endfacet
  facet normal 0.751739 0.65946 1.20132e-19
    outer loop
      vertex 18.8156 -1.1844 25.5
      vertex 18.6711 -1.01968 6
      vertex 18.6711 -1.01968 25.5
    endloop
  endfacet
  facet normal 0.751739 0.65946 1.20132e-19
    outer loop
      vertex 18.6711 -1.01968 6
      vertex 18.8156 -1.1844 25.5
      vertex 18.8156 -1.1844 6
    endloop
  endfacet
  facet normal -0.997856 -0.0654403 5.30471e-19
    outer loop
      vertex -16.25 0 25.5
      vertex -16.2821 0.489472 28
      vertex -16.2821 0.489472 25.5
    endloop
  endfacet
  facet normal -0.997856 -0.0654403 5.30471e-19
    outer loop
      vertex -16.2821 0.489472 28
      vertex -16.25 0 25.5
      vertex -16.25 0 28
    endloop
  endfacet
  facet normal 0.997856 -0.0654403 -5.30471e-19
    outer loop
      vertex -23.75 0 28
      vertex -23.7179 0.489472 25.5
      vertex -23.7179 0.489472 28
    endloop
  endfacet
  facet normal 0.997856 -0.0654403 -5.30471e-19
    outer loop
      vertex -23.7179 0.489472 25.5
      vertex -23.75 0 28
      vertex -23.75 0 25.5
    endloop
  endfacet
  facet normal -0.065396 -0.997859 0
    outer loop
      vertex -20 3.75 25.5
      vertex -19.5105 3.71792 28
      vertex -20 3.75 28
    endloop
  endfacet
  facet normal -0.065396 -0.997859 -0
    outer loop
      vertex -19.5105 3.71792 28
      vertex -20 3.75 25.5
      vertex -19.5105 3.71792 25.5
    endloop
  endfacet
  facet normal 0.065396 0.997859 -0
    outer loop
      vertex -20 -3.75 25.5
      vertex -20.4895 -3.71792 28
      vertex -20 -3.75 28
    endloop
  endfacet
  facet normal 0.065396 0.997859 0
    outer loop
      vertex -20.4895 -3.71792 28
      vertex -20 -3.75 25.5
      vertex -20.4895 -3.71792 25.5
    endloop
  endfacet
  facet normal -0.75186 -0.659323 8.06791e-19
    outer loop
      vertex -17.0249 2.28286 25.5
      vertex -17.3483 2.65165 28
      vertex -17.3483 2.65165 25.5
    endloop
  endfacet
  facet normal -0.75186 -0.659323 8.06791e-19
    outer loop
      vertex -17.3483 2.65165 28
      vertex -17.0249 2.28286 25.5
      vertex -17.0249 2.28286 28
    endloop
  endfacet
  facet normal 0.659437 -0.75176 0
    outer loop
      vertex -22.6516 2.65165 25.5
      vertex -22.2829 2.97507 28
      vertex -22.6516 2.65165 28
    endloop
  endfacet
  facet normal 0.659437 -0.75176 0
    outer loop
      vertex -22.2829 2.97507 28
      vertex -22.6516 2.65165 25.5
      vertex -22.2829 2.97507 25.5
    endloop
  endfacet
  facet normal 0.321428 -0.946934 0
    outer loop
      vertex -21.4351 3.46455 25.5
      vertex -20.9706 3.62222 28
      vertex -21.4351 3.46455 28
    endloop
  endfacet
  facet normal 0.321428 -0.946934 0
    outer loop
      vertex -20.9706 3.62222 28
      vertex -21.4351 3.46455 25.5
      vertex -20.9706 3.62222 25.5
    endloop
  endfacet
  facet normal -0.946975 -0.321306 -4.53135e-18
    outer loop
      vertex -16.3778 0.970571 25.5
      vertex -16.5354 1.43506 28
      vertex -16.5354 1.43506 25.5
    endloop
  endfacet
  facet normal -0.946975 -0.321306 -4.53135e-18
    outer loop
      vertex -16.5354 1.43506 28
      vertex -16.3778 0.970571 25.5
      vertex -16.3778 0.970571 28
    endloop
  endfacet
  facet normal -0.980784 -0.195097 2.43961e-18
    outer loop
      vertex -16.2821 0.489472 25.5
      vertex -16.3778 0.970571 28
      vertex -16.3778 0.970571 25.5
    endloop
  endfacet
  facet normal -0.980784 -0.195097 2.43961e-18
    outer loop
      vertex -16.3778 0.970571 28
      vertex -16.2821 0.489472 25.5
      vertex -16.2821 0.489472 28
    endloop
  endfacet
  facet normal -0.896836 -0.442363 5.12212e-18
    outer loop
      vertex -16.5354 1.43506 25.5
      vertex -16.7524 1.875 28
      vertex -16.7524 1.875 25.5
    endloop
  endfacet
  facet normal -0.896836 -0.442363 5.12212e-18
    outer loop
      vertex -16.7524 1.875 28
      vertex -16.5354 1.43506 25.5
      vertex -16.5354 1.43506 28
    endloop
  endfacet
  facet normal -0.44233 -0.896852 0
    outer loop
      vertex -18.5649 3.46455 25.5
      vertex -18.125 3.24759 28
      vertex -18.5649 3.46455 28
    endloop
  endfacet
  facet normal -0.44233 -0.896852 -0
    outer loop
      vertex -18.125 3.24759 28
      vertex -18.5649 3.46455 25.5
      vertex -18.125 3.24759 25.5
    endloop
  endfacet
  facet normal -0.659336 -0.751849 0
    outer loop
      vertex -17.7171 2.97507 25.5
      vertex -17.3483 2.65165 28
      vertex -17.7171 2.97507 28
    endloop
  endfacet
  facet normal -0.659336 -0.751849 -0
    outer loop
      vertex -17.3483 2.65165 28
      vertex -17.7171 2.97507 25.5
      vertex -17.3483 2.65165 25.5
    endloop
  endfacet
  facet normal 0.896917 -0.442199 -2.70773e-18
    outer loop
      vertex -23.4645 1.43506 28
      vertex -23.2476 1.875 25.5
      vertex -23.2476 1.875 28
    endloop
  endfacet
  facet normal 0.896917 -0.442199 -2.70773e-18
    outer loop
      vertex -23.2476 1.875 25.5
      vertex -23.4645 1.43506 28
      vertex -23.4645 1.43506 25.5
    endloop
  endfacet
  facet normal 0.946913 -0.321489 -1.2488e-18
    outer loop
      vertex -23.6222 0.970571 28
      vertex -23.4645 1.43506 25.5
      vertex -23.4645 1.43506 28
    endloop
  endfacet
  facet normal 0.946913 -0.321489 -1.2488e-18
    outer loop
      vertex -23.4645 1.43506 25.5
      vertex -23.6222 0.970571 28
      vertex -23.6222 0.970571 25.5
    endloop
  endfacet
  facet normal 0.44233 -0.896852 0
    outer loop
      vertex -21.875 3.24759 25.5
      vertex -21.4351 3.46455 28
      vertex -21.875 3.24759 28
    endloop
  endfacet
  facet normal 0.44233 -0.896852 0
    outer loop
      vertex -21.4351 3.46455 28
      vertex -21.875 3.24759 25.5
      vertex -21.4351 3.46455 25.5
    endloop
  endfacet
  facet normal 0.195097 -0.980784 0
    outer loop
      vertex -20.9706 3.62222 25.5
      vertex -20.4895 3.71792 28
      vertex -20.9706 3.62222 28
    endloop
  endfacet
  facet normal 0.195097 -0.980784 0
    outer loop
      vertex -20.4895 3.71792 28
      vertex -20.9706 3.62222 25.5
      vertex -20.4895 3.71792 25.5
    endloop
  endfacet
  facet normal -0.065396 0.997859 0
    outer loop
      vertex -19.5105 -3.71792 25.5
      vertex -20 -3.75 28
      vertex -19.5105 -3.71792 28
    endloop
  endfacet
  facet normal -0.065396 0.997859 0
    outer loop
      vertex -20 -3.75 28
      vertex -19.5105 -3.71792 25.5
      vertex -20 -3.75 25.5
    endloop
  endfacet
  facet normal 0.321428 0.946934 -0
    outer loop
      vertex -20.9706 -3.62222 25.5
      vertex -21.4351 -3.46455 28
      vertex -20.9706 -3.62222 28
    endloop
  endfacet
  facet normal 0.321428 0.946934 0
    outer loop
      vertex -21.4351 -3.46455 28
      vertex -20.9706 -3.62222 25.5
      vertex -21.4351 -3.46455 25.5
    endloop
  endfacet
  facet normal 0.896917 0.442199 2.70773e-18
    outer loop
      vertex -23.2476 -1.875 28
      vertex -23.4645 -1.43506 25.5
      vertex -23.4645 -1.43506 28
    endloop
  endfacet
  facet normal 0.896917 0.442199 2.70773e-18
    outer loop
      vertex -23.4645 -1.43506 25.5
      vertex -23.2476 -1.875 28
      vertex -23.2476 -1.875 25.5
    endloop
  endfacet
  facet normal 0 0 1
    outer loop
      vertex -18.325 0 25.5
      vertex -16.25 0 25.5
      vertex -16.2821 0.489472 25.5
    endloop
  endfacet
  facet normal 0 0 1
    outer loop
      vertex -18.3393 0.218631 25.5
      vertex -16.2821 0.489472 25.5
      vertex -16.3778 0.970571 25.5
    endloop
  endfacet
  facet normal 0 0 1
    outer loop
      vertex -16.25 0 25.5
      vertex -18.325 0 25.5
      vertex -16.2821 -0.489472 25.5
    endloop
  endfacet
  facet normal 0 0 1
    outer loop
      vertex -18.3821 0.433521 25.5
      vertex -16.3778 0.970571 25.5
      vertex -16.5354 1.43506 25.5
    endloop
  endfacet
  facet normal -0 0 1
    outer loop
      vertex -18.3393 -0.218631 25.5
      vertex -16.2821 -0.489472 25.5
      vertex -18.325 0 25.5
    endloop
  endfacet
  facet normal 0 0 1
    outer loop
      vertex -18.4525 0.640994 25.5
      vertex -16.5354 1.43506 25.5
      vertex -16.7524 1.875 25.5
    endloop
  endfacet
  facet normal 0 0 1
    outer loop
      vertex -16.2821 -0.489472 25.5
      vertex -18.3393 -0.218631 25.5
      vertex -16.3778 -0.970571 25.5
    endloop
  endfacet
  facet normal 0 0 1
    outer loop
      vertex -18.5494 0.8375 25.5
      vertex -16.7524 1.875 25.5
      vertex -17.0249 2.28286 25.5
    endloop
  endfacet
  facet normal -0 0 1
    outer loop
      vertex -18.3821 -0.433521 25.5
      vertex -16.3778 -0.970571 25.5
      vertex -18.3393 -0.218631 25.5
    endloop
  endfacet
  facet normal 0 0 1
    outer loop
      vertex -18.6711 1.01968 25.5
      vertex -17.0249 2.28286 25.5
      vertex -17.3483 2.65165 25.5
    endloop
  endfacet
  facet normal 0 0 1
    outer loop
      vertex -16.3778 -0.970571 25.5
      vertex -18.3821 -0.433521 25.5
      vertex -16.5354 -1.43506 25.5
    endloop
  endfacet
  facet normal 0 0 1
    outer loop
      vertex -18.8156 1.1844 25.5
      vertex -17.3483 2.65165 25.5
      vertex -17.7171 2.97507 25.5
    endloop
  endfacet
  facet normal -0 0 1
    outer loop
      vertex -18.4525 -0.640994 25.5
      vertex -16.5354 -1.43506 25.5
      vertex -18.3821 -0.433521 25.5
    endloop
  endfacet
  facet normal 0 0 1
    outer loop
      vertex -18.9803 1.32887 25.5
      vertex -17.7171 2.97507 25.5
      vertex -18.125 3.24759 25.5
    endloop
  endfacet
  facet normal 0 0 1
    outer loop
      vertex -16.5354 -1.43506 25.5
      vertex -18.4525 -0.640994 25.5
      vertex -16.7524 -1.875 25.5
    endloop
  endfacet
  facet normal -0 0 1
    outer loop
      vertex -18.5494 -0.8375 25.5
      vertex -16.7524 -1.875 25.5
      vertex -18.4525 -0.640994 25.5
    endloop
  endfacet
  facet normal 0 0 1
    outer loop
      vertex -16.2821 0.489472 25.5
      vertex -18.3393 0.218631 25.5
      vertex -18.325 0 25.5
    endloop
  endfacet
  facet normal 0 0 1
    outer loop
      vertex -16.3778 0.970571 25.5
      vertex -18.3821 0.433521 25.5
      vertex -18.3393 0.218631 25.5
    endloop
  endfacet
  facet normal 0 0 1
    outer loop
      vertex -16.5354 1.43506 25.5
      vertex -18.4525 0.640994 25.5
      vertex -18.3821 0.433521 25.5
    endloop
  endfacet
  facet normal 0 0 1
    outer loop
      vertex -16.7524 1.875 25.5
      vertex -18.5494 0.8375 25.5
      vertex -18.4525 0.640994 25.5
    endloop
  endfacet
  facet normal 0 0 1
    outer loop
      vertex -19.1625 1.45059 25.5
      vertex -18.125 3.24759 25.5
      vertex -18.5649 3.46455 25.5
    endloop
  endfacet
  facet normal 0 0 1
    outer loop
      vertex -17.0249 2.28286 25.5
      vertex -18.6711 1.01968 25.5
      vertex -18.5494 0.8375 25.5
    endloop
  endfacet
  facet normal 0 0 1
    outer loop
      vertex -17.3483 2.65165 25.5
      vertex -18.8156 1.1844 25.5
      vertex -18.6711 1.01968 25.5
    endloop
  endfacet
  facet normal 0 0 1
    outer loop
      vertex -17.7171 2.97507 25.5
      vertex -18.9803 1.32887 25.5
      vertex -18.8156 1.1844 25.5
    endloop
  endfacet
  facet normal 0 0 1
    outer loop
      vertex -19.359 1.5475 25.5
      vertex -18.5649 3.46455 25.5
      vertex -19.0294 3.62222 25.5
    endloop
  endfacet
  facet normal 0 0 1
    outer loop
      vertex -18.125 3.24759 25.5
      vertex -19.1625 1.45059 25.5
      vertex -18.9803 1.32887 25.5
    endloop
  endfacet
  facet normal 0 0 1
    outer loop
      vertex -18.5649 3.46455 25.5
      vertex -19.359 1.5475 25.5
      vertex -19.1625 1.45059 25.5
    endloop
  endfacet
  facet normal 0 0 1
    outer loop
      vertex -19.5665 1.61793 25.5
      vertex -19.0294 3.62222 25.5
      vertex -19.5105 3.71792 25.5
    endloop
  endfacet
  facet normal 0 0 1
    outer loop
      vertex -19.0294 3.62222 25.5
      vertex -19.5665 1.61793 25.5
      vertex -19.359 1.5475 25.5
    endloop
  endfacet
  facet normal 0 0 1
    outer loop
      vertex -19.5105 3.71792 25.5
      vertex -19.7814 1.66067 25.5
      vertex -19.5665 1.61793 25.5
    endloop
  endfacet
  facet normal 0 0 1
    outer loop
      vertex -20 3.75 25.5
      vertex -19.7814 1.66067 25.5
      vertex -19.5105 3.71792 25.5
    endloop
  endfacet
  facet normal 0 0 1
    outer loop
      vertex -20 3.75 25.5
      vertex -20 1.675 25.5
      vertex -19.7814 1.66067 25.5
    endloop
  endfacet
  facet normal 0 0 1
    outer loop
      vertex -20 3.75 25.5
      vertex -20.2186 1.66067 25.5
      vertex -20 1.675 25.5
    endloop
  endfacet
  facet normal -0 0 1
    outer loop
      vertex -20.4895 3.71792 25.5
      vertex -20.2186 1.66067 25.5
      vertex -20 3.75 25.5
    endloop
  endfacet
  facet normal 0 0 1
    outer loop
      vertex -20.2186 1.66067 25.5
      vertex -20.4895 3.71792 25.5
      vertex -20.4335 1.61793 25.5
    endloop
  endfacet
  facet normal -0 0 1
    outer loop
      vertex -20.9706 3.62222 25.5
      vertex -20.4335 1.61793 25.5
      vertex -20.4895 3.71792 25.5
    endloop
  endfacet
  facet normal 0 0 1
    outer loop
      vertex -20.4335 1.61793 25.5
      vertex -20.9706 3.62222 25.5
      vertex -20.641 1.5475 25.5
    endloop
  endfacet
  facet normal -0 0 1
    outer loop
      vertex -21.4351 3.46455 25.5
      vertex -20.641 1.5475 25.5
      vertex -20.9706 3.62222 25.5
    endloop
  endfacet
  facet normal 0 0 1
    outer loop
      vertex -20.641 1.5475 25.5
      vertex -21.4351 3.46455 25.5
      vertex -20.8375 1.45059 25.5
    endloop
  endfacet
  facet normal -0 0 1
    outer loop
      vertex -21.875 3.24759 25.5
      vertex -20.8375 1.45059 25.5
      vertex -21.4351 3.46455 25.5
    endloop
  endfacet
  facet normal 0 0 1
    outer loop
      vertex -20.8375 1.45059 25.5
      vertex -21.875 3.24759 25.5
      vertex -21.0197 1.32887 25.5
    endloop
  endfacet
  facet normal -0 0 1
    outer loop
      vertex -22.2829 2.97507 25.5
      vertex -21.0197 1.32887 25.5
      vertex -21.875 3.24759 25.5
    endloop
  endfacet
  facet normal 0 0 1
    outer loop
      vertex -21.0197 1.32887 25.5
      vertex -22.2829 2.97507 25.5
      vertex -21.1844 1.1844 25.5
    endloop
  endfacet
  facet normal -0 0 1
    outer loop
      vertex -22.6516 2.65165 25.5
      vertex -21.1844 1.1844 25.5
      vertex -22.2829 2.97507 25.5
    endloop
  endfacet
  facet normal 0 0 1
    outer loop
      vertex -21.1844 1.1844 25.5
      vertex -22.6516 2.65165 25.5
      vertex -21.3289 1.01968 25.5
    endloop
  endfacet
  facet normal -0 0 1
    outer loop
      vertex -22.9751 2.28286 25.5
      vertex -21.3289 1.01968 25.5
      vertex -22.6516 2.65165 25.5
    endloop
  endfacet
  facet normal -0 0 1
    outer loop
      vertex -23.2476 1.875 25.5
      vertex -21.4506 0.8375 25.5
      vertex -22.9751 2.28286 25.5
    endloop
  endfacet
  facet normal 0 0 1
    outer loop
      vertex -21.3289 1.01968 25.5
      vertex -22.9751 2.28286 25.5
      vertex -21.4506 0.8375 25.5
    endloop
  endfacet
  facet normal 0 0 1
    outer loop
      vertex -16.7524 -1.875 25.5
      vertex -18.5494 -0.8375 25.5
      vertex -17.0249 -2.28286 25.5
    endloop
  endfacet
  facet normal -0 0 1
    outer loop
      vertex -18.6711 -1.01968 25.5
      vertex -17.0249 -2.28286 25.5
      vertex -18.5494 -0.8375 25.5
    endloop
  endfacet
  facet normal 0 0 1
    outer loop
      vertex -17.0249 -2.28286 25.5
      vertex -18.6711 -1.01968 25.5
      vertex -17.3483 -2.65165 25.5
    endloop
  endfacet
  facet normal -0 0 1
    outer loop
      vertex -18.8156 -1.1844 25.5
      vertex -17.3483 -2.65165 25.5
      vertex -18.6711 -1.01968 25.5
    endloop
  endfacet
  facet normal 0 0 1
    outer loop
      vertex -17.3483 -2.65165 25.5
      vertex -18.8156 -1.1844 25.5
      vertex -17.7171 -2.97507 25.5
    endloop
  endfacet
  facet normal -0 0 1
    outer loop
      vertex -18.9803 -1.32887 25.5
      vertex -17.7171 -2.97507 25.5
      vertex -18.8156 -1.1844 25.5
    endloop
  endfacet
  facet normal 0 0 1
    outer loop
      vertex -17.7171 -2.97507 25.5
      vertex -18.9803 -1.32887 25.5
      vertex -18.125 -3.24759 25.5
    endloop
  endfacet
  facet normal -0 0 1
    outer loop
      vertex -19.1625 -1.45059 25.5
      vertex -18.125 -3.24759 25.5
      vertex -18.9803 -1.32887 25.5
    endloop
  endfacet
  facet normal 0 0 1
    outer loop
      vertex -18.125 -3.24759 25.5
      vertex -19.1625 -1.45059 25.5
      vertex -18.5649 -3.46455 25.5
    endloop
  endfacet
  facet normal -0 0 1
    outer loop
      vertex -19.359 -1.5475 25.5
      vertex -18.5649 -3.46455 25.5
      vertex -19.1625 -1.45059 25.5
    endloop
  endfacet
  facet normal 0 0 1
    outer loop
      vertex -18.5649 -3.46455 25.5
      vertex -19.359 -1.5475 25.5
      vertex -19.0294 -3.62222 25.5
    endloop
  endfacet
  facet normal -0 0 1
    outer loop
      vertex -19.5665 -1.61793 25.5
      vertex -19.0294 -3.62222 25.5
      vertex -19.359 -1.5475 25.5
    endloop
  endfacet
  facet normal 0 0 1
    outer loop
      vertex -19.0294 -3.62222 25.5
      vertex -19.5665 -1.61793 25.5
      vertex -19.5105 -3.71792 25.5
    endloop
  endfacet
  facet normal -0 0 1
    outer loop
      vertex -19.7814 -1.66067 25.5
      vertex -19.5105 -3.71792 25.5
      vertex -19.5665 -1.61793 25.5
    endloop
  endfacet
  facet normal -0 0 1
    outer loop
      vertex -20 -1.675 25.5
      vertex -19.5105 -3.71792 25.5
      vertex -19.7814 -1.66067 25.5
    endloop
  endfacet
  facet normal 0 0 1
    outer loop
      vertex -20 -1.675 25.5
      vertex -20 -3.75 25.5
      vertex -19.5105 -3.71792 25.5
    endloop
  endfacet
  facet normal 0 0 1
    outer loop
      vertex -20.2186 -1.66067 25.5
      vertex -20 -3.75 25.5
      vertex -20 -1.675 25.5
    endloop
  endfacet
  facet normal 0 0 1
    outer loop
      vertex -20.4895 -3.71792 25.5
      vertex -20.2186 -1.66067 25.5
      vertex -20.4335 -1.61793 25.5
    endloop
  endfacet
  facet normal 0 0 1
    outer loop
      vertex -20.2186 -1.66067 25.5
      vertex -20.4895 -3.71792 25.5
      vertex -20 -3.75 25.5
    endloop
  endfacet
  facet normal 0 0 1
    outer loop
      vertex -20.9706 -3.62222 25.5
      vertex -20.4335 -1.61793 25.5
      vertex -20.641 -1.5475 25.5
    endloop
  endfacet
  facet normal 0 0 1
    outer loop
      vertex -21.4351 -3.46455 25.5
      vertex -20.641 -1.5475 25.5
      vertex -20.8375 -1.45059 25.5
    endloop
  endfacet
  facet normal 0 0 1
    outer loop
      vertex -20.4335 -1.61793 25.5
      vertex -20.9706 -3.62222 25.5
      vertex -20.4895 -3.71792 25.5
    endloop
  endfacet
  facet normal 0 0 1
    outer loop
      vertex -21.875 -3.24759 25.5
      vertex -20.8375 -1.45059 25.5
      vertex -21.0197 -1.32887 25.5
    endloop
  endfacet
  facet normal 0 0 1
    outer loop
      vertex -22.2829 -2.97507 25.5
      vertex -21.0197 -1.32887 25.5
      vertex -21.1844 -1.1844 25.5
    endloop
  endfacet
  facet normal 0 0 1
    outer loop
      vertex -22.6516 -2.65165 25.5
      vertex -21.1844 -1.1844 25.5
      vertex -21.3289 -1.01968 25.5
    endloop
  endfacet
  facet normal 0 0 1
    outer loop
      vertex -20.641 -1.5475 25.5
      vertex -21.4351 -3.46455 25.5
      vertex -20.9706 -3.62222 25.5
    endloop
  endfacet
  facet normal 0 0 1
    outer loop
      vertex -22.9751 -2.28286 25.5
      vertex -21.3289 -1.01968 25.5
      vertex -21.4506 -0.8375 25.5
    endloop
  endfacet
  facet normal 0 0 1
    outer loop
      vertex -23.2476 -1.875 25.5
      vertex -21.4506 -0.8375 25.5
      vertex -21.5475 -0.640994 25.5
    endloop
  endfacet
  facet normal 0 0 1
    outer loop
      vertex -23.4645 -1.43506 25.5
      vertex -21.5475 -0.640994 25.5
      vertex -21.6179 -0.433521 25.5
    endloop
  endfacet
  facet normal 0 0 1
    outer loop
      vertex -23.6222 -0.970571 25.5
      vertex -21.6179 -0.433521 25.5
      vertex -21.6607 -0.218631 25.5
    endloop
  endfacet
  facet normal 0 0 1
    outer loop
      vertex -20.8375 -1.45059 25.5
      vertex -21.875 -3.24759 25.5
      vertex -21.4351 -3.46455 25.5
    endloop
  endfacet
  facet normal 0 0 1
    outer loop
      vertex -23.7179 -0.489472 25.5
      vertex -21.6607 -0.218631 25.5
      vertex -21.675 0 25.5
    endloop
  endfacet
  facet normal 0 0 1
    outer loop
      vertex -21.4506 0.8375 25.5
      vertex -23.2476 1.875 25.5
      vertex -21.5475 0.640994 25.5
    endloop
  endfacet
  facet normal -0 0 1
    outer loop
      vertex -23.4645 1.43506 25.5
      vertex -21.5475 0.640994 25.5
      vertex -23.2476 1.875 25.5
    endloop
  endfacet
  facet normal 0 0 1
    outer loop
      vertex -21.0197 -1.32887 25.5
      vertex -22.2829 -2.97507 25.5
      vertex -21.875 -3.24759 25.5
    endloop
  endfacet
  facet normal 0 0 1
    outer loop
      vertex -21.5475 0.640994 25.5
      vertex -23.4645 1.43506 25.5
      vertex -21.6179 0.433521 25.5
    endloop
  endfacet
  facet normal 0 0 1
    outer loop
      vertex -21.1844 -1.1844 25.5
      vertex -22.6516 -2.65165 25.5
      vertex -22.2829 -2.97507 25.5
    endloop
  endfacet
  facet normal -0 0 1
    outer loop
      vertex -23.6222 0.970571 25.5
      vertex -21.6179 0.433521 25.5
      vertex -23.4645 1.43506 25.5
    endloop
  endfacet
  facet normal 0 0 1
    outer loop
      vertex -21.3289 -1.01968 25.5
      vertex -22.9751 -2.28286 25.5
      vertex -22.6516 -2.65165 25.5
    endloop
  endfacet
  facet normal 0 0 1
    outer loop
      vertex -21.6179 0.433521 25.5
      vertex -23.6222 0.970571 25.5
      vertex -21.6607 0.218631 25.5
    endloop
  endfacet
  facet normal 0 0 1
    outer loop
      vertex -21.4506 -0.8375 25.5
      vertex -23.2476 -1.875 25.5
      vertex -22.9751 -2.28286 25.5
    endloop
  endfacet
  facet normal -0 0 1
    outer loop
      vertex -23.7179 0.489472 25.5
      vertex -21.6607 0.218631 25.5
      vertex -23.6222 0.970571 25.5
    endloop
  endfacet
  facet normal 0 0 1
    outer loop
      vertex -21.5475 -0.640994 25.5
      vertex -23.4645 -1.43506 25.5
      vertex -23.2476 -1.875 25.5
    endloop
  endfacet
  facet normal 0 0 1
    outer loop
      vertex -21.6607 0.218631 25.5
      vertex -23.7179 0.489472 25.5
      vertex -21.675 0 25.5
    endloop
  endfacet
  facet normal 0 0 1
    outer loop
      vertex -21.6179 -0.433521 25.5
      vertex -23.6222 -0.970571 25.5
      vertex -23.4645 -1.43506 25.5
    endloop
  endfacet
  facet normal 0 0 1
    outer loop
      vertex -23.75 0 25.5
      vertex -21.675 0 25.5
      vertex -23.7179 0.489472 25.5
    endloop
  endfacet
  facet normal 0 0 1
    outer loop
      vertex -21.6607 -0.218631 25.5
      vertex -23.7179 -0.489472 25.5
      vertex -23.6222 -0.970571 25.5
    endloop
  endfacet
  facet normal 0 0 1
    outer loop
      vertex -21.675 0 25.5
      vertex -23.75 0 25.5
      vertex -23.7179 -0.489472 25.5
    endloop
  endfacet
  facet normal -0.831492 -0.555537 5.05613e-18
    outer loop
      vertex -16.7524 1.875 25.5
      vertex -17.0249 2.28286 28
      vertex -17.0249 2.28286 25.5
    endloop
  endfacet
  facet normal -0.831492 -0.555537 5.05613e-18
    outer loop
      vertex -17.0249 2.28286 28
      vertex -16.7524 1.875 25.5
      vertex -16.7524 1.875 28
    endloop
  endfacet
  facet normal -0.321428 -0.946934 0
    outer loop
      vertex -19.0294 3.62222 25.5
      vertex -18.5649 3.46455 28
      vertex -19.0294 3.62222 28
    endloop
  endfacet
  facet normal -0.321428 -0.946934 -0
    outer loop
      vertex -18.5649 3.46455 28
      vertex -19.0294 3.62222 25.5
      vertex -18.5649 3.46455 25.5
    endloop
  endfacet
  facet normal -0.195097 -0.980784 0
    outer loop
      vertex -19.5105 3.71792 25.5
      vertex -19.0294 3.62222 28
      vertex -19.5105 3.71792 28
    endloop
  endfacet
  facet normal -0.195097 -0.980784 -0
    outer loop
      vertex -19.0294 3.62222 28
      vertex -19.5105 3.71792 25.5
      vertex -19.0294 3.62222 25.5
    endloop
  endfacet
  facet normal -0.555528 -0.831498 0
    outer loop
      vertex -18.125 3.24759 25.5
      vertex -17.7171 2.97507 28
      vertex -18.125 3.24759 28
    endloop
  endfacet
  facet normal -0.555528 -0.831498 -0
    outer loop
      vertex -17.7171 2.97507 28
      vertex -18.125 3.24759 25.5
      vertex -17.7171 2.97507 25.5
    endloop
  endfacet
  facet normal 0.831492 -0.555537 -5.05613e-18
    outer loop
      vertex -23.2476 1.875 28
      vertex -22.9751 2.28286 25.5
      vertex -22.9751 2.28286 28
    endloop
  endfacet
  facet normal 0.831492 -0.555537 -5.05613e-18
    outer loop
      vertex -22.9751 2.28286 25.5
      vertex -23.2476 1.875 28
      vertex -23.2476 1.875 25.5
    endloop
  endfacet
  facet normal 0.751759 -0.659438 -3.8124e-19
    outer loop
      vertex -22.9751 2.28286 28
      vertex -22.6516 2.65165 25.5
      vertex -22.6516 2.65165 28
    endloop
  endfacet
  facet normal 0.751759 -0.659438 -3.8124e-19
    outer loop
      vertex -22.6516 2.65165 25.5
      vertex -22.9751 2.28286 28
      vertex -22.9751 2.28286 25.5
    endloop
  endfacet
  facet normal 0.980784 -0.195097 -2.43961e-18
    outer loop
      vertex -23.7179 0.489472 28
      vertex -23.6222 0.970571 25.5
      vertex -23.6222 0.970571 28
    endloop
  endfacet
  facet normal 0.980784 -0.195097 -2.43961e-18
    outer loop
      vertex -23.6222 0.970571 25.5
      vertex -23.7179 0.489472 28
      vertex -23.7179 0.489472 25.5
    endloop
  endfacet
  facet normal 0.555528 -0.831498 0
    outer loop
      vertex -22.2829 2.97507 25.5
      vertex -21.875 3.24759 28
      vertex -22.2829 2.97507 28
    endloop
  endfacet
  facet normal 0.555528 -0.831498 0
    outer loop
      vertex -21.875 3.24759 28
      vertex -22.2829 2.97507 25.5
      vertex -21.875 3.24759 25.5
    endloop
  endfacet
  facet normal 0.065396 -0.997859 0
    outer loop
      vertex -20.4895 3.71792 25.5
      vertex -20 3.75 28
      vertex -20.4895 3.71792 28
    endloop
  endfacet
  facet normal 0.065396 -0.997859 0
    outer loop
      vertex -20 3.75 28
      vertex -20.4895 3.71792 25.5
      vertex -20 3.75 25.5
    endloop
  endfacet
  facet normal -0.195097 0.980784 0
    outer loop
      vertex -19.0294 -3.62222 25.5
      vertex -19.5105 -3.71792 28
      vertex -19.0294 -3.62222 28
    endloop
  endfacet
  facet normal -0.195097 0.980784 0
    outer loop
      vertex -19.5105 -3.71792 28
      vertex -19.0294 -3.62222 25.5
      vertex -19.5105 -3.71792 25.5
    endloop
  endfacet
  facet normal -0.659336 0.751849 0
    outer loop
      vertex -17.3483 -2.65165 25.5
      vertex -17.7171 -2.97507 28
      vertex -17.3483 -2.65165 28
    endloop
  endfacet
  facet normal -0.659336 0.751849 0
    outer loop
      vertex -17.7171 -2.97507 28
      vertex -17.3483 -2.65165 25.5
      vertex -17.7171 -2.97507 25.5
    endloop
  endfacet
  facet normal -0.44233 0.896852 0
    outer loop
      vertex -18.125 -3.24759 25.5
      vertex -18.5649 -3.46455 28
      vertex -18.125 -3.24759 28
    endloop
  endfacet
  facet normal -0.44233 0.896852 0
    outer loop
      vertex -18.5649 -3.46455 28
      vertex -18.125 -3.24759 25.5
      vertex -18.5649 -3.46455 25.5
    endloop
  endfacet
  facet normal -0.75186 0.659323 -8.06791e-19
    outer loop
      vertex -17.3483 -2.65165 25.5
      vertex -17.0249 -2.28286 28
      vertex -17.0249 -2.28286 25.5
    endloop
  endfacet
  facet normal -0.75186 0.659323 -8.06791e-19
    outer loop
      vertex -17.0249 -2.28286 28
      vertex -17.3483 -2.65165 25.5
      vertex -17.3483 -2.65165 28
    endloop
  endfacet
  facet normal -0.896836 0.442363 -5.12212e-18
    outer loop
      vertex -16.7524 -1.875 25.5
      vertex -16.5354 -1.43506 28
      vertex -16.5354 -1.43506 25.5
    endloop
  endfacet
  facet normal -0.896836 0.442363 -5.12212e-18
    outer loop
      vertex -16.5354 -1.43506 28
      vertex -16.7524 -1.875 25.5
      vertex -16.7524 -1.875 28
    endloop
  endfacet
  facet normal 0.659437 0.75176 -0
    outer loop
      vertex -22.2829 -2.97507 25.5
      vertex -22.6516 -2.65165 28
      vertex -22.2829 -2.97507 28
    endloop
  endfacet
  facet normal 0.659437 0.75176 0
    outer loop
      vertex -22.6516 -2.65165 28
      vertex -22.2829 -2.97507 25.5
      vertex -22.6516 -2.65165 25.5
    endloop
  endfacet
  facet normal 0.44233 0.896852 -0
    outer loop
      vertex -21.4351 -3.46455 25.5
      vertex -21.875 -3.24759 28
      vertex -21.4351 -3.46455 28
    endloop
  endfacet
  facet normal 0.44233 0.896852 0
    outer loop
      vertex -21.875 -3.24759 28
      vertex -21.4351 -3.46455 25.5
      vertex -21.875 -3.24759 25.5
    endloop
  endfacet
  facet normal 0.195097 0.980784 -0
    outer loop
      vertex -20.4895 -3.71792 25.5
      vertex -20.9706 -3.62222 28
      vertex -20.4895 -3.71792 28
    endloop
  endfacet
  facet normal 0.195097 0.980784 0
    outer loop
      vertex -20.9706 -3.62222 28
      vertex -20.4895 -3.71792 25.5
      vertex -20.9706 -3.62222 25.5
    endloop
  endfacet
  facet normal 0.831492 0.555537 5.05613e-18
    outer loop
      vertex -22.9751 -2.28286 28
      vertex -23.2476 -1.875 25.5
      vertex -23.2476 -1.875 28
    endloop
  endfacet
  facet normal 0.831492 0.555537 5.05613e-18
    outer loop
      vertex -23.2476 -1.875 25.5
      vertex -22.9751 -2.28286 28
      vertex -22.9751 -2.28286 25.5
    endloop
  endfacet
  facet normal 0.946913 0.321489 1.2488e-18
    outer loop
      vertex -23.4645 -1.43506 28
      vertex -23.6222 -0.970571 25.5
      vertex -23.6222 -0.970571 28
    endloop
  endfacet
  facet normal 0.946913 0.321489 1.2488e-18
    outer loop
      vertex -23.6222 -0.970571 25.5
      vertex -23.4645 -1.43506 28
      vertex -23.4645 -1.43506 25.5
    endloop
  endfacet
  facet normal 0.997856 0.0654403 5.30471e-19
    outer loop
      vertex -23.7179 -0.489472 28
      vertex -23.75 0 25.5
      vertex -23.75 0 28
    endloop
  endfacet
  facet normal 0.997856 0.0654403 5.30471e-19
    outer loop
      vertex -23.75 0 25.5
      vertex -23.7179 -0.489472 28
      vertex -23.7179 -0.489472 25.5
    endloop
  endfacet
  facet normal -0.321428 0.946934 0
    outer loop
      vertex -18.5649 -3.46455 25.5
      vertex -19.0294 -3.62222 28
      vertex -18.5649 -3.46455 28
    endloop
  endfacet
  facet normal -0.321428 0.946934 0
    outer loop
      vertex -19.0294 -3.62222 28
      vertex -18.5649 -3.46455 25.5
      vertex -19.0294 -3.62222 25.5
    endloop
  endfacet
  facet normal -0.555528 0.831498 0
    outer loop
      vertex -17.7171 -2.97507 25.5
      vertex -18.125 -3.24759 28
      vertex -17.7171 -2.97507 28
    endloop
  endfacet
  facet normal -0.555528 0.831498 0
    outer loop
      vertex -18.125 -3.24759 28
      vertex -17.7171 -2.97507 25.5
      vertex -18.125 -3.24759 25.5
    endloop
  endfacet
  facet normal -0.831492 0.555537 -5.05613e-18
    outer loop
      vertex -17.0249 -2.28286 25.5
      vertex -16.7524 -1.875 28
      vertex -16.7524 -1.875 25.5
    endloop
  endfacet
  facet normal -0.831492 0.555537 -5.05613e-18
    outer loop
      vertex -16.7524 -1.875 28
      vertex -17.0249 -2.28286 25.5
      vertex -17.0249 -2.28286 28
    endloop
  endfacet
  facet normal -0.980784 0.195097 -2.43961e-18
    outer loop
      vertex -16.3778 -0.970571 25.5
      vertex -16.2821 -0.489472 28
      vertex -16.2821 -0.489472 25.5
    endloop
  endfacet
  facet normal -0.980784 0.195097 -2.43961e-18
    outer loop
      vertex -16.2821 -0.489472 28
      vertex -16.3778 -0.970571 25.5
      vertex -16.3778 -0.970571 28
    endloop
  endfacet
  facet normal -0.946975 0.321306 4.53135e-18
    outer loop
      vertex -16.5354 -1.43506 25.5
      vertex -16.3778 -0.970571 28
      vertex -16.3778 -0.970571 25.5
    endloop
  endfacet
  facet normal -0.946975 0.321306 4.53135e-18
    outer loop
      vertex -16.3778 -0.970571 28
      vertex -16.5354 -1.43506 25.5
      vertex -16.5354 -1.43506 28
    endloop
  endfacet
  facet normal -0.997856 0.0654403 -5.30471e-19
    outer loop
      vertex -16.2821 -0.489472 25.5
      vertex -16.25 0 28
      vertex -16.25 0 25.5
    endloop
  endfacet
  facet normal -0.997856 0.0654403 -5.30471e-19
    outer loop
      vertex -16.25 0 28
      vertex -16.2821 -0.489472 25.5
      vertex -16.2821 -0.489472 28
    endloop
  endfacet
  facet normal 0.555528 0.831498 -0
    outer loop
      vertex -21.875 -3.24759 25.5
      vertex -22.2829 -2.97507 28
      vertex -21.875 -3.24759 28
    endloop
  endfacet
  facet normal 0.555528 0.831498 0
    outer loop
      vertex -22.2829 -2.97507 28
      vertex -21.875 -3.24759 25.5
      vertex -22.2829 -2.97507 25.5
    endloop
  endfacet
  facet normal 0.751759 0.659438 3.8124e-19
    outer loop
      vertex -22.6516 -2.65165 28
      vertex -22.9751 -2.28286 25.5
      vertex -22.9751 -2.28286 28
    endloop
  endfacet
  facet normal 0.751759 0.659438 3.8124e-19
    outer loop
      vertex -22.9751 -2.28286 25.5
      vertex -22.6516 -2.65165 28
      vertex -22.6516 -2.65165 25.5
    endloop
  endfacet
  facet normal 0.980784 0.195097 2.43961e-18
    outer loop
      vertex -23.6222 -0.970571 28
      vertex -23.7179 -0.489472 25.5
      vertex -23.7179 -0.489472 28
    endloop
  endfacet
  facet normal 0.980784 0.195097 2.43961e-18
    outer loop
      vertex -23.7179 -0.489472 25.5
      vertex -23.6222 -0.970571 28
      vertex -23.6222 -0.970571 25.5
    endloop
  endfacet
  facet normal -0.896917 -0.442199 2.70773e-18
    outer loop
      vertex 23.4645 1.43506 25.5
      vertex 23.2476 1.875 28
      vertex 23.2476 1.875 25.5
    endloop
  endfacet
  facet normal -0.896917 -0.442199 2.70773e-18
    outer loop
      vertex 23.2476 1.875 28
      vertex 23.4645 1.43506 25.5
      vertex 23.4645 1.43506 28
    endloop
  endfacet
  facet normal -0.831492 -0.555537 5.05613e-18
    outer loop
      vertex 23.2476 1.875 25.5
      vertex 22.9751 2.28286 28
      vertex 22.9751 2.28286 25.5
    endloop
  endfacet
  facet normal -0.831492 -0.555537 5.05613e-18
    outer loop
      vertex 22.9751 2.28286 28
      vertex 23.2476 1.875 25.5
      vertex 23.2476 1.875 28
    endloop
  endfacet
  facet normal -0.321428 -0.946934 0
    outer loop
      vertex 20.9706 3.62222 25.5
      vertex 21.4351 3.46455 28
      vertex 20.9706 3.62222 28
    endloop
  endfacet
  facet normal -0.321428 -0.946934 -0
    outer loop
      vertex 21.4351 3.46455 28
      vertex 20.9706 3.62222 25.5
      vertex 21.4351 3.46455 25.5
    endloop
  endfacet
  facet normal 0.44233 -0.896852 0
    outer loop
      vertex 18.125 3.24759 25.5
      vertex 18.5649 3.46455 28
      vertex 18.125 3.24759 28
    endloop
  endfacet
  facet normal 0.44233 -0.896852 0
    outer loop
      vertex 18.5649 3.46455 28
      vertex 18.125 3.24759 25.5
      vertex 18.5649 3.46455 25.5
    endloop
  endfacet
  facet normal 0.946975 -0.321306 4.53135e-18
    outer loop
      vertex 16.3778 0.970571 28
      vertex 16.5354 1.43506 25.5
      vertex 16.5354 1.43506 28
    endloop
  endfacet
  facet normal 0.946975 -0.321306 4.53135e-18
    outer loop
      vertex 16.5354 1.43506 25.5
      vertex 16.3778 0.970571 28
      vertex 16.3778 0.970571 25.5
    endloop
  endfacet
  facet normal -0.980784 0.195097 -2.43961e-18
    outer loop
      vertex 23.6222 -0.970571 25.5
      vertex 23.7179 -0.489472 28
      vertex 23.7179 -0.489472 25.5
    endloop
  endfacet
  facet normal -0.980784 0.195097 -2.43961e-18
    outer loop
      vertex 23.7179 -0.489472 28
      vertex 23.6222 -0.970571 25.5
      vertex 23.6222 -0.970571 28
    endloop
  endfacet
  facet normal -0.659437 -0.75176 0
    outer loop
      vertex 22.2829 2.97507 25.5
      vertex 22.6516 2.65165 28
      vertex 22.2829 2.97507 28
    endloop
  endfacet
  facet normal -0.659437 -0.75176 -0
    outer loop
      vertex 22.6516 2.65165 28
      vertex 22.2829 2.97507 25.5
      vertex 22.6516 2.65165 25.5
    endloop
  endfacet
  facet normal 0.065396 -0.997859 0
    outer loop
      vertex 19.5105 3.71792 25.5
      vertex 20 3.75 28
      vertex 19.5105 3.71792 28
    endloop
  endfacet
  facet normal 0.065396 -0.997859 0
    outer loop
      vertex 20 3.75 28
      vertex 19.5105 3.71792 25.5
      vertex 20 3.75 25.5
    endloop
  endfacet
  facet normal -0.44233 -0.896852 0
    outer loop
      vertex 21.4351 3.46455 25.5
      vertex 21.875 3.24759 28
      vertex 21.4351 3.46455 28
    endloop
  endfacet
  facet normal -0.44233 -0.896852 -0
    outer loop
      vertex 21.875 3.24759 28
      vertex 21.4351 3.46455 25.5
      vertex 21.875 3.24759 25.5
    endloop
  endfacet
  facet normal 0 0 1
    outer loop
      vertex 21.675 0 25.5
      vertex 23.75 0 25.5
      vertex 23.7179 0.489472 25.5
    endloop
  endfacet
  facet normal 0 0 1
    outer loop
      vertex 21.6607 0.218631 25.5
      vertex 23.7179 0.489472 25.5
      vertex 23.6222 0.970571 25.5
    endloop
  endfacet
  facet normal 0 0 1
    outer loop
      vertex 23.75 0 25.5
      vertex 21.675 0 25.5
      vertex 23.7179 -0.489472 25.5
    endloop
  endfacet
  facet normal 0 0 1
    outer loop
      vertex 21.6179 0.433521 25.5
      vertex 23.6222 0.970571 25.5
      vertex 23.4645 1.43506 25.5
    endloop
  endfacet
  facet normal -0 0 1
    outer loop
      vertex 21.6607 -0.218631 25.5
      vertex 23.7179 -0.489472 25.5
      vertex 21.675 0 25.5
    endloop
  endfacet
  facet normal 0 0 1
    outer loop
      vertex 21.5475 0.640994 25.5
      vertex 23.4645 1.43506 25.5
      vertex 23.2476 1.875 25.5
    endloop
  endfacet
  facet normal 0 0 1
    outer loop
      vertex 23.7179 -0.489472 25.5
      vertex 21.6607 -0.218631 25.5
      vertex 23.6222 -0.970571 25.5
    endloop
  endfacet
  facet normal 0 0 1
    outer loop
      vertex 21.4506 0.8375 25.5
      vertex 23.2476 1.875 25.5
      vertex 22.9751 2.28286 25.5
    endloop
  endfacet
  facet normal -0 0 1
    outer loop
      vertex 21.6179 -0.433521 25.5
      vertex 23.6222 -0.970571 25.5
      vertex 21.6607 -0.218631 25.5
    endloop
  endfacet
  facet normal 0 0 1
    outer loop
      vertex 21.3289 1.01968 25.5
      vertex 22.9751 2.28286 25.5
      vertex 22.6516 2.65165 25.5
    endloop
  endfacet
  facet normal 0 0 1
    outer loop
      vertex 23.6222 -0.970571 25.5
      vertex 21.6179 -0.433521 25.5
      vertex 23.4645 -1.43506 25.5
    endloop
  endfacet
  facet normal 0 0 1
    outer loop
      vertex 21.1844 1.1844 25.5
      vertex 22.6516 2.65165 25.5
      vertex 22.2829 2.97507 25.5
    endloop
  endfacet
  facet normal -0 0 1
    outer loop
      vertex 21.5475 -0.640994 25.5
      vertex 23.4645 -1.43506 25.5
      vertex 21.6179 -0.433521 25.5
    endloop
  endfacet
  facet normal 0 0 1
    outer loop
      vertex 21.0197 1.32887 25.5
      vertex 22.2829 2.97507 25.5
      vertex 21.875 3.24759 25.5
    endloop
  endfacet
  facet normal 0 0 1
    outer loop
      vertex 23.4645 -1.43506 25.5
      vertex 21.5475 -0.640994 25.5
      vertex 23.2476 -1.875 25.5
    endloop
  endfacet
  facet normal -0 0 1
    outer loop
      vertex 21.4506 -0.8375 25.5
      vertex 23.2476 -1.875 25.5
      vertex 21.5475 -0.640994 25.5
    endloop
  endfacet
  facet normal 0 0 1
    outer loop
      vertex 23.7179 0.489472 25.5
      vertex 21.6607 0.218631 25.5
      vertex 21.675 0 25.5
    endloop
  endfacet
  facet normal 0 0 1
    outer loop
      vertex 23.6222 0.970571 25.5
      vertex 21.6179 0.433521 25.5
      vertex 21.6607 0.218631 25.5
    endloop
  endfacet
  facet normal 0 0 1
    outer loop
      vertex 23.4645 1.43506 25.5
      vertex 21.5475 0.640994 25.5
      vertex 21.6179 0.433521 25.5
    endloop
  endfacet
  facet normal 0 0 1
    outer loop
      vertex 23.2476 1.875 25.5
      vertex 21.4506 0.8375 25.5
      vertex 21.5475 0.640994 25.5
    endloop
  endfacet
  facet normal 0 0 1
    outer loop
      vertex 20.8375 1.45059 25.5
      vertex 21.875 3.24759 25.5
      vertex 21.4351 3.46455 25.5
    endloop
  endfacet
  facet normal 0 0 1
    outer loop
      vertex 22.9751 2.28286 25.5
      vertex 21.3289 1.01968 25.5
      vertex 21.4506 0.8375 25.5
    endloop
  endfacet
  facet normal 0 0 1
    outer loop
      vertex 22.6516 2.65165 25.5
      vertex 21.1844 1.1844 25.5
      vertex 21.3289 1.01968 25.5
    endloop
  endfacet
  facet normal 0 0 1
    outer loop
      vertex 22.2829 2.97507 25.5
      vertex 21.0197 1.32887 25.5
      vertex 21.1844 1.1844 25.5
    endloop
  endfacet
  facet normal 0 0 1
    outer loop
      vertex 20.641 1.5475 25.5
      vertex 21.4351 3.46455 25.5
      vertex 20.9706 3.62222 25.5
    endloop
  endfacet
  facet normal 0 0 1
    outer loop
      vertex 21.875 3.24759 25.5
      vertex 20.8375 1.45059 25.5
      vertex 21.0197 1.32887 25.5
    endloop
  endfacet
  facet normal 0 0 1
    outer loop
      vertex 21.4351 3.46455 25.5
      vertex 20.641 1.5475 25.5
      vertex 20.8375 1.45059 25.5
    endloop
  endfacet
  facet normal 0 0 1
    outer loop
      vertex 20.4335 1.61793 25.5
      vertex 20.9706 3.62222 25.5
      vertex 20.4895 3.71792 25.5
    endloop
  endfacet
  facet normal 0 0 1
    outer loop
      vertex 20.9706 3.62222 25.5
      vertex 20.4335 1.61793 25.5
      vertex 20.641 1.5475 25.5
    endloop
  endfacet
  facet normal 0 0 1
    outer loop
      vertex 20.4895 3.71792 25.5
      vertex 20.2186 1.66067 25.5
      vertex 20.4335 1.61793 25.5
    endloop
  endfacet
  facet normal 0 0 1
    outer loop
      vertex 20 3.75 25.5
      vertex 20.2186 1.66067 25.5
      vertex 20.4895 3.71792 25.5
    endloop
  endfacet
  facet normal 0 0 1
    outer loop
      vertex 20 3.75 25.5
      vertex 20 1.675 25.5
      vertex 20.2186 1.66067 25.5
    endloop
  endfacet
  facet normal 0 0 1
    outer loop
      vertex 20 3.75 25.5
      vertex 19.7814 1.66067 25.5
      vertex 20 1.675 25.5
    endloop
  endfacet
  facet normal -0 0 1
    outer loop
      vertex 19.5105 3.71792 25.5
      vertex 19.7814 1.66067 25.5
      vertex 20 3.75 25.5
    endloop
  endfacet
  facet normal 0 0 1
    outer loop
      vertex 19.7814 1.66067 25.5
      vertex 19.5105 3.71792 25.5
      vertex 19.5665 1.61793 25.5
    endloop
  endfacet
  facet normal -0 0 1
    outer loop
      vertex 19.0294 3.62222 25.5
      vertex 19.5665 1.61793 25.5
      vertex 19.5105 3.71792 25.5
    endloop
  endfacet
  facet normal 0 0 1
    outer loop
      vertex 19.5665 1.61793 25.5
      vertex 19.0294 3.62222 25.5
      vertex 19.359 1.5475 25.5
    endloop
  endfacet
  facet normal -0 0 1
    outer loop
      vertex 18.5649 3.46455 25.5
      vertex 19.359 1.5475 25.5
      vertex 19.0294 3.62222 25.5
    endloop
  endfacet
  facet normal 0 0 1
    outer loop
      vertex 19.359 1.5475 25.5
      vertex 18.5649 3.46455 25.5
      vertex 19.1625 1.45059 25.5
    endloop
  endfacet
  facet normal -0 0 1
    outer loop
      vertex 18.125 3.24759 25.5
      vertex 19.1625 1.45059 25.5
      vertex 18.5649 3.46455 25.5
    endloop
  endfacet
  facet normal 0 0 1
    outer loop
      vertex 19.1625 1.45059 25.5
      vertex 18.125 3.24759 25.5
      vertex 18.9803 1.32887 25.5
    endloop
  endfacet
  facet normal -0 0 1
    outer loop
      vertex 17.7171 2.97507 25.5
      vertex 18.9803 1.32887 25.5
      vertex 18.125 3.24759 25.5
    endloop
  endfacet
  facet normal 0 0 1
    outer loop
      vertex 18.9803 1.32887 25.5
      vertex 17.7171 2.97507 25.5
      vertex 18.8156 1.1844 25.5
    endloop
  endfacet
  facet normal -0 0 1
    outer loop
      vertex 17.3483 2.65165 25.5
      vertex 18.8156 1.1844 25.5
      vertex 17.7171 2.97507 25.5
    endloop
  endfacet
  facet normal 0 0 1
    outer loop
      vertex 18.8156 1.1844 25.5
      vertex 17.3483 2.65165 25.5
      vertex 18.6711 1.01968 25.5
    endloop
  endfacet
  facet normal -0 0 1
    outer loop
      vertex 17.0249 2.28286 25.5
      vertex 18.6711 1.01968 25.5
      vertex 17.3483 2.65165 25.5
    endloop
  endfacet
  facet normal -0 0 1
    outer loop
      vertex 16.7524 1.875 25.5
      vertex 18.5494 0.8375 25.5
      vertex 17.0249 2.28286 25.5
    endloop
  endfacet
  facet normal 0 0 1
    outer loop
      vertex 18.6711 1.01968 25.5
      vertex 17.0249 2.28286 25.5
      vertex 18.5494 0.8375 25.5
    endloop
  endfacet
  facet normal 0 0 1
    outer loop
      vertex 23.2476 -1.875 25.5
      vertex 21.4506 -0.8375 25.5
      vertex 22.9751 -2.28286 25.5
    endloop
  endfacet
  facet normal -0 0 1
    outer loop
      vertex 21.3289 -1.01968 25.5
      vertex 22.9751 -2.28286 25.5
      vertex 21.4506 -0.8375 25.5
    endloop
  endfacet
  facet normal 0 0 1
    outer loop
      vertex 22.9751 -2.28286 25.5
      vertex 21.3289 -1.01968 25.5
      vertex 22.6516 -2.65165 25.5
    endloop
  endfacet
  facet normal -0 0 1
    outer loop
      vertex 21.1844 -1.1844 25.5
      vertex 22.6516 -2.65165 25.5
      vertex 21.3289 -1.01968 25.5
    endloop
  endfacet
  facet normal 0 0 1
    outer loop
      vertex 22.6516 -2.65165 25.5
      vertex 21.1844 -1.1844 25.5
      vertex 22.2829 -2.97507 25.5
    endloop
  endfacet
  facet normal -0 0 1
    outer loop
      vertex 21.0197 -1.32887 25.5
      vertex 22.2829 -2.97507 25.5
      vertex 21.1844 -1.1844 25.5
    endloop
  endfacet
  facet normal 0 0 1
    outer loop
      vertex 22.2829 -2.97507 25.5
      vertex 21.0197 -1.32887 25.5
      vertex 21.875 -3.24759 25.5
    endloop
  endfacet
  facet normal -0 0 1
    outer loop
      vertex 20.8375 -1.45059 25.5
      vertex 21.875 -3.24759 25.5
      vertex 21.0197 -1.32887 25.5
    endloop
  endfacet
  facet normal 0 0 1
    outer loop
      vertex 21.875 -3.24759 25.5
      vertex 20.8375 -1.45059 25.5
      vertex 21.4351 -3.46455 25.5
    endloop
  endfacet
  facet normal -0 0 1
    outer loop
      vertex 20.641 -1.5475 25.5
      vertex 21.4351 -3.46455 25.5
      vertex 20.8375 -1.45059 25.5
    endloop
  endfacet
  facet normal 0 0 1
    outer loop
      vertex 21.4351 -3.46455 25.5
      vertex 20.641 -1.5475 25.5
      vertex 20.9706 -3.62222 25.5
    endloop
  endfacet
  facet normal -0 0 1
    outer loop
      vertex 20.4335 -1.61793 25.5
      vertex 20.9706 -3.62222 25.5
      vertex 20.641 -1.5475 25.5
    endloop
  endfacet
  facet normal 0 0 1
    outer loop
      vertex 20.9706 -3.62222 25.5
      vertex 20.4335 -1.61793 25.5
      vertex 20.4895 -3.71792 25.5
    endloop
  endfacet
  facet normal -0 0 1
    outer loop
      vertex 20.2186 -1.66067 25.5
      vertex 20.4895 -3.71792 25.5
      vertex 20.4335 -1.61793 25.5
    endloop
  endfacet
  facet normal -0 0 1
    outer loop
      vertex 20 -1.675 25.5
      vertex 20.4895 -3.71792 25.5
      vertex 20.2186 -1.66067 25.5
    endloop
  endfacet
  facet normal 0 0 1
    outer loop
      vertex 20 -1.675 25.5
      vertex 20 -3.75 25.5
      vertex 20.4895 -3.71792 25.5
    endloop
  endfacet
  facet normal 0 0 1
    outer loop
      vertex 19.7814 -1.66067 25.5
      vertex 20 -3.75 25.5
      vertex 20 -1.675 25.5
    endloop
  endfacet
  facet normal 0 0 1
    outer loop
      vertex 19.5105 -3.71792 25.5
      vertex 19.7814 -1.66067 25.5
      vertex 19.5665 -1.61793 25.5
    endloop
  endfacet
  facet normal 0 0 1
    outer loop
      vertex 19.7814 -1.66067 25.5
      vertex 19.5105 -3.71792 25.5
      vertex 20 -3.75 25.5
    endloop
  endfacet
  facet normal 0 0 1
    outer loop
      vertex 19.0294 -3.62222 25.5
      vertex 19.5665 -1.61793 25.5
      vertex 19.359 -1.5475 25.5
    endloop
  endfacet
  facet normal 0 0 1
    outer loop
      vertex 18.5649 -3.46455 25.5
      vertex 19.359 -1.5475 25.5
      vertex 19.1625 -1.45059 25.5
    endloop
  endfacet
  facet normal 0 0 1
    outer loop
      vertex 19.5665 -1.61793 25.5
      vertex 19.0294 -3.62222 25.5
      vertex 19.5105 -3.71792 25.5
    endloop
  endfacet
  facet normal 0 0 1
    outer loop
      vertex 18.125 -3.24759 25.5
      vertex 19.1625 -1.45059 25.5
      vertex 18.9803 -1.32887 25.5
    endloop
  endfacet
  facet normal 0 0 1
    outer loop
      vertex 17.7171 -2.97507 25.5
      vertex 18.9803 -1.32887 25.5
      vertex 18.8156 -1.1844 25.5
    endloop
  endfacet
  facet normal 0 0 1
    outer loop
      vertex 17.3483 -2.65165 25.5
      vertex 18.8156 -1.1844 25.5
      vertex 18.6711 -1.01968 25.5
    endloop
  endfacet
  facet normal 0 0 1
    outer loop
      vertex 19.359 -1.5475 25.5
      vertex 18.5649 -3.46455 25.5
      vertex 19.0294 -3.62222 25.5
    endloop
  endfacet
  facet normal 0 0 1
    outer loop
      vertex 17.0249 -2.28286 25.5
      vertex 18.6711 -1.01968 25.5
      vertex 18.5494 -0.8375 25.5
    endloop
  endfacet
  facet normal 0 0 1
    outer loop
      vertex 16.7524 -1.875 25.5
      vertex 18.5494 -0.8375 25.5
      vertex 18.4525 -0.640994 25.5
    endloop
  endfacet
  facet normal 0 0 1
    outer loop
      vertex 16.5354 -1.43506 25.5
      vertex 18.4525 -0.640994 25.5
      vertex 18.3821 -0.433521 25.5
    endloop
  endfacet
  facet normal 0 0 1
    outer loop
      vertex 16.3778 -0.970571 25.5
      vertex 18.3821 -0.433521 25.5
      vertex 18.3393 -0.218631 25.5
    endloop
  endfacet
  facet normal 0 0 1
    outer loop
      vertex 19.1625 -1.45059 25.5
      vertex 18.125 -3.24759 25.5
      vertex 18.5649 -3.46455 25.5
    endloop
  endfacet
  facet normal 0 0 1
    outer loop
      vertex 16.2821 -0.489472 25.5
      vertex 18.3393 -0.218631 25.5
      vertex 18.325 0 25.5
    endloop
  endfacet
  facet normal 0 0 1
    outer loop
      vertex 18.5494 0.8375 25.5
      vertex 16.7524 1.875 25.5
      vertex 18.4525 0.640994 25.5
    endloop
  endfacet
  facet normal -0 0 1
    outer loop
      vertex 16.5354 1.43506 25.5
      vertex 18.4525 0.640994 25.5
      vertex 16.7524 1.875 25.5
    endloop
  endfacet
  facet normal 0 0 1
    outer loop
      vertex 18.9803 -1.32887 25.5
      vertex 17.7171 -2.97507 25.5
      vertex 18.125 -3.24759 25.5
    endloop
  endfacet
  facet normal 0 0 1
    outer loop
      vertex 18.4525 0.640994 25.5
      vertex 16.5354 1.43506 25.5
      vertex 18.3821 0.433521 25.5
    endloop
  endfacet
  facet normal 0 0 1
    outer loop
      vertex 18.8156 -1.1844 25.5
      vertex 17.3483 -2.65165 25.5
      vertex 17.7171 -2.97507 25.5
    endloop
  endfacet
  facet normal -0 0 1
    outer loop
      vertex 16.3778 0.970571 25.5
      vertex 18.3821 0.433521 25.5
      vertex 16.5354 1.43506 25.5
    endloop
  endfacet
  facet normal 0 0 1
    outer loop
      vertex 18.6711 -1.01968 25.5
      vertex 17.0249 -2.28286 25.5
      vertex 17.3483 -2.65165 25.5
    endloop
  endfacet
  facet normal 0 0 1
    outer loop
      vertex 18.3821 0.433521 25.5
      vertex 16.3778 0.970571 25.5
      vertex 18.3393 0.218631 25.5
    endloop
  endfacet
  facet normal 0 0 1
    outer loop
      vertex 18.5494 -0.8375 25.5
      vertex 16.7524 -1.875 25.5
      vertex 17.0249 -2.28286 25.5
    endloop
  endfacet
  facet normal -0 0 1
    outer loop
      vertex 16.2821 0.489472 25.5
      vertex 18.3393 0.218631 25.5
      vertex 16.3778 0.970571 25.5
    endloop
  endfacet
  facet normal 0 0 1
    outer loop
      vertex 18.4525 -0.640994 25.5
      vertex 16.5354 -1.43506 25.5
      vertex 16.7524 -1.875 25.5
    endloop
  endfacet
  facet normal 0 0 1
    outer loop
      vertex 18.3393 0.218631 25.5
      vertex 16.2821 0.489472 25.5
      vertex 18.325 0 25.5
    endloop
  endfacet
  facet normal 0 0 1
    outer loop
      vertex 18.3821 -0.433521 25.5
      vertex 16.3778 -0.970571 25.5
      vertex 16.5354 -1.43506 25.5
    endloop
  endfacet
  facet normal 0 0 1
    outer loop
      vertex 16.25 0 25.5
      vertex 18.325 0 25.5
      vertex 16.2821 0.489472 25.5
    endloop
  endfacet
  facet normal 0 0 1
    outer loop
      vertex 18.3393 -0.218631 25.5
      vertex 16.2821 -0.489472 25.5
      vertex 16.3778 -0.970571 25.5
    endloop
  endfacet
  facet normal 0 0 1
    outer loop
      vertex 18.325 0 25.5
      vertex 16.25 0 25.5
      vertex 16.2821 -0.489472 25.5
    endloop
  endfacet
  facet normal 0.997856 -0.0654403 -5.30471e-19
    outer loop
      vertex 16.25 0 28
      vertex 16.2821 0.489472 25.5
      vertex 16.2821 0.489472 28
    endloop
  endfacet
  facet normal 0.997856 -0.0654403 -5.30471e-19
    outer loop
      vertex 16.2821 0.489472 25.5
      vertex 16.25 0 28
      vertex 16.25 0 25.5
    endloop
  endfacet
  facet normal 0.831492 -0.555537 -5.05613e-18
    outer loop
      vertex 16.7524 1.875 28
      vertex 17.0249 2.28286 25.5
      vertex 17.0249 2.28286 28
    endloop
  endfacet
  facet normal 0.831492 -0.555537 -5.05613e-18
    outer loop
      vertex 17.0249 2.28286 25.5
      vertex 16.7524 1.875 28
      vertex 16.7524 1.875 25.5
    endloop
  endfacet
  facet normal 0.321428 -0.946934 0
    outer loop
      vertex 18.5649 3.46455 25.5
      vertex 19.0294 3.62222 28
      vertex 18.5649 3.46455 28
    endloop
  endfacet
  facet normal 0.321428 -0.946934 0
    outer loop
      vertex 19.0294 3.62222 28
      vertex 18.5649 3.46455 25.5
      vertex 19.0294 3.62222 25.5
    endloop
  endfacet
  facet normal 0.75186 -0.659323 -8.06791e-19
    outer loop
      vertex 17.0249 2.28286 28
      vertex 17.3483 2.65165 25.5
      vertex 17.3483 2.65165 28
    endloop
  endfacet
  facet normal 0.75186 -0.659323 -8.06791e-19
    outer loop
      vertex 17.3483 2.65165 25.5
      vertex 17.0249 2.28286 28
      vertex 17.0249 2.28286 25.5
    endloop
  endfacet
  facet normal -0.997856 -0.0654403 5.30471e-19
    outer loop
      vertex 23.75 0 25.5
      vertex 23.7179 0.489472 28
      vertex 23.7179 0.489472 25.5
    endloop
  endfacet
  facet normal -0.997856 -0.0654403 5.30471e-19
    outer loop
      vertex 23.7179 0.489472 28
      vertex 23.75 0 25.5
      vertex 23.75 0 28
    endloop
  endfacet
  facet normal -0.946913 0.321489 -1.2488e-18
    outer loop
      vertex 23.4645 -1.43506 25.5
      vertex 23.6222 -0.970571 28
      vertex 23.6222 -0.970571 25.5
    endloop
  endfacet
  facet normal -0.946913 0.321489 -1.2488e-18
    outer loop
      vertex 23.6222 -0.970571 28
      vertex 23.4645 -1.43506 25.5
      vertex 23.4645 -1.43506 28
    endloop
  endfacet
  facet normal -0.980784 -0.195097 2.43961e-18
    outer loop
      vertex 23.7179 0.489472 25.5
      vertex 23.6222 0.970571 28
      vertex 23.6222 0.970571 25.5
    endloop
  endfacet
  facet normal -0.980784 -0.195097 2.43961e-18
    outer loop
      vertex 23.6222 0.970571 28
      vertex 23.7179 0.489472 25.5
      vertex 23.7179 0.489472 28
    endloop
  endfacet
  facet normal -0.946913 -0.321489 1.2488e-18
    outer loop
      vertex 23.6222 0.970571 25.5
      vertex 23.4645 1.43506 28
      vertex 23.4645 1.43506 25.5
    endloop
  endfacet
  facet normal -0.946913 -0.321489 1.2488e-18
    outer loop
      vertex 23.4645 1.43506 28
      vertex 23.6222 0.970571 25.5
      vertex 23.6222 0.970571 28
    endloop
  endfacet
  facet normal -0.751759 -0.659438 3.8124e-19
    outer loop
      vertex 22.9751 2.28286 25.5
      vertex 22.6516 2.65165 28
      vertex 22.6516 2.65165 25.5
    endloop
  endfacet
  facet normal -0.751759 -0.659438 3.8124e-19
    outer loop
      vertex 22.6516 2.65165 28
      vertex 22.9751 2.28286 25.5
      vertex 22.9751 2.28286 28
    endloop
  endfacet
  facet normal -0.195097 -0.980784 0
    outer loop
      vertex 20.4895 3.71792 25.5
      vertex 20.9706 3.62222 28
      vertex 20.4895 3.71792 28
    endloop
  endfacet
  facet normal -0.195097 -0.980784 -0
    outer loop
      vertex 20.9706 3.62222 28
      vertex 20.4895 3.71792 25.5
      vertex 20.9706 3.62222 25.5
    endloop
  endfacet
  facet normal -0.065396 -0.997859 0
    outer loop
      vertex 20 3.75 25.5
      vertex 20.4895 3.71792 28
      vertex 20 3.75 28
    endloop
  endfacet
  facet normal -0.065396 -0.997859 -0
    outer loop
      vertex 20.4895 3.71792 28
      vertex 20 3.75 25.5
      vertex 20.4895 3.71792 25.5
    endloop
  endfacet
  facet normal -0.555528 -0.831498 0
    outer loop
      vertex 21.875 3.24759 25.5
      vertex 22.2829 2.97507 28
      vertex 21.875 3.24759 28
    endloop
  endfacet
  facet normal -0.555528 -0.831498 -0
    outer loop
      vertex 22.2829 2.97507 28
      vertex 21.875 3.24759 25.5
      vertex 22.2829 2.97507 25.5
    endloop
  endfacet
  facet normal 0.997856 0.0654403 5.30471e-19
    outer loop
      vertex 16.2821 -0.489472 28
      vertex 16.25 0 25.5
      vertex 16.25 0 28
    endloop
  endfacet
  facet normal 0.997856 0.0654403 5.30471e-19
    outer loop
      vertex 16.25 0 25.5
      vertex 16.2821 -0.489472 28
      vertex 16.2821 -0.489472 25.5
    endloop
  endfacet
  facet normal 0.980784 -0.195097 -2.43961e-18
    outer loop
      vertex 16.2821 0.489472 28
      vertex 16.3778 0.970571 25.5
      vertex 16.3778 0.970571 28
    endloop
  endfacet
  facet normal 0.980784 -0.195097 -2.43961e-18
    outer loop
      vertex 16.3778 0.970571 25.5
      vertex 16.2821 0.489472 28
      vertex 16.2821 0.489472 25.5
    endloop
  endfacet
  facet normal 0.896836 -0.442363 -5.12212e-18
    outer loop
      vertex 16.5354 1.43506 28
      vertex 16.7524 1.875 25.5
      vertex 16.7524 1.875 28
    endloop
  endfacet
  facet normal 0.896836 -0.442363 -5.12212e-18
    outer loop
      vertex 16.7524 1.875 25.5
      vertex 16.5354 1.43506 28
      vertex 16.5354 1.43506 25.5
    endloop
  endfacet
  facet normal 0.195097 -0.980784 0
    outer loop
      vertex 19.0294 3.62222 25.5
      vertex 19.5105 3.71792 28
      vertex 19.0294 3.62222 28
    endloop
  endfacet
  facet normal 0.195097 -0.980784 0
    outer loop
      vertex 19.5105 3.71792 28
      vertex 19.0294 3.62222 25.5
      vertex 19.5105 3.71792 25.5
    endloop
  endfacet
  facet normal 0.659336 -0.751849 0
    outer loop
      vertex 17.3483 2.65165 25.5
      vertex 17.7171 2.97507 28
      vertex 17.3483 2.65165 28
    endloop
  endfacet
  facet normal 0.659336 -0.751849 0
    outer loop
      vertex 17.7171 2.97507 28
      vertex 17.3483 2.65165 25.5
      vertex 17.7171 2.97507 25.5
    endloop
  endfacet
  facet normal 0.555528 -0.831498 0
    outer loop
      vertex 17.7171 2.97507 25.5
      vertex 18.125 3.24759 28
      vertex 17.7171 2.97507 28
    endloop
  endfacet
  facet normal 0.555528 -0.831498 0
    outer loop
      vertex 18.125 3.24759 28
      vertex 17.7171 2.97507 25.5
      vertex 18.125 3.24759 25.5
    endloop
  endfacet
  facet normal -0.831492 0.555537 -5.05613e-18
    outer loop
      vertex 22.9751 -2.28286 25.5
      vertex 23.2476 -1.875 28
      vertex 23.2476 -1.875 25.5
    endloop
  endfacet
  facet normal -0.831492 0.555537 -5.05613e-18
    outer loop
      vertex 23.2476 -1.875 28
      vertex 22.9751 -2.28286 25.5
      vertex 22.9751 -2.28286 28
    endloop
  endfacet
  facet normal -0.065396 0.997859 0
    outer loop
      vertex 20.4895 -3.71792 25.5
      vertex 20 -3.75 28
      vertex 20.4895 -3.71792 28
    endloop
  endfacet
  facet normal -0.065396 0.997859 0
    outer loop
      vertex 20 -3.75 28
      vertex 20.4895 -3.71792 25.5
      vertex 20 -3.75 25.5
    endloop
  endfacet
  facet normal 0.980784 0.195097 2.43961e-18
    outer loop
      vertex 16.3778 -0.970571 28
      vertex 16.2821 -0.489472 25.5
      vertex 16.2821 -0.489472 28
    endloop
  endfacet
  facet normal 0.980784 0.195097 2.43961e-18
    outer loop
      vertex 16.2821 -0.489472 25.5
      vertex 16.3778 -0.970571 28
      vertex 16.3778 -0.970571 25.5
    endloop
  endfacet
  facet normal 0.946975 0.321306 -4.53135e-18
    outer loop
      vertex 16.5354 -1.43506 28
      vertex 16.3778 -0.970571 25.5
      vertex 16.3778 -0.970571 28
    endloop
  endfacet
  facet normal 0.946975 0.321306 -4.53135e-18
    outer loop
      vertex 16.3778 -0.970571 25.5
      vertex 16.5354 -1.43506 28
      vertex 16.5354 -1.43506 25.5
    endloop
  endfacet
  facet normal 0.831492 0.555537 5.05613e-18
    outer loop
      vertex 17.0249 -2.28286 28
      vertex 16.7524 -1.875 25.5
      vertex 16.7524 -1.875 28
    endloop
  endfacet
  facet normal 0.831492 0.555537 5.05613e-18
    outer loop
      vertex 16.7524 -1.875 25.5
      vertex 17.0249 -2.28286 28
      vertex 17.0249 -2.28286 25.5
    endloop
  endfacet
  facet normal -0.195097 0.980784 0
    outer loop
      vertex 20.9706 -3.62222 25.5
      vertex 20.4895 -3.71792 28
      vertex 20.9706 -3.62222 28
    endloop
  endfacet
  facet normal -0.195097 0.980784 0
    outer loop
      vertex 20.4895 -3.71792 28
      vertex 20.9706 -3.62222 25.5
      vertex 20.4895 -3.71792 25.5
    endloop
  endfacet
  facet normal -0.997856 0.0654403 -5.30471e-19
    outer loop
      vertex 23.7179 -0.489472 25.5
      vertex 23.75 0 28
      vertex 23.75 0 25.5
    endloop
  endfacet
  facet normal -0.997856 0.0654403 -5.30471e-19
    outer loop
      vertex 23.75 0 28
      vertex 23.7179 -0.489472 25.5
      vertex 23.7179 -0.489472 28
    endloop
  endfacet
  facet normal -0.751759 0.659438 -3.8124e-19
    outer loop
      vertex 22.6516 -2.65165 25.5
      vertex 22.9751 -2.28286 28
      vertex 22.9751 -2.28286 25.5
    endloop
  endfacet
  facet normal -0.751759 0.659438 -3.8124e-19
    outer loop
      vertex 22.9751 -2.28286 28
      vertex 22.6516 -2.65165 25.5
      vertex 22.6516 -2.65165 28
    endloop
  endfacet
  facet normal 0.659336 0.751849 -0
    outer loop
      vertex 17.7171 -2.97507 25.5
      vertex 17.3483 -2.65165 28
      vertex 17.7171 -2.97507 28
    endloop
  endfacet
  facet normal 0.659336 0.751849 0
    outer loop
      vertex 17.3483 -2.65165 28
      vertex 17.7171 -2.97507 25.5
      vertex 17.3483 -2.65165 25.5
    endloop
  endfacet
  facet normal -0.44233 0.896852 0
    outer loop
      vertex 21.875 -3.24759 25.5
      vertex 21.4351 -3.46455 28
      vertex 21.875 -3.24759 28
    endloop
  endfacet
  facet normal -0.44233 0.896852 0
    outer loop
      vertex 21.4351 -3.46455 28
      vertex 21.875 -3.24759 25.5
      vertex 21.4351 -3.46455 25.5
    endloop
  endfacet
  facet normal -0.321428 0.946934 0
    outer loop
      vertex 21.4351 -3.46455 25.5
      vertex 20.9706 -3.62222 28
      vertex 21.4351 -3.46455 28
    endloop
  endfacet
  facet normal -0.321428 0.946934 0
    outer loop
      vertex 20.9706 -3.62222 28
      vertex 21.4351 -3.46455 25.5
      vertex 20.9706 -3.62222 25.5
    endloop
  endfacet
  facet normal -0.659437 0.75176 0
    outer loop
      vertex 22.6516 -2.65165 25.5
      vertex 22.2829 -2.97507 28
      vertex 22.6516 -2.65165 28
    endloop
  endfacet
  facet normal -0.659437 0.75176 0
    outer loop
      vertex 22.2829 -2.97507 28
      vertex 22.6516 -2.65165 25.5
      vertex 22.2829 -2.97507 25.5
    endloop
  endfacet
  facet normal -0.555528 0.831498 0
    outer loop
      vertex 22.2829 -2.97507 25.5
      vertex 21.875 -3.24759 28
      vertex 22.2829 -2.97507 28
    endloop
  endfacet
  facet normal -0.555528 0.831498 0
    outer loop
      vertex 21.875 -3.24759 28
      vertex 22.2829 -2.97507 25.5
      vertex 21.875 -3.24759 25.5
    endloop
  endfacet
  facet normal -0.896917 0.442199 -2.70773e-18
    outer loop
      vertex 23.2476 -1.875 25.5
      vertex 23.4645 -1.43506 28
      vertex 23.4645 -1.43506 25.5
    endloop
  endfacet
  facet normal -0.896917 0.442199 -2.70773e-18
    outer loop
      vertex 23.4645 -1.43506 28
      vertex 23.2476 -1.875 25.5
      vertex 23.2476 -1.875 28
    endloop
  endfacet
  facet normal 0.321428 0.946934 -0
    outer loop
      vertex 19.0294 -3.62222 25.5
      vertex 18.5649 -3.46455 28
      vertex 19.0294 -3.62222 28
    endloop
  endfacet
  facet normal 0.321428 0.946934 0
    outer loop
      vertex 18.5649 -3.46455 28
      vertex 19.0294 -3.62222 25.5
      vertex 18.5649 -3.46455 25.5
    endloop
  endfacet
  facet normal 0.896836 0.442363 5.12212e-18
    outer loop
      vertex 16.7524 -1.875 28
      vertex 16.5354 -1.43506 25.5
      vertex 16.5354 -1.43506 28
    endloop
  endfacet
  facet normal 0.896836 0.442363 5.12212e-18
    outer loop
      vertex 16.5354 -1.43506 25.5
      vertex 16.7524 -1.875 28
      vertex 16.7524 -1.875 25.5
    endloop
  endfacet
  facet normal 0.065396 0.997859 -0
    outer loop
      vertex 20 -3.75 25.5
      vertex 19.5105 -3.71792 28
      vertex 20 -3.75 28
    endloop
  endfacet
  facet normal 0.065396 0.997859 0
    outer loop
      vertex 19.5105 -3.71792 28
      vertex 20 -3.75 25.5
      vertex 19.5105 -3.71792 25.5
    endloop
  endfacet
  facet normal 0.195097 0.980784 -0
    outer loop
      vertex 19.5105 -3.71792 25.5
      vertex 19.0294 -3.62222 28
      vertex 19.5105 -3.71792 28
    endloop
  endfacet
  facet normal 0.195097 0.980784 0
    outer loop
      vertex 19.0294 -3.62222 28
      vertex 19.5105 -3.71792 25.5
      vertex 19.0294 -3.62222 25.5
    endloop
  endfacet
  facet normal 0.75186 0.659323 8.06791e-19
    outer loop
      vertex 17.3483 -2.65165 28
      vertex 17.0249 -2.28286 25.5
      vertex 17.0249 -2.28286 28
    endloop
  endfacet
  facet normal 0.75186 0.659323 8.06791e-19
    outer loop
      vertex 17.0249 -2.28286 25.5
      vertex 17.3483 -2.65165 28
      vertex 17.3483 -2.65165 25.5
    endloop
  endfacet
  facet normal 0.44233 0.896852 -0
    outer loop
      vertex 18.5649 -3.46455 25.5
      vertex 18.125 -3.24759 28
      vertex 18.5649 -3.46455 28
    endloop
  endfacet
  facet normal 0.44233 0.896852 0
    outer loop
      vertex 18.125 -3.24759 28
      vertex 18.5649 -3.46455 25.5
      vertex 18.125 -3.24759 25.5
    endloop
  endfacet
  facet normal 0.555528 0.831498 -0
    outer loop
      vertex 18.125 -3.24759 25.5
      vertex 17.7171 -2.97507 28
      vertex 18.125 -3.24759 28
    endloop
  endfacet
  facet normal 0.555528 0.831498 0
    outer loop
      vertex 17.7171 -2.97507 28
      vertex 18.125 -3.24759 25.5
      vertex 17.7171 -2.97507 25.5
    endloop
  endfacet
  facet normal -1 0 0
    outer loop
      vertex -29 9.5 6
      vertex -29 -5.8 17
      vertex -29 9.5 28
    endloop
  endfacet
  facet normal -1 0 0
    outer loop
      vertex -29 9.5 6
      vertex -29 -5.81454 16.7781
      vertex -29 -5.8 17
    endloop
  endfacet
  facet normal -1 0 0
    outer loop
      vertex -29 9.5 6
      vertex -29 -5.85793 16.56
      vertex -29 -5.81454 16.7781
    endloop
  endfacet
  facet normal -1 0 0
    outer loop
      vertex -29 9.5 6
      vertex -29 -5.9294 16.3494
      vertex -29 -5.85793 16.56
    endloop
  endfacet
  facet normal -1 0 0
    outer loop
      vertex -29 9.5 6
      vertex -29 -6.02776 16.15
      vertex -29 -5.9294 16.3494
    endloop
  endfacet
  facet normal -1 0 0
    outer loop
      vertex -29 9.5 6
      vertex -29 -6.1513 15.9651
      vertex -29 -6.02776 16.15
    endloop
  endfacet
  facet normal -1 0 0
    outer loop
      vertex -29 9.5 6
      vertex -29 -6.29792 15.7979
      vertex -29 -6.1513 15.9651
    endloop
  endfacet
  facet normal -1 0 0
    outer loop
      vertex -29 9.5 6
      vertex -29 -6.46511 15.6513
      vertex -29 -6.29792 15.7979
    endloop
  endfacet
  facet normal -1 0 0
    outer loop
      vertex -29 -10 6
      vertex -29 -6.46511 15.6513
      vertex -29 9.5 6
    endloop
  endfacet
  facet normal -1 0 0
    outer loop
      vertex -29 -6.46511 15.6513
      vertex -29 -10 6
      vertex -29 -6.65 15.5278
    endloop
  endfacet
  facet normal -1 0 0
    outer loop
      vertex -29 -6.65 15.5278
      vertex -29 -10 6
      vertex -29 -6.84944 15.4294
    endloop
  endfacet
  facet normal -1 0 0
    outer loop
      vertex -29 -6.84944 15.4294
      vertex -29 -10 6
      vertex -29 -7.06001 15.3579
    endloop
  endfacet
  facet normal -1 0 0
    outer loop
      vertex -29 -7.06001 15.3579
      vertex -29 -10 6
      vertex -29 -7.2781 15.3145
    endloop
  endfacet
  facet normal -1 0 0
    outer loop
      vertex -29 -7.2781 15.3145
      vertex -29 -10 6
      vertex -29 -7.5 15.3
    endloop
  endfacet
  facet normal -1 -0 0
    outer loop
      vertex -29 -7.5 15.3
      vertex -29 -10 6
      vertex -29 -7.72189 15.3145
    endloop
  endfacet
  facet normal -1 -0 0
    outer loop
      vertex -29 -7.72189 15.3145
      vertex -29 -10 6
      vertex -29 -7.93999 15.3579
    endloop
  endfacet
  facet normal -1 -0 0
    outer loop
      vertex -29 -7.93999 15.3579
      vertex -29 -10 6
      vertex -29 -8.15056 15.4294
    endloop
  endfacet
  facet normal -1 -0 0
    outer loop
      vertex -29 -9.18546 16.7781
      vertex -29 -10 6
      vertex -29 -9.2 17
    endloop
  endfacet
  facet normal -1 -0 0
    outer loop
      vertex -29 -9.14207 16.56
      vertex -29 -10 6
      vertex -29 -9.18546 16.7781
    endloop
  endfacet
  facet normal -1 -0 0
    outer loop
      vertex -29 -9.07059 16.3494
      vertex -29 -10 6
      vertex -29 -9.14207 16.56
    endloop
  endfacet
  facet normal -1 -0 0
    outer loop
      vertex -29 -8.97224 16.15
      vertex -29 -10 6
      vertex -29 -9.07059 16.3494
    endloop
  endfacet
  facet normal -1 -0 0
    outer loop
      vertex -29 -8.8487 15.9651
      vertex -29 -10 6
      vertex -29 -8.97224 16.15
    endloop
  endfacet
  facet normal -1 -0 0
    outer loop
      vertex -29 -8.70208 15.7979
      vertex -29 -10 6
      vertex -29 -8.8487 15.9651
    endloop
  endfacet
  facet normal -1 -0 0
    outer loop
      vertex -29 -8.53489 15.6513
      vertex -29 -10 6
      vertex -29 -8.70208 15.7979
    endloop
  endfacet
  facet normal -1 -0 0
    outer loop
      vertex -29 -8.35 15.5278
      vertex -29 -10 6
      vertex -29 -8.53489 15.6513
    endloop
  endfacet
  facet normal -1 -0 0
    outer loop
      vertex -29 -8.15056 15.4294
      vertex -29 -10 6
      vertex -29 -8.35 15.5278
    endloop
  endfacet
  facet normal -1 0 0
    outer loop
      vertex -29 -5.81454 17.2219
      vertex -29 9.5 28
      vertex -29 -5.8 17
    endloop
  endfacet
  facet normal -1 0 0
    outer loop
      vertex -29 -5.85793 17.44
      vertex -29 9.5 28
      vertex -29 -5.81454 17.2219
    endloop
  endfacet
  facet normal -1 0 0
    outer loop
      vertex -29 -5.9294 17.6506
      vertex -29 9.5 28
      vertex -29 -5.85793 17.44
    endloop
  endfacet
  facet normal -1 0 0
    outer loop
      vertex -29 -6.02776 17.85
      vertex -29 9.5 28
      vertex -29 -5.9294 17.6506
    endloop
  endfacet
  facet normal -1 0 0
    outer loop
      vertex -29 -6.1513 18.0349
      vertex -29 9.5 28
      vertex -29 -6.02776 17.85
    endloop
  endfacet
  facet normal -1 0 0
    outer loop
      vertex -29 -6.29792 18.2021
      vertex -29 9.5 28
      vertex -29 -6.1513 18.0349
    endloop
  endfacet
  facet normal -1 0 0
    outer loop
      vertex -29 -6.46511 18.3487
      vertex -29 9.5 28
      vertex -29 -6.29792 18.2021
    endloop
  endfacet
  facet normal -1 0 0
    outer loop
      vertex -29 -10 28
      vertex -29 -6.46511 18.3487
      vertex -29 -6.65 18.4722
    endloop
  endfacet
  facet normal -1 0 0
    outer loop
      vertex -29 -10 28
      vertex -29 -6.65 18.4722
      vertex -29 -6.84944 18.5706
    endloop
  endfacet
  facet normal -1 0 0
    outer loop
      vertex -29 -10 28
      vertex -29 -6.84944 18.5706
      vertex -29 -7.06001 18.6421
    endloop
  endfacet
  facet normal -1 0 0
    outer loop
      vertex -29 -10 28
      vertex -29 -7.06001 18.6421
      vertex -29 -7.2781 18.6855
    endloop
  endfacet
  facet normal -1 0 0
    outer loop
      vertex -29 -10 28
      vertex -29 -7.2781 18.6855
      vertex -29 -7.5 18.7
    endloop
  endfacet
  facet normal -1 0 0
    outer loop
      vertex -29 -10 28
      vertex -29 -7.5 18.7
      vertex -29 -7.72189 18.6855
    endloop
  endfacet
  facet normal -1 0 0
    outer loop
      vertex -29 -10 28
      vertex -29 -7.72189 18.6855
      vertex -29 -7.93999 18.6421
    endloop
  endfacet
  facet normal -1 0 0
    outer loop
      vertex -29 -10 28
      vertex -29 -7.93999 18.6421
      vertex -29 -8.15056 18.5706
    endloop
  endfacet
  facet normal -1 0 0
    outer loop
      vertex -29 -10 28
      vertex -29 -8.15056 18.5706
      vertex -29 -8.35 18.4722
    endloop
  endfacet
  facet normal -1 0 0
    outer loop
      vertex -29 -10 28
      vertex -29 -9.2 17
      vertex -29 -10 6
    endloop
  endfacet
  facet normal -1 0 0
    outer loop
      vertex -29 -6.46511 18.3487
      vertex -29 -10 28
      vertex -29 9.5 28
    endloop
  endfacet
  facet normal -1 0 0
    outer loop
      vertex -29 -8.53489 18.3487
      vertex -29 -10 28
      vertex -29 -8.35 18.4722
    endloop
  endfacet
  facet normal -1 0 0
    outer loop
      vertex -29 -8.70208 18.2021
      vertex -29 -10 28
      vertex -29 -8.53489 18.3487
    endloop
  endfacet
  facet normal -1 0 0
    outer loop
      vertex -29 -8.8487 18.0349
      vertex -29 -10 28
      vertex -29 -8.70208 18.2021
    endloop
  endfacet
  facet normal -1 0 0
    outer loop
      vertex -29 -8.97224 17.85
      vertex -29 -10 28
      vertex -29 -8.8487 18.0349
    endloop
  endfacet
  facet normal -1 0 0
    outer loop
      vertex -29 -9.07059 17.6506
      vertex -29 -10 28
      vertex -29 -8.97224 17.85
    endloop
  endfacet
  facet normal -1 0 0
    outer loop
      vertex -29 -9.14207 17.44
      vertex -29 -10 28
      vertex -29 -9.07059 17.6506
    endloop
  endfacet
  facet normal -1 0 0
    outer loop
      vertex -29 -9.18546 17.2219
      vertex -29 -10 28
      vertex -29 -9.14207 17.44
    endloop
  endfacet
  facet normal -1 0 0
    outer loop
      vertex -29 -9.2 17
      vertex -29 -10 28
      vertex -29 -9.18546 17.2219
    endloop
  endfacet
  facet normal 0 0 1
    outer loop
      vertex 29 9.5 28
      vertex 23.75 0 28
      vertex 29 -10 28
    endloop
  endfacet
  facet normal 0 0 1
    outer loop
      vertex 29 9.5 28
      vertex 23.7179 0.489472 28
      vertex 23.75 0 28
    endloop
  endfacet
  facet normal 0 0 1
    outer loop
      vertex 29 9.5 28
      vertex 23.6222 0.970571 28
      vertex 23.7179 0.489472 28
    endloop
  endfacet
  facet normal 0 0 1
    outer loop
      vertex 29 9.5 28
      vertex 23.4645 1.43506 28
      vertex 23.6222 0.970571 28
    endloop
  endfacet
  facet normal 0 0 1
    outer loop
      vertex 29 9.5 28
      vertex 23.2476 1.875 28
      vertex 23.4645 1.43506 28
    endloop
  endfacet
  facet normal 0 0 1
    outer loop
      vertex 29 9.5 28
      vertex 22.9751 2.28286 28
      vertex 23.2476 1.875 28
    endloop
  endfacet
  facet normal 0 0 1
    outer loop
      vertex 29 9.5 28
      vertex 22.6516 2.65165 28
      vertex 22.9751 2.28286 28
    endloop
  endfacet
  facet normal 0 0 1
    outer loop
      vertex 29 9.5 28
      vertex 22.2829 2.97507 28
      vertex 22.6516 2.65165 28
    endloop
  endfacet
  facet normal 0 0 1
    outer loop
      vertex 29 9.5 28
      vertex 21.875 3.24759 28
      vertex 22.2829 2.97507 28
    endloop
  endfacet
  facet normal 0 0 1
    outer loop
      vertex 29 9.5 28
      vertex 21.4351 3.46455 28
      vertex 21.875 3.24759 28
    endloop
  endfacet
  facet normal 0 0 1
    outer loop
      vertex 29 9.5 28
      vertex 20.9706 3.62222 28
      vertex 21.4351 3.46455 28
    endloop
  endfacet
  facet normal 0 0 1
    outer loop
      vertex 29 9.5 28
      vertex 20.4895 3.71792 28
      vertex 20.9706 3.62222 28
    endloop
  endfacet
  facet normal 0 0 1
    outer loop
      vertex 29 9.5 28
      vertex 20 3.75 28
      vertex 20.4895 3.71792 28
    endloop
  endfacet
  facet normal 0 0 1
    outer loop
      vertex 29 9.5 28
      vertex 19.5105 3.71792 28
      vertex 20 3.75 28
    endloop
  endfacet
  facet normal 0 0 1
    outer loop
      vertex 29 9.5 28
      vertex 19.0294 3.62222 28
      vertex 19.5105 3.71792 28
    endloop
  endfacet
  facet normal -0 0 1
    outer loop
      vertex 3 5.19615 28
      vertex 19.0294 3.62222 28
      vertex 29 9.5 28
    endloop
  endfacet
  facet normal 0 0 1
    outer loop
      vertex 19.0294 3.62222 28
      vertex 3 5.19615 28
      vertex 18.5649 3.46455 28
    endloop
  endfacet
  facet normal 0 0 1
    outer loop
      vertex 16.2821 0.489472 28
      vertex 6 0 28
      vertex 16.25 0 28
    endloop
  endfacet
  facet normal -0 0 1
    outer loop
      vertex 5.94867 0.783156 28
      vertex 16.2821 0.489472 28
      vertex 16.3778 0.970571 28
    endloop
  endfacet
  facet normal 0 0 1
    outer loop
      vertex 5.79555 1.55291 28
      vertex 16.3778 0.970571 28
      vertex 16.5354 1.43506 28
    endloop
  endfacet
  facet normal 0 0 1
    outer loop
      vertex 5.54328 2.2961 28
      vertex 16.5354 1.43506 28
      vertex 16.7524 1.875 28
    endloop
  endfacet
  facet normal 0 0 1
    outer loop
      vertex 5.19615 3 28
      vertex 16.7524 1.875 28
      vertex 17.0249 2.28286 28
    endloop
  endfacet
  facet normal 0 0 1
    outer loop
      vertex 5.19615 3 28
      vertex 17.0249 2.28286 28
      vertex 17.3483 2.65165 28
    endloop
  endfacet
  facet normal 0 0 1
    outer loop
      vertex 4.76012 3.65257 28
      vertex 17.3483 2.65165 28
      vertex 17.7171 2.97507 28
    endloop
  endfacet
  facet normal 0 0 1
    outer loop
      vertex 4.24264 4.24264 28
      vertex 17.7171 2.97507 28
      vertex 18.125 3.24759 28
    endloop
  endfacet
  facet normal -0 -0 1
    outer loop
      vertex 3.65257 4.76012 28
      vertex 18.5649 3.46455 28
      vertex 3 5.19615 28
    endloop
  endfacet
  facet normal 0 0 1
    outer loop
      vertex 16.2821 0.489472 28
      vertex 5.94867 0.783156 28
      vertex 6 0 28
    endloop
  endfacet
  facet normal 0 0 1
    outer loop
      vertex 16.3778 0.970571 28
      vertex 5.79555 1.55291 28
      vertex 5.94867 0.783156 28
    endloop
  endfacet
  facet normal 0 0 1
    outer loop
      vertex 16.5354 1.43506 28
      vertex 5.54328 2.2961 28
      vertex 5.79555 1.55291 28
    endloop
  endfacet
  facet normal 0 0 1
    outer loop
      vertex 16.7524 1.875 28
      vertex 5.19615 3 28
      vertex 5.54328 2.2961 28
    endloop
  endfacet
  facet normal 0 0 1
    outer loop
      vertex 17.3483 2.65165 28
      vertex 4.76012 3.65257 28
      vertex 5.19615 3 28
    endloop
  endfacet
  facet normal 0 0 1
    outer loop
      vertex 17.7171 2.97507 28
      vertex 4.24264 4.24264 28
      vertex 4.76012 3.65257 28
    endloop
  endfacet
  facet normal 0 0 1
    outer loop
      vertex 18.125 3.24759 28
      vertex 3.65257 4.76012 28
      vertex 4.24264 4.24264 28
    endloop
  endfacet
  facet normal 0 0 1
    outer loop
      vertex 18.5649 3.46455 28
      vertex 3.65257 4.76012 28
      vertex 18.125 3.24759 28
    endloop
  endfacet
  facet normal 0 0 1
    outer loop
      vertex 29 9.5 28
      vertex 2.2961 5.54328 28
      vertex 3 5.19615 28
    endloop
  endfacet
  facet normal 0 0 1
    outer loop
      vertex 29 9.5 28
      vertex 1.55291 5.79555 28
      vertex 2.2961 5.54328 28
    endloop
  endfacet
  facet normal 0 0 1
    outer loop
      vertex 29 9.5 28
      vertex 0.783156 5.94867 28
      vertex 1.55291 5.79555 28
    endloop
  endfacet
  facet normal 0 0 1
    outer loop
      vertex 29 9.5 28
      vertex 0 6 28
      vertex 0.783156 5.94867 28
    endloop
  endfacet
  facet normal -0 0 1
    outer loop
      vertex -29 9.5 28
      vertex 0 6 28
      vertex 29 9.5 28
    endloop
  endfacet
  facet normal -0 0 1
    outer loop
      vertex -16.2821 0.489472 28
      vertex -6 0 28
      vertex -5.94867 0.783156 28
    endloop
  endfacet
  facet normal -0 0 1
    outer loop
      vertex -16.3778 0.970571 28
      vertex -5.94867 0.783156 28
      vertex -5.79555 1.55291 28
    endloop
  endfacet
  facet normal 0 0 1
    outer loop
      vertex -16.5354 1.43506 28
      vertex -5.79555 1.55291 28
      vertex -5.54328 2.2961 28
    endloop
  endfacet
  facet normal 0 0 1
    outer loop
      vertex -16.7524 1.875 28
      vertex -5.54328 2.2961 28
      vertex -5.19615 3 28
    endloop
  endfacet
  facet normal 0 0 1
    outer loop
      vertex -17.0249 2.28286 28
      vertex -5.19615 3 28
      vertex -4.76012 3.65257 28
    endloop
  endfacet
  facet normal 0 0 1
    outer loop
      vertex -17.7171 2.97507 28
      vertex -4.76012 3.65257 28
      vertex -4.24264 4.24264 28
    endloop
  endfacet
  facet normal 0 0 1
    outer loop
      vertex -18.125 3.24759 28
      vertex -4.24264 4.24264 28
      vertex -3.65257 4.76012 28
    endloop
  endfacet
  facet normal 0 0 1
    outer loop
      vertex -18.5649 3.46455 28
      vertex -3.65257 4.76012 28
      vertex -3 5.19615 28
    endloop
  endfacet
  facet normal 0 0 1
    outer loop
      vertex -29 9.5 28
      vertex -3 5.19615 28
      vertex -2.2961 5.54328 28
    endloop
  endfacet
  facet normal 0 0 1
    outer loop
      vertex -6 0 28
      vertex -16.2821 0.489472 28
      vertex -16.25 0 28
    endloop
  endfacet
  facet normal 0 0 1
    outer loop
      vertex -5.94867 0.783156 28
      vertex -16.3778 0.970571 28
      vertex -16.2821 0.489472 28
    endloop
  endfacet
  facet normal 0 0 1
    outer loop
      vertex -29 9.5 28
      vertex -2.2961 5.54328 28
      vertex -1.55291 5.79555 28
    endloop
  endfacet
  facet normal 0 0 1
    outer loop
      vertex -5.79555 1.55291 28
      vertex -16.5354 1.43506 28
      vertex -16.3778 0.970571 28
    endloop
  endfacet
  facet normal 0 0 1
    outer loop
      vertex -5.54328 2.2961 28
      vertex -16.7524 1.875 28
      vertex -16.5354 1.43506 28
    endloop
  endfacet
  facet normal 0 0 1
    outer loop
      vertex -5.19615 3 28
      vertex -17.0249 2.28286 28
      vertex -16.7524 1.875 28
    endloop
  endfacet
  facet normal 0 0 1
    outer loop
      vertex -4.76012 3.65257 28
      vertex -17.3483 2.65165 28
      vertex -17.0249 2.28286 28
    endloop
  endfacet
  facet normal 0 0 1
    outer loop
      vertex -4.76012 3.65257 28
      vertex -17.7171 2.97507 28
      vertex -17.3483 2.65165 28
    endloop
  endfacet
  facet normal 0 0 1
    outer loop
      vertex -29 9.5 28
      vertex -1.55291 5.79555 28
      vertex -0.783156 5.94867 28
    endloop
  endfacet
  facet normal 0 0 1
    outer loop
      vertex -4.24264 4.24264 28
      vertex -18.125 3.24759 28
      vertex -17.7171 2.97507 28
    endloop
  endfacet
  facet normal 0 0 1
    outer loop
      vertex -3.65257 4.76012 28
      vertex -18.5649 3.46455 28
      vertex -18.125 3.24759 28
    endloop
  endfacet
  facet normal 0 0 1
    outer loop
      vertex -3 5.19615 28
      vertex -19.0294 3.62222 28
      vertex -18.5649 3.46455 28
    endloop
  endfacet
  facet normal 0 0 1
    outer loop
      vertex -3 5.19615 28
      vertex -29 9.5 28
      vertex -19.0294 3.62222 28
    endloop
  endfacet
  facet normal 0 0 1
    outer loop
      vertex 0 6 28
      vertex -29 9.5 28
      vertex -0.783156 5.94867 28
    endloop
  endfacet
  facet normal 0 0 1
    outer loop
      vertex -19.0294 3.62222 28
      vertex -29 9.5 28
      vertex -19.5105 3.71792 28
    endloop
  endfacet
  facet normal 0 0 1
    outer loop
      vertex -19.5105 3.71792 28
      vertex -29 9.5 28
      vertex -20 3.75 28
    endloop
  endfacet
  facet normal 0 0 1
    outer loop
      vertex -23.7179 0.489472 28
      vertex -29 9.5 28
      vertex -23.75 0 28
    endloop
  endfacet
  facet normal 0 0 1
    outer loop
      vertex -23.6222 0.970571 28
      vertex -29 9.5 28
      vertex -23.7179 0.489472 28
    endloop
  endfacet
  facet normal 0 0 1
    outer loop
      vertex -23.4645 1.43506 28
      vertex -29 9.5 28
      vertex -23.6222 0.970571 28
    endloop
  endfacet
  facet normal 0 0 1
    outer loop
      vertex -23.2476 1.875 28
      vertex -29 9.5 28
      vertex -23.4645 1.43506 28
    endloop
  endfacet
  facet normal 0 0 1
    outer loop
      vertex -22.9751 2.28286 28
      vertex -29 9.5 28
      vertex -23.2476 1.875 28
    endloop
  endfacet
  facet normal 0 0 1
    outer loop
      vertex -22.6516 2.65165 28
      vertex -29 9.5 28
      vertex -22.9751 2.28286 28
    endloop
  endfacet
  facet normal 0 0 1
    outer loop
      vertex -22.2829 2.97507 28
      vertex -29 9.5 28
      vertex -22.6516 2.65165 28
    endloop
  endfacet
  facet normal 0 0 1
    outer loop
      vertex -21.875 3.24759 28
      vertex -29 9.5 28
      vertex -22.2829 2.97507 28
    endloop
  endfacet
  facet normal 0 0 1
    outer loop
      vertex -21.4351 3.46455 28
      vertex -29 9.5 28
      vertex -21.875 3.24759 28
    endloop
  endfacet
  facet normal 0 0 1
    outer loop
      vertex -20.9706 3.62222 28
      vertex -29 9.5 28
      vertex -21.4351 3.46455 28
    endloop
  endfacet
  facet normal 0 0 1
    outer loop
      vertex -20.4895 3.71792 28
      vertex -29 9.5 28
      vertex -20.9706 3.62222 28
    endloop
  endfacet
  facet normal 0 0 1
    outer loop
      vertex -20 3.75 28
      vertex -29 9.5 28
      vertex -20.4895 3.71792 28
    endloop
  endfacet
  facet normal -0 0 1
    outer loop
      vertex 23.7179 -0.489472 28
      vertex 29 -10 28
      vertex 23.75 0 28
    endloop
  endfacet
  facet normal -0 0 1
    outer loop
      vertex 23.6222 -0.970571 28
      vertex 29 -10 28
      vertex 23.7179 -0.489472 28
    endloop
  endfacet
  facet normal -0 0 1
    outer loop
      vertex 23.4645 -1.43506 28
      vertex 29 -10 28
      vertex 23.6222 -0.970571 28
    endloop
  endfacet
  facet normal -0 0 1
    outer loop
      vertex 23.2476 -1.875 28
      vertex 29 -10 28
      vertex 23.4645 -1.43506 28
    endloop
  endfacet
  facet normal -0 0 1
    outer loop
      vertex 22.9751 -2.28286 28
      vertex 29 -10 28
      vertex 23.2476 -1.875 28
    endloop
  endfacet
  facet normal -0 0 1
    outer loop
      vertex 22.6516 -2.65165 28
      vertex 29 -10 28
      vertex 22.9751 -2.28286 28
    endloop
  endfacet
  facet normal -0 0 1
    outer loop
      vertex 22.2829 -2.97507 28
      vertex 29 -10 28
      vertex 22.6516 -2.65165 28
    endloop
  endfacet
  facet normal -0 0 1
    outer loop
      vertex 21.875 -3.24759 28
      vertex 29 -10 28
      vertex 22.2829 -2.97507 28
    endloop
  endfacet
  facet normal -0 0 1
    outer loop
      vertex 21.4351 -3.46455 28
      vertex 29 -10 28
      vertex 21.875 -3.24759 28
    endloop
  endfacet
  facet normal -0 0 1
    outer loop
      vertex 20.9706 -3.62222 28
      vertex 29 -10 28
      vertex 21.4351 -3.46455 28
    endloop
  endfacet
  facet normal -0 0 1
    outer loop
      vertex 20.4895 -3.71792 28
      vertex 29 -10 28
      vertex 20.9706 -3.62222 28
    endloop
  endfacet
  facet normal -0 0 1
    outer loop
      vertex 20 -3.75 28
      vertex 29 -10 28
      vertex 20.4895 -3.71792 28
    endloop
  endfacet
  facet normal 0 0 1
    outer loop
      vertex 19.5105 -3.71792 28
      vertex 29 -10 28
      vertex 20 -3.75 28
    endloop
  endfacet
  facet normal 0 0 1
    outer loop
      vertex 19.0294 -3.62222 28
      vertex 29 -10 28
      vertex 19.5105 -3.71792 28
    endloop
  endfacet
  facet normal 0 0 1
    outer loop
      vertex 1 -10 28
      vertex 19.0294 -3.62222 28
      vertex 18.5649 -3.46455 28
    endloop
  endfacet
  facet normal 0 0 1
    outer loop
      vertex 1 -10 28
      vertex 18.5649 -3.46455 28
      vertex 18.125 -3.24759 28
    endloop
  endfacet
  facet normal -0 0 1
    outer loop
      vertex 6 0 28
      vertex 16.2821 -0.489472 28
      vertex 16.25 0 28
    endloop
  endfacet
  facet normal 0 0 1
    outer loop
      vertex 5.94867 -0.783156 28
      vertex 16.2821 -0.489472 28
      vertex 6 0 28
    endloop
  endfacet
  facet normal 0 0 1
    outer loop
      vertex 16.2821 -0.489472 28
      vertex 5.94867 -0.783156 28
      vertex 16.3778 -0.970571 28
    endloop
  endfacet
  facet normal 0 0 1
    outer loop
      vertex 5.79555 -1.55291 28
      vertex 16.3778 -0.970571 28
      vertex 5.94867 -0.783156 28
    endloop
  endfacet
  facet normal 0 0 1
    outer loop
      vertex 16.3778 -0.970571 28
      vertex 5.79555 -1.55291 28
      vertex 16.5354 -1.43506 28
    endloop
  endfacet
  facet normal 0 0 1
    outer loop
      vertex 5.54328 -2.2961 28
      vertex 16.5354 -1.43506 28
      vertex 5.79555 -1.55291 28
    endloop
  endfacet
  facet normal 0 0 1
    outer loop
      vertex 16.5354 -1.43506 28
      vertex 5.54328 -2.2961 28
      vertex 16.7524 -1.875 28
    endloop
  endfacet
  facet normal 0 0 1
    outer loop
      vertex 5.19615 -3 28
      vertex 16.7524 -1.875 28
      vertex 5.54328 -2.2961 28
    endloop
  endfacet
  facet normal 0 0 1
    outer loop
      vertex 16.7524 -1.875 28
      vertex 5.19615 -3 28
      vertex 17.0249 -2.28286 28
    endloop
  endfacet
  facet normal 0 0 1
    outer loop
      vertex 17.0249 -2.28286 28
      vertex 5.19615 -3 28
      vertex 17.3483 -2.65165 28
    endloop
  endfacet
  facet normal 0 0 1
    outer loop
      vertex 4.76012 -3.65257 28
      vertex 17.3483 -2.65165 28
      vertex 5.19615 -3 28
    endloop
  endfacet
  facet normal 0 0 1
    outer loop
      vertex 17.3483 -2.65165 28
      vertex 4.76012 -3.65257 28
      vertex 17.7171 -2.97507 28
    endloop
  endfacet
  facet normal 0 0 1
    outer loop
      vertex 4.24264 -4.24264 28
      vertex 17.7171 -2.97507 28
      vertex 4.76012 -3.65257 28
    endloop
  endfacet
  facet normal 0 0 1
    outer loop
      vertex 17.7171 -2.97507 28
      vertex 4.24264 -4.24264 28
      vertex 18.125 -3.24759 28
    endloop
  endfacet
  facet normal 0 0 1
    outer loop
      vertex 1 -10 28
      vertex 18.125 -3.24759 28
      vertex 4.24264 -4.24264 28
    endloop
  endfacet
  facet normal 0 0 1
    outer loop
      vertex 1 -10 28
      vertex 4.24264 -4.24264 28
      vertex 3.65257 -4.76012 28
    endloop
  endfacet
  facet normal 0 0 1
    outer loop
      vertex 1 -10 28
      vertex 3.65257 -4.76012 28
      vertex 3 -5.19615 28
    endloop
  endfacet
  facet normal 0 0 1
    outer loop
      vertex 1 -10 28
      vertex 3 -5.19615 28
      vertex 2.2961 -5.54328 28
    endloop
  endfacet
  facet normal 0 0 1
    outer loop
      vertex 1 -10 28
      vertex 2.2961 -5.54328 28
      vertex 1.55291 -5.79555 28
    endloop
  endfacet
  facet normal 0 0 1
    outer loop
      vertex 1 -10 28
      vertex 1.55291 -5.79555 28
      vertex 1 -5.90554 28
    endloop
  endfacet
  facet normal 0 0 1
    outer loop
      vertex 19.0294 -3.62222 28
      vertex 1 -10 28
      vertex 29 -10 28
    endloop
  endfacet
  facet normal 0 0 1
    outer loop
      vertex -1.55291 -5.79555 28
      vertex -1 -10 28
      vertex -1 -5.90554 28
    endloop
  endfacet
  facet normal 0 0 1
    outer loop
      vertex -2.2961 -5.54328 28
      vertex -1 -10 28
      vertex -1.55291 -5.79555 28
    endloop
  endfacet
  facet normal 0 0 1
    outer loop
      vertex -3 -5.19615 28
      vertex -1 -10 28
      vertex -2.2961 -5.54328 28
    endloop
  endfacet
  facet normal 0 0 1
    outer loop
      vertex -3.65257 -4.76012 28
      vertex -1 -10 28
      vertex -3 -5.19615 28
    endloop
  endfacet
  facet normal 0 0 1
    outer loop
      vertex -4.24264 -4.24264 28
      vertex -1 -10 28
      vertex -3.65257 -4.76012 28
    endloop
  endfacet
  facet normal 0 0 1
    outer loop
      vertex -17.7171 -2.97507 28
      vertex -4.24264 -4.24264 28
      vertex -4.76012 -3.65257 28
    endloop
  endfacet
  facet normal 0 0 1
    outer loop
      vertex -17.3483 -2.65165 28
      vertex -4.76012 -3.65257 28
      vertex -5.19615 -3 28
    endloop
  endfacet
  facet normal 0 0 1
    outer loop
      vertex -16.2821 -0.489472 28
      vertex -6 0 28
      vertex -16.25 0 28
    endloop
  endfacet
  facet normal 0 0 1
    outer loop
      vertex -6 0 28
      vertex -16.2821 -0.489472 28
      vertex -5.94867 -0.783156 28
    endloop
  endfacet
  facet normal 0 0 1
    outer loop
      vertex -16.3778 -0.970571 28
      vertex -5.94867 -0.783156 28
      vertex -16.2821 -0.489472 28
    endloop
  endfacet
  facet normal 0 0 1
    outer loop
      vertex -5.94867 -0.783156 28
      vertex -16.3778 -0.970571 28
      vertex -5.79555 -1.55291 28
    endloop
  endfacet
  facet normal -0 0 1
    outer loop
      vertex -16.5354 -1.43506 28
      vertex -5.79555 -1.55291 28
      vertex -16.3778 -0.970571 28
    endloop
  endfacet
  facet normal 0 0 1
    outer loop
      vertex -5.79555 -1.55291 28
      vertex -16.5354 -1.43506 28
      vertex -5.54328 -2.2961 28
    endloop
  endfacet
  facet normal -0 0 1
    outer loop
      vertex -16.7524 -1.875 28
      vertex -5.54328 -2.2961 28
      vertex -16.5354 -1.43506 28
    endloop
  endfacet
  facet normal 0 0 1
    outer loop
      vertex -5.54328 -2.2961 28
      vertex -16.7524 -1.875 28
      vertex -5.19615 -3 28
    endloop
  endfacet
  facet normal -0 0 1
    outer loop
      vertex -17.0249 -2.28286 28
      vertex -5.19615 -3 28
      vertex -16.7524 -1.875 28
    endloop
  endfacet
  facet normal -0 0 1
    outer loop
      vertex -17.3483 -2.65165 28
      vertex -5.19615 -3 28
      vertex -17.0249 -2.28286 28
    endloop
  endfacet
  facet normal 0 0 1
    outer loop
      vertex -4.76012 -3.65257 28
      vertex -17.3483 -2.65165 28
      vertex -17.7171 -2.97507 28
    endloop
  endfacet
  facet normal 0 0 1
    outer loop
      vertex -4.24264 -4.24264 28
      vertex -17.7171 -2.97507 28
      vertex -1 -10 28
    endloop
  endfacet
  facet normal -0 0 1
    outer loop
      vertex -18.125 -3.24759 28
      vertex -1 -10 28
      vertex -17.7171 -2.97507 28
    endloop
  endfacet
  facet normal -0 0 1
    outer loop
      vertex -18.5649 -3.46455 28
      vertex -1 -10 28
      vertex -18.125 -3.24759 28
    endloop
  endfacet
  facet normal -0 0 1
    outer loop
      vertex -19.0294 -3.62222 28
      vertex -1 -10 28
      vertex -18.5649 -3.46455 28
    endloop
  endfacet
  facet normal 0 0 1
    outer loop
      vertex -29 -10 28
      vertex -19.0294 -3.62222 28
      vertex -19.5105 -3.71792 28
    endloop
  endfacet
  facet normal 0 0 1
    outer loop
      vertex -29 -10 28
      vertex -19.5105 -3.71792 28
      vertex -20 -3.75 28
    endloop
  endfacet
  facet normal 0 0 1
    outer loop
      vertex -29 -10 28
      vertex -20 -3.75 28
      vertex -20.4895 -3.71792 28
    endloop
  endfacet
  facet normal 0 0 1
    outer loop
      vertex -29 -10 28
      vertex -20.4895 -3.71792 28
      vertex -20.9706 -3.62222 28
    endloop
  endfacet
  facet normal 0 0 1
    outer loop
      vertex -29 -10 28
      vertex -23.75 0 28
      vertex -29 9.5 28
    endloop
  endfacet
  facet normal 0 0 1
    outer loop
      vertex -23.75 0 28
      vertex -29 -10 28
      vertex -23.7179 -0.489472 28
    endloop
  endfacet
  facet normal 0 0 1
    outer loop
      vertex -23.7179 -0.489472 28
      vertex -29 -10 28
      vertex -23.6222 -0.970571 28
    endloop
  endfacet
  facet normal 0 0 1
    outer loop
      vertex -23.6222 -0.970571 28
      vertex -29 -10 28
      vertex -23.4645 -1.43506 28
    endloop
  endfacet
  facet normal 0 0 1
    outer loop
      vertex -19.0294 -3.62222 28
      vertex -29 -10 28
      vertex -1 -10 28
    endloop
  endfacet
  facet normal 0 0 1
    outer loop
      vertex -21.4351 -3.46455 28
      vertex -29 -10 28
      vertex -20.9706 -3.62222 28
    endloop
  endfacet
  facet normal 0 0 1
    outer loop
      vertex -21.875 -3.24759 28
      vertex -29 -10 28
      vertex -21.4351 -3.46455 28
    endloop
  endfacet
  facet normal 0 0 1
    outer loop
      vertex -22.2829 -2.97507 28
      vertex -29 -10 28
      vertex -21.875 -3.24759 28
    endloop
  endfacet
  facet normal 0 0 1
    outer loop
      vertex -22.6516 -2.65165 28
      vertex -29 -10 28
      vertex -22.2829 -2.97507 28
    endloop
  endfacet
  facet normal 0 0 1
    outer loop
      vertex -22.9751 -2.28286 28
      vertex -29 -10 28
      vertex -22.6516 -2.65165 28
    endloop
  endfacet
  facet normal 0 0 1
    outer loop
      vertex -23.2476 -1.875 28
      vertex -29 -10 28
      vertex -22.9751 -2.28286 28
    endloop
  endfacet
  facet normal 0 0 1
    outer loop
      vertex -23.4645 -1.43506 28
      vertex -29 -10 28
      vertex -23.2476 -1.875 28
    endloop
  endfacet
  facet normal 1 0 0
    outer loop
      vertex 29 9.5 28
      vertex 29 -5.8 17
      vertex 29 9.5 6
    endloop
  endfacet
  facet normal 1 0 0
    outer loop
      vertex 29 9.5 28
      vertex 29 -5.81454 17.2219
      vertex 29 -5.8 17
    endloop
  endfacet
  facet normal 1 0 0
    outer loop
      vertex 29 9.5 28
      vertex 29 -5.85793 17.44
      vertex 29 -5.81454 17.2219
    endloop
  endfacet
  facet normal 1 0 0
    outer loop
      vertex 29 9.5 28
      vertex 29 -5.9294 17.6506
      vertex 29 -5.85793 17.44
    endloop
  endfacet
  facet normal 1 0 0
    outer loop
      vertex 29 9.5 28
      vertex 29 -6.02776 17.85
      vertex 29 -5.9294 17.6506
    endloop
  endfacet
  facet normal 1 0 0
    outer loop
      vertex 29 9.5 28
      vertex 29 -6.1513 18.0349
      vertex 29 -6.02776 17.85
    endloop
  endfacet
  facet normal 1 0 0
    outer loop
      vertex 29 9.5 28
      vertex 29 -6.29792 18.2021
      vertex 29 -6.1513 18.0349
    endloop
  endfacet
  facet normal 1 0 0
    outer loop
      vertex 29 9.5 28
      vertex 29 -6.46511 18.3487
      vertex 29 -6.29792 18.2021
    endloop
  endfacet
  facet normal 1 -0 0
    outer loop
      vertex 29 -10 28
      vertex 29 -6.46511 18.3487
      vertex 29 9.5 28
    endloop
  endfacet
  facet normal 1 0 0
    outer loop
      vertex 29 -6.46511 18.3487
      vertex 29 -10 28
      vertex 29 -6.65 18.4722
    endloop
  endfacet
  facet normal 1 0 0
    outer loop
      vertex 29 -6.65 18.4722
      vertex 29 -10 28
      vertex 29 -6.84944 18.5706
    endloop
  endfacet
  facet normal 1 0 0
    outer loop
      vertex 29 -6.84944 18.5706
      vertex 29 -10 28
      vertex 29 -7.06001 18.6421
    endloop
  endfacet
  facet normal 1 0 0
    outer loop
      vertex 29 -7.06001 18.6421
      vertex 29 -10 28
      vertex 29 -7.2781 18.6855
    endloop
  endfacet
  facet normal 1 0 0
    outer loop
      vertex 29 -7.2781 18.6855
      vertex 29 -10 28
      vertex 29 -7.5 18.7
    endloop
  endfacet
  facet normal 1 0 0
    outer loop
      vertex 29 -7.5 18.7
      vertex 29 -10 28
      vertex 29 -7.72189 18.6855
    endloop
  endfacet
  facet normal 1 0 0
    outer loop
      vertex 29 -7.72189 18.6855
      vertex 29 -10 28
      vertex 29 -7.93999 18.6421
    endloop
  endfacet
  facet normal 1 0 0
    outer loop
      vertex 29 -7.93999 18.6421
      vertex 29 -10 28
      vertex 29 -8.15056 18.5706
    endloop
  endfacet
  facet normal 1 0 0
    outer loop
      vertex 29 -9.18546 17.2219
      vertex 29 -10 28
      vertex 29 -9.2 17
    endloop
  endfacet
  facet normal 1 0 0
    outer loop
      vertex 29 -9.14207 17.44
      vertex 29 -10 28
      vertex 29 -9.18546 17.2219
    endloop
  endfacet
  facet normal 1 0 0
    outer loop
      vertex 29 -9.07059 17.6506
      vertex 29 -10 28
      vertex 29 -9.14207 17.44
    endloop
  endfacet
  facet normal 1 0 0
    outer loop
      vertex 29 -8.97224 17.85
      vertex 29 -10 28
      vertex 29 -9.07059 17.6506
    endloop
  endfacet
  facet normal 1 0 0
    outer loop
      vertex 29 -8.8487 18.0349
      vertex 29 -10 28
      vertex 29 -8.97224 17.85
    endloop
  endfacet
  facet normal 1 0 0
    outer loop
      vertex 29 -8.70208 18.2021
      vertex 29 -10 28
      vertex 29 -8.8487 18.0349
    endloop
  endfacet
  facet normal 1 0 0
    outer loop
      vertex 29 -8.53489 18.3487
      vertex 29 -10 28
      vertex 29 -8.70208 18.2021
    endloop
  endfacet
  facet normal 1 0 0
    outer loop
      vertex 29 -8.35 18.4722
      vertex 29 -10 28
      vertex 29 -8.53489 18.3487
    endloop
  endfacet
  facet normal 1 0 0
    outer loop
      vertex 29 -8.15056 18.5706
      vertex 29 -10 28
      vertex 29 -8.35 18.4722
    endloop
  endfacet
  facet normal 1 -0 0
    outer loop
      vertex 29 -5.81454 16.7781
      vertex 29 9.5 6
      vertex 29 -5.8 17
    endloop
  endfacet
  facet normal 1 -0 0
    outer loop
      vertex 29 -5.85793 16.56
      vertex 29 9.5 6
      vertex 29 -5.81454 16.7781
    endloop
  endfacet
  facet normal 1 -0 0
    outer loop
      vertex 29 -5.9294 16.3494
      vertex 29 9.5 6
      vertex 29 -5.85793 16.56
    endloop
  endfacet
  facet normal 1 -0 0
    outer loop
      vertex 29 -6.02776 16.15
      vertex 29 9.5 6
      vertex 29 -5.9294 16.3494
    endloop
  endfacet
  facet normal 1 -0 0
    outer loop
      vertex 29 -6.1513 15.9651
      vertex 29 9.5 6
      vertex 29 -6.02776 16.15
    endloop
  endfacet
  facet normal 1 -0 0
    outer loop
      vertex 29 -6.29792 15.7979
      vertex 29 9.5 6
      vertex 29 -6.1513 15.9651
    endloop
  endfacet
  facet normal 1 -0 0
    outer loop
      vertex 29 -6.46511 15.6513
      vertex 29 9.5 6
      vertex 29 -6.29792 15.7979
    endloop
  endfacet
  facet normal 1 0 0
    outer loop
      vertex 29 -10 6
      vertex 29 -6.46511 15.6513
      vertex 29 -6.65 15.5278
    endloop
  endfacet
  facet normal 1 0 0
    outer loop
      vertex 29 -10 6
      vertex 29 -6.65 15.5278
      vertex 29 -6.84944 15.4294
    endloop
  endfacet
  facet normal 1 0 0
    outer loop
      vertex 29 -10 6
      vertex 29 -6.84944 15.4294
      vertex 29 -7.06001 15.3579
    endloop
  endfacet
  facet normal 1 0 0
    outer loop
      vertex 29 -10 6
      vertex 29 -7.06001 15.3579
      vertex 29 -7.2781 15.3145
    endloop
  endfacet
  facet normal 1 0 0
    outer loop
      vertex 29 -10 6
      vertex 29 -7.2781 15.3145
      vertex 29 -7.5 15.3
    endloop
  endfacet
  facet normal 1 0 0
    outer loop
      vertex 29 -10 6
      vertex 29 -7.5 15.3
      vertex 29 -7.72189 15.3145
    endloop
  endfacet
  facet normal 1 0 0
    outer loop
      vertex 29 -10 6
      vertex 29 -7.72189 15.3145
      vertex 29 -7.93999 15.3579
    endloop
  endfacet
  facet normal 1 0 0
    outer loop
      vertex 29 -10 6
      vertex 29 -7.93999 15.3579
      vertex 29 -8.15056 15.4294
    endloop
  endfacet
  facet normal 1 0 0
    outer loop
      vertex 29 -10 6
      vertex 29 -8.15056 15.4294
      vertex 29 -8.35 15.5278
    endloop
  endfacet
  facet normal 1 0 0
    outer loop
      vertex 29 -10 6
      vertex 29 -9.2 17
      vertex 29 -10 28
    endloop
  endfacet
  facet normal 1 0 0
    outer loop
      vertex 29 -6.46511 15.6513
      vertex 29 -10 6
      vertex 29 9.5 6
    endloop
  endfacet
  facet normal 1 0 0
    outer loop
      vertex 29 -8.53489 15.6513
      vertex 29 -10 6
      vertex 29 -8.35 15.5278
    endloop
  endfacet
  facet normal 1 0 0
    outer loop
      vertex 29 -8.70208 15.7979
      vertex 29 -10 6
      vertex 29 -8.53489 15.6513
    endloop
  endfacet
  facet normal 1 0 0
    outer loop
      vertex 29 -8.8487 15.9651
      vertex 29 -10 6
      vertex 29 -8.70208 15.7979
    endloop
  endfacet
  facet normal 1 0 0
    outer loop
      vertex 29 -8.97224 16.15
      vertex 29 -10 6
      vertex 29 -8.8487 15.9651
    endloop
  endfacet
  facet normal 1 0 0
    outer loop
      vertex 29 -9.07059 16.3494
      vertex 29 -10 6
      vertex 29 -8.97224 16.15
    endloop
  endfacet
  facet normal 1 0 0
    outer loop
      vertex 29 -9.14207 16.56
      vertex 29 -10 6
      vertex 29 -9.07059 16.3494
    endloop
  endfacet
  facet normal 1 0 0
    outer loop
      vertex 29 -9.18546 16.7781
      vertex 29 -10 6
      vertex 29 -9.14207 16.56
    endloop
  endfacet
  facet normal 1 0 0
    outer loop
      vertex 29 -9.2 17
      vertex 29 -10 6
      vertex 29 -9.18546 16.7781
    endloop
  endfacet
  facet normal 0 1 -0
    outer loop
      vertex 29 9.5 6
      vertex -29 9.5 28
      vertex 29 9.5 28
    endloop
  endfacet
  facet normal 0 1 0
    outer loop
      vertex -29 9.5 28
      vertex 29 9.5 6
      vertex -29 9.5 6
    endloop
  endfacet
  facet normal 0 0 -1
    outer loop
      vertex -1 -10 6
      vertex -1.55291 -5.79555 6
      vertex -1 -5.90554 6
    endloop
  endfacet
  facet normal 0 0 -1
    outer loop
      vertex -1 -10 6
      vertex -2.2961 -5.54328 6
      vertex -1.55291 -5.79555 6
    endloop
  endfacet
  facet normal 0 0 -1
    outer loop
      vertex -1 -10 6
      vertex -3 -5.19615 6
      vertex -2.2961 -5.54328 6
    endloop
  endfacet
  facet normal 0 0 -1
    outer loop
      vertex -1 -10 6
      vertex -3.65257 -4.76012 6
      vertex -3 -5.19615 6
    endloop
  endfacet
  facet normal 0 0 -1
    outer loop
      vertex -1 -10 6
      vertex -4.24264 -4.24264 6
      vertex -3.65257 -4.76012 6
    endloop
  endfacet
  facet normal 0 0 -1
    outer loop
      vertex -19.359 -1.5475 6
      vertex -4.24264 -4.24264 6
      vertex -1 -10 6
    endloop
  endfacet
  facet normal 0 0 -1
    outer loop
      vertex -4.24264 -4.24264 6
      vertex -19.1625 -1.45059 6
      vertex -4.76012 -3.65257 6
    endloop
  endfacet
  facet normal 0 0 -1
    outer loop
      vertex -18.3393 -0.218631 6
      vertex -6 0 6
      vertex -5.94867 -0.783156 6
    endloop
  endfacet
  facet normal 0 0 -1
    outer loop
      vertex -18.3821 -0.433521 6
      vertex -5.94867 -0.783156 6
      vertex -5.79555 -1.55291 6
    endloop
  endfacet
  facet normal 0 0 -1
    outer loop
      vertex -18.5494 -0.8375 6
      vertex -5.79555 -1.55291 6
      vertex -5.54328 -2.2961 6
    endloop
  endfacet
  facet normal 0 0 -1
    outer loop
      vertex -18.6711 -1.01968 6
      vertex -5.54328 -2.2961 6
      vertex -5.19615 -3 6
    endloop
  endfacet
  facet normal 0 -0 -1
    outer loop
      vertex -18.9803 -1.32887 6
      vertex -4.76012 -3.65257 6
      vertex -19.1625 -1.45059 6
    endloop
  endfacet
  facet normal -0 0 -1
    outer loop
      vertex -6 0 6
      vertex -18.3393 -0.218631 6
      vertex -18.325 0 6
    endloop
  endfacet
  facet normal 0 0 -1
    outer loop
      vertex -5.94867 -0.783156 6
      vertex -18.3821 -0.433521 6
      vertex -18.3393 -0.218631 6
    endloop
  endfacet
  facet normal 0 0 -1
    outer loop
      vertex -5.79555 -1.55291 6
      vertex -18.4525 -0.640994 6
      vertex -18.3821 -0.433521 6
    endloop
  endfacet
  facet normal 0 0 -1
    outer loop
      vertex -5.79555 -1.55291 6
      vertex -18.5494 -0.8375 6
      vertex -18.4525 -0.640994 6
    endloop
  endfacet
  facet normal 0 0 -1
    outer loop
      vertex -5.54328 -2.2961 6
      vertex -18.6711 -1.01968 6
      vertex -18.5494 -0.8375 6
    endloop
  endfacet
  facet normal 0 0 -1
    outer loop
      vertex -5.19615 -3 6
      vertex -18.8156 -1.1844 6
      vertex -18.6711 -1.01968 6
    endloop
  endfacet
  facet normal 0 0 -1
    outer loop
      vertex -5.19615 -3 6
      vertex -18.9803 -1.32887 6
      vertex -18.8156 -1.1844 6
    endloop
  endfacet
  facet normal 0 0 -1
    outer loop
      vertex -4.76012 -3.65257 6
      vertex -18.9803 -1.32887 6
      vertex -5.19615 -3 6
    endloop
  endfacet
  facet normal 0 0 -1
    outer loop
      vertex -4.24264 -4.24264 6
      vertex -19.359 -1.5475 6
      vertex -19.1625 -1.45059 6
    endloop
  endfacet
  facet normal 0 0 -1
    outer loop
      vertex -1 -10 6
      vertex -19.5665 -1.61793 6
      vertex -19.359 -1.5475 6
    endloop
  endfacet
  facet normal 0 0 -1
    outer loop
      vertex -29 -10 6
      vertex -19.5665 -1.61793 6
      vertex -1 -10 6
    endloop
  endfacet
  facet normal 0 0 -1
    outer loop
      vertex -19.5665 -1.61793 6
      vertex -29 -10 6
      vertex -19.7814 -1.66067 6
    endloop
  endfacet
  facet normal 0 0 -1
    outer loop
      vertex -19.7814 -1.66067 6
      vertex -29 -10 6
      vertex -20 -1.675 6
    endloop
  endfacet
  facet normal -0 0 -1
    outer loop
      vertex -20 -1.675 6
      vertex -29 -10 6
      vertex -20.2186 -1.66067 6
    endloop
  endfacet
  facet normal -0 0 -1
    outer loop
      vertex -20.2186 -1.66067 6
      vertex -29 -10 6
      vertex -20.4335 -1.61793 6
    endloop
  endfacet
  facet normal -0 0 -1
    outer loop
      vertex -21.6607 -0.218631 6
      vertex -29 -10 6
      vertex -21.675 0 6
    endloop
  endfacet
  facet normal -0 0 -1
    outer loop
      vertex -21.6179 -0.433521 6
      vertex -29 -10 6
      vertex -21.6607 -0.218631 6
    endloop
  endfacet
  facet normal -0 0 -1
    outer loop
      vertex -21.5475 -0.640994 6
      vertex -29 -10 6
      vertex -21.6179 -0.433521 6
    endloop
  endfacet
  facet normal -0 0 -1
    outer loop
      vertex -21.4506 -0.8375 6
      vertex -29 -10 6
      vertex -21.5475 -0.640994 6
    endloop
  endfacet
  facet normal -0 0 -1
    outer loop
      vertex -21.3289 -1.01968 6
      vertex -29 -10 6
      vertex -21.4506 -0.8375 6
    endloop
  endfacet
  facet normal -0 0 -1
    outer loop
      vertex -21.1844 -1.1844 6
      vertex -29 -10 6
      vertex -21.3289 -1.01968 6
    endloop
  endfacet
  facet normal -0 0 -1
    outer loop
      vertex -21.0197 -1.32887 6
      vertex -29 -10 6
      vertex -21.1844 -1.1844 6
    endloop
  endfacet
  facet normal -0 0 -1
    outer loop
      vertex -20.8375 -1.45059 6
      vertex -29 -10 6
      vertex -21.0197 -1.32887 6
    endloop
  endfacet
  facet normal -0 0 -1
    outer loop
      vertex -20.641 -1.5475 6
      vertex -29 -10 6
      vertex -20.8375 -1.45059 6
    endloop
  endfacet
  facet normal -0 0 -1
    outer loop
      vertex -20.4335 -1.61793 6
      vertex -29 -10 6
      vertex -20.641 -1.5475 6
    endloop
  endfacet
  facet normal 0 0 -1
    outer loop
      vertex 29 -10 6
      vertex 21.675 0 6
      vertex 29 9.5 6
    endloop
  endfacet
  facet normal 0 0 -1
    outer loop
      vertex 29 -10 6
      vertex 21.6607 -0.218631 6
      vertex 21.675 0 6
    endloop
  endfacet
  facet normal 0 0 -1
    outer loop
      vertex 29 -10 6
      vertex 21.6179 -0.433521 6
      vertex 21.6607 -0.218631 6
    endloop
  endfacet
  facet normal 0 0 -1
    outer loop
      vertex 29 -10 6
      vertex 21.5475 -0.640994 6
      vertex 21.6179 -0.433521 6
    endloop
  endfacet
  facet normal 0 0 -1
    outer loop
      vertex 29 -10 6
      vertex 21.4506 -0.8375 6
      vertex 21.5475 -0.640994 6
    endloop
  endfacet
  facet normal 0 0 -1
    outer loop
      vertex 29 -10 6
      vertex 21.3289 -1.01968 6
      vertex 21.4506 -0.8375 6
    endloop
  endfacet
  facet normal 0 0 -1
    outer loop
      vertex 29 -10 6
      vertex 21.1844 -1.1844 6
      vertex 21.3289 -1.01968 6
    endloop
  endfacet
  facet normal 0 0 -1
    outer loop
      vertex 29 -10 6
      vertex 21.0197 -1.32887 6
      vertex 21.1844 -1.1844 6
    endloop
  endfacet
  facet normal 0 0 -1
    outer loop
      vertex 29 -10 6
      vertex 20.8375 -1.45059 6
      vertex 21.0197 -1.32887 6
    endloop
  endfacet
  facet normal 0 0 -1
    outer loop
      vertex 29 -10 6
      vertex 20.641 -1.5475 6
      vertex 20.8375 -1.45059 6
    endloop
  endfacet
  facet normal 0 0 -1
    outer loop
      vertex 29 -10 6
      vertex 20.4335 -1.61793 6
      vertex 20.641 -1.5475 6
    endloop
  endfacet
  facet normal 0 0 -1
    outer loop
      vertex 29 -10 6
      vertex 20.2186 -1.66067 6
      vertex 20.4335 -1.61793 6
    endloop
  endfacet
  facet normal 0 0 -1
    outer loop
      vertex 29 -10 6
      vertex 20 -1.675 6
      vertex 20.2186 -1.66067 6
    endloop
  endfacet
  facet normal 0 0 -1
    outer loop
      vertex 29 -10 6
      vertex 19.7814 -1.66067 6
      vertex 20 -1.675 6
    endloop
  endfacet
  facet normal 0 0 -1
    outer loop
      vertex 29 -10 6
      vertex 19.5665 -1.61793 6
      vertex 19.7814 -1.66067 6
    endloop
  endfacet
  facet normal 0 0 -1
    outer loop
      vertex 1 -10 6
      vertex 19.5665 -1.61793 6
      vertex 29 -10 6
    endloop
  endfacet
  facet normal -0 0 -1
    outer loop
      vertex 19.5665 -1.61793 6
      vertex 1 -10 6
      vertex 19.359 -1.5475 6
    endloop
  endfacet
  facet normal 0 -0 -1
    outer loop
      vertex 4.24264 -4.24264 6
      vertex 19.359 -1.5475 6
      vertex 1 -10 6
    endloop
  endfacet
  facet normal 0 0 -1
    outer loop
      vertex 18.3393 -0.218631 6
      vertex 6 0 6
      vertex 18.325 0 6
    endloop
  endfacet
  facet normal 0 0 -1
    outer loop
      vertex 5.94867 -0.783156 6
      vertex 18.3393 -0.218631 6
      vertex 18.3821 -0.433521 6
    endloop
  endfacet
  facet normal 0 0 -1
    outer loop
      vertex 5.79555 -1.55291 6
      vertex 18.3821 -0.433521 6
      vertex 18.4525 -0.640994 6
    endloop
  endfacet
  facet normal 0 0 -1
    outer loop
      vertex 5.79555 -1.55291 6
      vertex 18.4525 -0.640994 6
      vertex 18.5494 -0.8375 6
    endloop
  endfacet
  facet normal 0 0 -1
    outer loop
      vertex 5.54328 -2.2961 6
      vertex 18.5494 -0.8375 6
      vertex 18.6711 -1.01968 6
    endloop
  endfacet
  facet normal 0 0 -1
    outer loop
      vertex 5.19615 -3 6
      vertex 18.6711 -1.01968 6
      vertex 18.8156 -1.1844 6
    endloop
  endfacet
  facet normal 0 0 -1
    outer loop
      vertex 5.19615 -3 6
      vertex 18.8156 -1.1844 6
      vertex 18.9803 -1.32887 6
    endloop
  endfacet
  facet normal -0 0 -1
    outer loop
      vertex 19.359 -1.5475 6
      vertex 4.24264 -4.24264 6
      vertex 19.1625 -1.45059 6
    endloop
  endfacet
  facet normal -0 0 -1
    outer loop
      vertex 18.3393 -0.218631 6
      vertex 5.94867 -0.783156 6
      vertex 6 0 6
    endloop
  endfacet
  facet normal 0 0 -1
    outer loop
      vertex 18.3821 -0.433521 6
      vertex 5.79555 -1.55291 6
      vertex 5.94867 -0.783156 6
    endloop
  endfacet
  facet normal 0 0 -1
    outer loop
      vertex 18.5494 -0.8375 6
      vertex 5.54328 -2.2961 6
      vertex 5.79555 -1.55291 6
    endloop
  endfacet
  facet normal 0 0 -1
    outer loop
      vertex 18.6711 -1.01968 6
      vertex 5.19615 -3 6
      vertex 5.54328 -2.2961 6
    endloop
  endfacet
  facet normal 0 0 -1
    outer loop
      vertex 18.9803 -1.32887 6
      vertex 4.76012 -3.65257 6
      vertex 5.19615 -3 6
    endloop
  endfacet
  facet normal -0 0 -1
    outer loop
      vertex 19.1625 -1.45059 6
      vertex 4.76012 -3.65257 6
      vertex 18.9803 -1.32887 6
    endloop
  endfacet
  facet normal 0 -0 -1
    outer loop
      vertex 4.76012 -3.65257 6
      vertex 19.1625 -1.45059 6
      vertex 4.24264 -4.24264 6
    endloop
  endfacet
  facet normal 0 0 -1
    outer loop
      vertex 4.24264 -4.24264 6
      vertex 1 -10 6
      vertex 3.65257 -4.76012 6
    endloop
  endfacet
  facet normal 0 0 -1
    outer loop
      vertex 3.65257 -4.76012 6
      vertex 1 -10 6
      vertex 3 -5.19615 6
    endloop
  endfacet
  facet normal 0 0 -1
    outer loop
      vertex 3 -5.19615 6
      vertex 1 -10 6
      vertex 2.2961 -5.54328 6
    endloop
  endfacet
  facet normal 0 0 -1
    outer loop
      vertex 2.2961 -5.54328 6
      vertex 1 -10 6
      vertex 1.55291 -5.79555 6
    endloop
  endfacet
  facet normal 0 0 -1
    outer loop
      vertex 1.55291 -5.79555 6
      vertex 1 -10 6
      vertex 1 -5.90554 6
    endloop
  endfacet
  facet normal 0 0 -1
    outer loop
      vertex 21.6607 0.218631 6
      vertex 29 9.5 6
      vertex 21.675 0 6
    endloop
  endfacet
  facet normal 0 0 -1
    outer loop
      vertex 21.6179 0.433521 6
      vertex 29 9.5 6
      vertex 21.6607 0.218631 6
    endloop
  endfacet
  facet normal 0 0 -1
    outer loop
      vertex 21.5475 0.640994 6
      vertex 29 9.5 6
      vertex 21.6179 0.433521 6
    endloop
  endfacet
  facet normal 0 0 -1
    outer loop
      vertex 21.4506 0.8375 6
      vertex 29 9.5 6
      vertex 21.5475 0.640994 6
    endloop
  endfacet
  facet normal 0 0 -1
    outer loop
      vertex 21.3289 1.01968 6
      vertex 29 9.5 6
      vertex 21.4506 0.8375 6
    endloop
  endfacet
  facet normal 0 0 -1
    outer loop
      vertex 21.1844 1.1844 6
      vertex 29 9.5 6
      vertex 21.3289 1.01968 6
    endloop
  endfacet
  facet normal 0 0 -1
    outer loop
      vertex 21.0197 1.32887 6
      vertex 29 9.5 6
      vertex 21.1844 1.1844 6
    endloop
  endfacet
  facet normal 0 0 -1
    outer loop
      vertex 20.8375 1.45059 6
      vertex 29 9.5 6
      vertex 21.0197 1.32887 6
    endloop
  endfacet
  facet normal 0 0 -1
    outer loop
      vertex 20.641 1.5475 6
      vertex 29 9.5 6
      vertex 20.8375 1.45059 6
    endloop
  endfacet
  facet normal 0 0 -1
    outer loop
      vertex 20.4335 1.61793 6
      vertex 29 9.5 6
      vertex 20.641 1.5475 6
    endloop
  endfacet
  facet normal 0 0 -1
    outer loop
      vertex 20.2186 1.66067 6
      vertex 29 9.5 6
      vertex 20.4335 1.61793 6
    endloop
  endfacet
  facet normal 0 0 -1
    outer loop
      vertex 20 1.675 6
      vertex 29 9.5 6
      vertex 20.2186 1.66067 6
    endloop
  endfacet
  facet normal 0 0 -1
    outer loop
      vertex 19.7814 1.66067 6
      vertex 29 9.5 6
      vertex 20 1.675 6
    endloop
  endfacet
  facet normal 0 0 -1
    outer loop
      vertex 19.5665 1.61793 6
      vertex 29 9.5 6
      vertex 19.7814 1.66067 6
    endloop
  endfacet
  facet normal 0 0 -1
    outer loop
      vertex 3.65257 4.76012 6
      vertex 19.5665 1.61793 6
      vertex 19.359 1.5475 6
    endloop
  endfacet
  facet normal 0 0 -1
    outer loop
      vertex 4.24264 4.24264 6
      vertex 19.359 1.5475 6
      vertex 19.1625 1.45059 6
    endloop
  endfacet
  facet normal 0 0 -1
    outer loop
      vertex 4.76012 3.65257 6
      vertex 19.1625 1.45059 6
      vertex 18.9803 1.32887 6
    endloop
  endfacet
  facet normal 0 0 -1
    outer loop
      vertex 6 0 6
      vertex 18.3393 0.218631 6
      vertex 18.325 0 6
    endloop
  endfacet
  facet normal 0 0 -1
    outer loop
      vertex 5.94867 0.783156 6
      vertex 18.3393 0.218631 6
      vertex 6 0 6
    endloop
  endfacet
  facet normal 0 0 -1
    outer loop
      vertex 18.3393 0.218631 6
      vertex 5.94867 0.783156 6
      vertex 18.3821 0.433521 6
    endloop
  endfacet
  facet normal 0 0 -1
    outer loop
      vertex 5.79555 1.55291 6
      vertex 18.3821 0.433521 6
      vertex 5.94867 0.783156 6
    endloop
  endfacet
  facet normal 0 0 -1
    outer loop
      vertex 18.3821 0.433521 6
      vertex 5.79555 1.55291 6
      vertex 18.4525 0.640994 6
    endloop
  endfacet
  facet normal 0 0 -1
    outer loop
      vertex 18.4525 0.640994 6
      vertex 5.79555 1.55291 6
      vertex 18.5494 0.8375 6
    endloop
  endfacet
  facet normal 0 0 -1
    outer loop
      vertex 5.54328 2.2961 6
      vertex 18.5494 0.8375 6
      vertex 5.79555 1.55291 6
    endloop
  endfacet
  facet normal 0 0 -1
    outer loop
      vertex 18.5494 0.8375 6
      vertex 5.54328 2.2961 6
      vertex 18.6711 1.01968 6
    endloop
  endfacet
  facet normal 0 0 -1
    outer loop
      vertex 5.19615 3 6
      vertex 18.6711 1.01968 6
      vertex 5.54328 2.2961 6
    endloop
  endfacet
  facet normal 0 0 -1
    outer loop
      vertex 18.6711 1.01968 6
      vertex 5.19615 3 6
      vertex 18.8156 1.1844 6
    endloop
  endfacet
  facet normal 0 0 -1
    outer loop
      vertex 18.8156 1.1844 6
      vertex 5.19615 3 6
      vertex 18.9803 1.32887 6
    endloop
  endfacet
  facet normal 0 0 -1
    outer loop
      vertex 4.76012 3.65257 6
      vertex 18.9803 1.32887 6
      vertex 5.19615 3 6
    endloop
  endfacet
  facet normal 0 0 -1
    outer loop
      vertex 19.1625 1.45059 6
      vertex 4.76012 3.65257 6
      vertex 4.24264 4.24264 6
    endloop
  endfacet
  facet normal 0 0 -1
    outer loop
      vertex 19.359 1.5475 6
      vertex 4.24264 4.24264 6
      vertex 3.65257 4.76012 6
    endloop
  endfacet
  facet normal 0 0 -1
    outer loop
      vertex 19.5665 1.61793 6
      vertex 3.65257 4.76012 6
      vertex 29 9.5 6
    endloop
  endfacet
  facet normal 0 0 -1
    outer loop
      vertex 3 5.19615 6
      vertex 29 9.5 6
      vertex 3.65257 4.76012 6
    endloop
  endfacet
  facet normal 0 0 -1
    outer loop
      vertex 2.2961 5.54328 6
      vertex 29 9.5 6
      vertex 3 5.19615 6
    endloop
  endfacet
  facet normal 0 0 -1
    outer loop
      vertex 1.55291 5.79555 6
      vertex 29 9.5 6
      vertex 2.2961 5.54328 6
    endloop
  endfacet
  facet normal 0 0 -1
    outer loop
      vertex 0.783156 5.94867 6
      vertex 29 9.5 6
      vertex 1.55291 5.79555 6
    endloop
  endfacet
  facet normal 0 0 -1
    outer loop
      vertex 0 6 6
      vertex 29 9.5 6
      vertex 0.783156 5.94867 6
    endloop
  endfacet
  facet normal 0 0 -1
    outer loop
      vertex -29 9.5 6
      vertex 0 6 6
      vertex -0.783156 5.94867 6
    endloop
  endfacet
  facet normal 0 0 -1
    outer loop
      vertex -18.3393 0.218631 6
      vertex -6 0 6
      vertex -18.325 0 6
    endloop
  endfacet
  facet normal 0 0 -1
    outer loop
      vertex -6 0 6
      vertex -18.3393 0.218631 6
      vertex -5.94867 0.783156 6
    endloop
  endfacet
  facet normal 0 0 -1
    outer loop
      vertex -18.3821 0.433521 6
      vertex -5.94867 0.783156 6
      vertex -18.3393 0.218631 6
    endloop
  endfacet
  facet normal -0 0 -1
    outer loop
      vertex -5.94867 0.783156 6
      vertex -18.3821 0.433521 6
      vertex -5.79555 1.55291 6
    endloop
  endfacet
  facet normal 0 0 -1
    outer loop
      vertex -18.4525 0.640994 6
      vertex -5.79555 1.55291 6
      vertex -18.3821 0.433521 6
    endloop
  endfacet
  facet normal 0 0 -1
    outer loop
      vertex -18.5494 0.8375 6
      vertex -5.79555 1.55291 6
      vertex -18.4525 0.640994 6
    endloop
  endfacet
  facet normal -0 0 -1
    outer loop
      vertex -5.79555 1.55291 6
      vertex -18.5494 0.8375 6
      vertex -5.54328 2.2961 6
    endloop
  endfacet
  facet normal 0 0 -1
    outer loop
      vertex -18.6711 1.01968 6
      vertex -5.54328 2.2961 6
      vertex -18.5494 0.8375 6
    endloop
  endfacet
  facet normal -0 0 -1
    outer loop
      vertex -5.54328 2.2961 6
      vertex -18.6711 1.01968 6
      vertex -5.19615 3 6
    endloop
  endfacet
  facet normal 0 0 -1
    outer loop
      vertex -18.8156 1.1844 6
      vertex -5.19615 3 6
      vertex -18.6711 1.01968 6
    endloop
  endfacet
  facet normal 0 0 -1
    outer loop
      vertex -18.9803 1.32887 6
      vertex -5.19615 3 6
      vertex -18.8156 1.1844 6
    endloop
  endfacet
  facet normal -0 0 -1
    outer loop
      vertex -5.19615 3 6
      vertex -18.9803 1.32887 6
      vertex -4.76012 3.65257 6
    endloop
  endfacet
  facet normal 0 0 -1
    outer loop
      vertex -19.1625 1.45059 6
      vertex -4.76012 3.65257 6
      vertex -18.9803 1.32887 6
    endloop
  endfacet
  facet normal -0 0 -1
    outer loop
      vertex -4.76012 3.65257 6
      vertex -19.1625 1.45059 6
      vertex -4.24264 4.24264 6
    endloop
  endfacet
  facet normal 0 0 -1
    outer loop
      vertex -19.359 1.5475 6
      vertex -4.24264 4.24264 6
      vertex -19.1625 1.45059 6
    endloop
  endfacet
  facet normal -0 0 -1
    outer loop
      vertex -4.24264 4.24264 6
      vertex -19.359 1.5475 6
      vertex -3.65257 4.76012 6
    endloop
  endfacet
  facet normal 0 0 -1
    outer loop
      vertex -19.5665 1.61793 6
      vertex -3.65257 4.76012 6
      vertex -19.359 1.5475 6
    endloop
  endfacet
  facet normal 0 0 -1
    outer loop
      vertex -29 9.5 6
      vertex -3.65257 4.76012 6
      vertex -19.5665 1.61793 6
    endloop
  endfacet
  facet normal 0 0 -1
    outer loop
      vertex -3.65257 4.76012 6
      vertex -29 9.5 6
      vertex -3 5.19615 6
    endloop
  endfacet
  facet normal 0 0 -1
    outer loop
      vertex -3 5.19615 6
      vertex -29 9.5 6
      vertex -2.2961 5.54328 6
    endloop
  endfacet
  facet normal 0 0 -1
    outer loop
      vertex -29 9.5 6
      vertex -19.5665 1.61793 6
      vertex -19.7814 1.66067 6
    endloop
  endfacet
  facet normal 0 0 -1
    outer loop
      vertex -29 9.5 6
      vertex -19.7814 1.66067 6
      vertex -20 1.675 6
    endloop
  endfacet
  facet normal 0 0 -1
    outer loop
      vertex -29 9.5 6
      vertex -20 1.675 6
      vertex -20.2186 1.66067 6
    endloop
  endfacet
  facet normal 0 0 -1
    outer loop
      vertex -29 9.5 6
      vertex -20.2186 1.66067 6
      vertex -20.4335 1.61793 6
    endloop
  endfacet
  facet normal 0 0 -1
    outer loop
      vertex -29 9.5 6
      vertex -21.675 0 6
      vertex -29 -10 6
    endloop
  endfacet
  facet normal 0 0 -1
    outer loop
      vertex -21.675 0 6
      vertex -29 9.5 6
      vertex -21.6607 0.218631 6
    endloop
  endfacet
  facet normal 0 0 -1
    outer loop
      vertex -21.6607 0.218631 6
      vertex -29 9.5 6
      vertex -21.6179 0.433521 6
    endloop
  endfacet
  facet normal 0 0 -1
    outer loop
      vertex -21.6179 0.433521 6
      vertex -29 9.5 6
      vertex -21.5475 0.640994 6
    endloop
  endfacet
  facet normal 0 0 -1
    outer loop
      vertex -21.5475 0.640994 6
      vertex -29 9.5 6
      vertex -21.4506 0.8375 6
    endloop
  endfacet
  facet normal 0 0 -1
    outer loop
      vertex 0 6 6
      vertex -29 9.5 6
      vertex 29 9.5 6
    endloop
  endfacet
  facet normal 0 0 -1
    outer loop
      vertex -1.55291 5.79555 6
      vertex -29 9.5 6
      vertex -0.783156 5.94867 6
    endloop
  endfacet
  facet normal 0 0 -1
    outer loop
      vertex -2.2961 5.54328 6
      vertex -29 9.5 6
      vertex -1.55291 5.79555 6
    endloop
  endfacet
  facet normal 0 0 -1
    outer loop
      vertex -20.641 1.5475 6
      vertex -29 9.5 6
      vertex -20.4335 1.61793 6
    endloop
  endfacet
  facet normal 0 0 -1
    outer loop
      vertex -20.8375 1.45059 6
      vertex -29 9.5 6
      vertex -20.641 1.5475 6
    endloop
  endfacet
  facet normal 0 0 -1
    outer loop
      vertex -21.0197 1.32887 6
      vertex -29 9.5 6
      vertex -20.8375 1.45059 6
    endloop
  endfacet
  facet normal 0 0 -1
    outer loop
      vertex -21.1844 1.1844 6
      vertex -29 9.5 6
      vertex -21.0197 1.32887 6
    endloop
  endfacet
  facet normal 0 0 -1
    outer loop
      vertex -21.3289 1.01968 6
      vertex -29 9.5 6
      vertex -21.1844 1.1844 6
    endloop
  endfacet
  facet normal 0 0 -1
    outer loop
      vertex -21.4506 0.8375 6
      vertex -29 9.5 6
      vertex -21.3289 1.01968 6
    endloop
  endfacet
  facet normal 0 -1 0
    outer loop
      vertex 1 -10 6
      vertex 29 -10 28
      vertex 1 -10 28
    endloop
  endfacet
  facet normal 0 -1 -0
    outer loop
      vertex 29 -10 28
      vertex 1 -10 6
      vertex 29 -10 6
    endloop
  endfacet
  facet normal 0 -1 0
    outer loop
      vertex -29 -10 6
      vertex -1 -10 28
      vertex -29 -10 28
    endloop
  endfacet
  facet normal 0 -1 -0
    outer loop
      vertex -1 -10 28
      vertex -29 -10 6
      vertex -1 -10 6
    endloop
  endfacet
  facet normal -0.659348 -0.751838 0
    outer loop
      vertex 3.65257 4.76012 6
      vertex 4.24264 4.24264 28
      vertex 3.65257 4.76012 28
    endloop
  endfacet
  facet normal -0.659348 -0.751838 -0
    outer loop
      vertex 4.24264 4.24264 28
      vertex 3.65257 4.76012 6
      vertex 4.24264 4.24264 6
    endloop
  endfacet
  facet normal 0.946934 -0.321429 1.76604e-19
    outer loop
      vertex -5.79555 1.55291 28
      vertex -5.54328 2.2961 6
      vertex -5.54328 2.2961 28
    endloop
  endfacet
  facet normal 0.946934 -0.321429 1.76604e-19
    outer loop
      vertex -5.54328 2.2961 6
      vertex -5.79555 1.55291 28
      vertex -5.79555 1.55291 6
    endloop
  endfacet
  facet normal 0.321429 0.946934 -0
    outer loop
      vertex -1.55291 -5.79555 6
      vertex -2.2961 -5.54328 28
      vertex -1.55291 -5.79555 28
    endloop
  endfacet
  facet normal 0.321429 0.946934 0
    outer loop
      vertex -2.2961 -5.54328 28
      vertex -1.55291 -5.79555 6
      vertex -2.2961 -5.54328 6
    endloop
  endfacet
  facet normal 0.321429 -0.946934 0
    outer loop
      vertex -2.2961 5.54328 6
      vertex -1.55291 5.79555 28
      vertex -2.2961 5.54328 28
    endloop
  endfacet
  facet normal 0.321429 -0.946934 0
    outer loop
      vertex -1.55291 5.79555 28
      vertex -2.2961 5.54328 6
      vertex -1.55291 5.79555 6
    endloop
  endfacet
  facet normal 0.89687 -0.442294 -2.74716e-19
    outer loop
      vertex -5.54328 2.2961 28
      vertex -5.19615 3 6
      vertex -5.19615 3 28
    endloop
  endfacet
  facet normal 0.89687 -0.442294 -2.74716e-19
    outer loop
      vertex -5.19615 3 6
      vertex -5.54328 2.2961 28
      vertex -5.54328 2.2961 6
    endloop
  endfacet
  facet normal -0.89687 -0.442294 2.74716e-19
    outer loop
      vertex 5.54328 2.2961 6
      vertex 5.19615 3 28
      vertex 5.19615 3 6
    endloop
  endfacet
  facet normal -0.89687 -0.442294 2.74716e-19
    outer loop
      vertex 5.19615 3 28
      vertex 5.54328 2.2961 6
      vertex 5.54328 2.2961 28
    endloop
  endfacet
  facet normal -0.831472 -0.555567 -4.55246e-19
    outer loop
      vertex 5.19615 3 6
      vertex 4.76012 3.65257 28
      vertex 4.76012 3.65257 6
    endloop
  endfacet
  facet normal -0.831472 -0.555567 -4.55246e-19
    outer loop
      vertex 4.76012 3.65257 28
      vertex 5.19615 3 6
      vertex 5.19615 3 28
    endloop
  endfacet
  facet normal -0.751838 -0.659348 3.92454e-19
    outer loop
      vertex 4.76012 3.65257 6
      vertex 4.24264 4.24264 28
      vertex 4.24264 4.24264 6
    endloop
  endfacet
  facet normal -0.751838 -0.659348 3.92454e-19
    outer loop
      vertex 4.24264 4.24264 28
      vertex 4.76012 3.65257 6
      vertex 4.76012 3.65257 28
    endloop
  endfacet
  facet normal -0.442294 -0.89687 0
    outer loop
      vertex 2.2961 5.54328 6
      vertex 3 5.19615 28
      vertex 2.2961 5.54328 28
    endloop
  endfacet
  facet normal -0.442294 -0.89687 -0
    outer loop
      vertex 3 5.19615 28
      vertex 2.2961 5.54328 6
      vertex 3 5.19615 6
    endloop
  endfacet
  facet normal -0.195098 -0.980784 0
    outer loop
      vertex 0.783156 5.94867 6
      vertex 1.55291 5.79555 28
      vertex 0.783156 5.94867 28
    endloop
  endfacet
  facet normal -0.195098 -0.980784 -0
    outer loop
      vertex 1.55291 5.79555 28
      vertex 0.783156 5.94867 6
      vertex 1.55291 5.79555 6
    endloop
  endfacet
  facet normal 0.980784 -0.195098 1.75427e-19
    outer loop
      vertex -5.94867 0.783156 28
      vertex -5.79555 1.55291 6
      vertex -5.79555 1.55291 28
    endloop
  endfacet
  facet normal 0.980784 -0.195098 1.75427e-19
    outer loop
      vertex -5.79555 1.55291 6
      vertex -5.94867 0.783156 28
      vertex -5.94867 0.783156 6
    endloop
  endfacet
  facet normal 0.751838 -0.659348 -3.92454e-19
    outer loop
      vertex -4.76012 3.65257 28
      vertex -4.24264 4.24264 6
      vertex -4.24264 4.24264 28
    endloop
  endfacet
  facet normal 0.751838 -0.659348 -3.92454e-19
    outer loop
      vertex -4.24264 4.24264 6
      vertex -4.76012 3.65257 28
      vertex -4.76012 3.65257 6
    endloop
  endfacet
  facet normal 0.442294 -0.89687 0
    outer loop
      vertex -3 5.19615 6
      vertex -2.2961 5.54328 28
      vertex -3 5.19615 28
    endloop
  endfacet
  facet normal 0.442294 -0.89687 0
    outer loop
      vertex -2.2961 5.54328 28
      vertex -3 5.19615 6
      vertex -2.2961 5.54328 6
    endloop
  endfacet
  facet normal 0.195098 -0.980784 0
    outer loop
      vertex -1.55291 5.79555 6
      vertex -0.783156 5.94867 28
      vertex -1.55291 5.79555 28
    endloop
  endfacet
  facet normal 0.195098 -0.980784 0
    outer loop
      vertex -0.783156 5.94867 28
      vertex -1.55291 5.79555 6
      vertex -0.783156 5.94867 6
    endloop
  endfacet
  facet normal -0.997859 0.0654022 -1.41872e-19
    outer loop
      vertex 5.94867 -0.783156 6
      vertex 6 0 28
      vertex 6 0 6
    endloop
  endfacet
  facet normal -0.997859 0.0654022 -1.41872e-19
    outer loop
      vertex 6 0 28
      vertex 5.94867 -0.783156 6
      vertex 5.94867 -0.783156 28
    endloop
  endfacet
  facet normal -0.321429 0.946934 0
    outer loop
      vertex 2.2961 -5.54328 6
      vertex 1.55291 -5.79555 28
      vertex 2.2961 -5.54328 28
    endloop
  endfacet
  facet normal -0.321429 0.946934 0
    outer loop
      vertex 1.55291 -5.79555 28
      vertex 2.2961 -5.54328 6
      vertex 1.55291 -5.79555 6
    endloop
  endfacet
  facet normal -0.442294 0.89687 0
    outer loop
      vertex 3 -5.19615 6
      vertex 2.2961 -5.54328 28
      vertex 3 -5.19615 28
    endloop
  endfacet
  facet normal -0.442294 0.89687 0
    outer loop
      vertex 2.2961 -5.54328 28
      vertex 3 -5.19615 6
      vertex 2.2961 -5.54328 6
    endloop
  endfacet
  facet normal -0.751838 0.659348 -3.92454e-19
    outer loop
      vertex 4.24264 -4.24264 6
      vertex 4.76012 -3.65257 28
      vertex 4.76012 -3.65257 6
    endloop
  endfacet
  facet normal -0.751838 0.659348 -3.92454e-19
    outer loop
      vertex 4.76012 -3.65257 28
      vertex 4.24264 -4.24264 6
      vertex 4.24264 -4.24264 28
    endloop
  endfacet
  facet normal 0.195106 0.980782 -0
    outer loop
      vertex -1 -5.90554 17.5802
      vertex -1.55291 -5.79555 28
      vertex -1 -5.90554 28
    endloop
  endfacet
  facet normal 0.195092 0.980785 -7.86231e-07
    outer loop
      vertex -1.23935 -5.85793 17.44
      vertex -1.55291 -5.79555 28
      vertex -1 -5.90554 17.5802
    endloop
  endfacet
  facet normal 0.195121 0.980779 1.20099e-07
    outer loop
      vertex -1.45745 -5.81454 17.2219
      vertex -1.55291 -5.79555 28
      vertex -1.23935 -5.85793 17.44
    endloop
  endfacet
  facet normal 0.195035 0.980796 -6.79172e-07
    outer loop
      vertex -1.53057 -5.8 17
      vertex -1.55291 -5.79555 28
      vertex -1.45745 -5.81454 17.2219
    endloop
  endfacet
  facet normal 0.195106 0.980782 -4.99502e-19
    outer loop
      vertex -1.55291 -5.79555 6
      vertex -1 -5.90554 16.4198
      vertex -1 -5.90554 6
    endloop
  endfacet
  facet normal 0.195092 0.980785 7.86231e-07
    outer loop
      vertex -1 -5.90554 16.4198
      vertex -1.55291 -5.79555 6
      vertex -1.23935 -5.85793 16.56
    endloop
  endfacet
  facet normal 0.195121 0.980779 -1.20099e-07
    outer loop
      vertex -1.23935 -5.85793 16.56
      vertex -1.55291 -5.79555 6
      vertex -1.45745 -5.81454 16.7781
    endloop
  endfacet
  facet normal 0.195356 0.980732 1.1792e-20
    outer loop
      vertex -1.53057 -5.8 17
      vertex -1.55291 -5.79555 6
      vertex -1.55291 -5.79555 28
    endloop
  endfacet
  facet normal 0.195035 0.980796 6.79172e-07
    outer loop
      vertex -1.45745 -5.81454 16.7781
      vertex -1.55291 -5.79555 6
      vertex -1.53057 -5.8 17
    endloop
  endfacet
  facet normal 0.659348 0.751838 -0
    outer loop
      vertex -3.65257 -4.76012 6
      vertex -4.24264 -4.24264 28
      vertex -3.65257 -4.76012 28
    endloop
  endfacet
  facet normal 0.659348 0.751838 0
    outer loop
      vertex -4.24264 -4.24264 28
      vertex -3.65257 -4.76012 6
      vertex -4.24264 -4.24264 6
    endloop
  endfacet
  facet normal 0.89687 0.442294 2.74716e-19
    outer loop
      vertex -5.19615 -3 28
      vertex -5.54328 -2.2961 6
      vertex -5.54328 -2.2961 28
    endloop
  endfacet
  facet normal 0.89687 0.442294 2.74716e-19
    outer loop
      vertex -5.54328 -2.2961 6
      vertex -5.19615 -3 28
      vertex -5.19615 -3 6
    endloop
  endfacet
  facet normal -0.980784 -0.195098 -1.75427e-19
    outer loop
      vertex 5.94867 0.783156 6
      vertex 5.79555 1.55291 28
      vertex 5.79555 1.55291 6
    endloop
  endfacet
  facet normal -0.980784 -0.195098 -1.75427e-19
    outer loop
      vertex 5.79555 1.55291 28
      vertex 5.94867 0.783156 6
      vertex 5.94867 0.783156 28
    endloop
  endfacet
  facet normal -0.946934 -0.321429 -1.76604e-19
    outer loop
      vertex 5.79555 1.55291 6
      vertex 5.54328 2.2961 28
      vertex 5.54328 2.2961 6
    endloop
  endfacet
  facet normal -0.946934 -0.321429 -1.76604e-19
    outer loop
      vertex 5.54328 2.2961 28
      vertex 5.79555 1.55291 6
      vertex 5.79555 1.55291 28
    endloop
  endfacet
  facet normal -0.555567 -0.831472 0
    outer loop
      vertex 3 5.19615 6
      vertex 3.65257 4.76012 28
      vertex 3 5.19615 28
    endloop
  endfacet
  facet normal -0.555567 -0.831472 -0
    outer loop
      vertex 3.65257 4.76012 28
      vertex 3 5.19615 6
      vertex 3.65257 4.76012 6
    endloop
  endfacet
  facet normal -0.0654022 -0.997859 0
    outer loop
      vertex 0 6 6
      vertex 0.783156 5.94867 28
      vertex 0 6 28
    endloop
  endfacet
  facet normal -0.0654022 -0.997859 -0
    outer loop
      vertex 0.783156 5.94867 28
      vertex 0 6 6
      vertex 0.783156 5.94867 6
    endloop
  endfacet
  facet normal -0.321429 -0.946934 0
    outer loop
      vertex 1.55291 5.79555 6
      vertex 2.2961 5.54328 28
      vertex 1.55291 5.79555 28
    endloop
  endfacet
  facet normal -0.321429 -0.946934 -0
    outer loop
      vertex 2.2961 5.54328 28
      vertex 1.55291 5.79555 6
      vertex 2.2961 5.54328 6
    endloop
  endfacet
  facet normal 0.997859 -0.0654022 -1.41872e-19
    outer loop
      vertex -6 0 28
      vertex -5.94867 0.783156 6
      vertex -5.94867 0.783156 28
    endloop
  endfacet
  facet normal 0.997859 -0.0654022 -1.41872e-19
    outer loop
      vertex -5.94867 0.783156 6
      vertex -6 0 28
      vertex -6 0 6
    endloop
  endfacet
  facet normal 0.831472 -0.555567 4.55246e-19
    outer loop
      vertex -5.19615 3 28
      vertex -4.76012 3.65257 6
      vertex -4.76012 3.65257 28
    endloop
  endfacet
  facet normal 0.831472 -0.555567 4.55246e-19
    outer loop
      vertex -4.76012 3.65257 6
      vertex -5.19615 3 28
      vertex -5.19615 3 6
    endloop
  endfacet
  facet normal 0.0654022 -0.997859 0
    outer loop
      vertex -0.783156 5.94867 6
      vertex 0 6 28
      vertex -0.783156 5.94867 28
    endloop
  endfacet
  facet normal 0.0654022 -0.997859 0
    outer loop
      vertex 0 6 28
      vertex -0.783156 5.94867 6
      vertex 0 6 6
    endloop
  endfacet
  facet normal 0.555567 -0.831472 0
    outer loop
      vertex -3.65257 4.76012 6
      vertex -3 5.19615 28
      vertex -3.65257 4.76012 28
    endloop
  endfacet
  facet normal 0.555567 -0.831472 0
    outer loop
      vertex -3 5.19615 28
      vertex -3.65257 4.76012 6
      vertex -3 5.19615 6
    endloop
  endfacet
  facet normal 0.659348 -0.751838 0
    outer loop
      vertex -4.24264 4.24264 6
      vertex -3.65257 4.76012 28
      vertex -4.24264 4.24264 28
    endloop
  endfacet
  facet normal 0.659348 -0.751838 0
    outer loop
      vertex -3.65257 4.76012 28
      vertex -4.24264 4.24264 6
      vertex -3.65257 4.76012 6
    endloop
  endfacet
  facet normal -0.997859 -0.0654022 1.41872e-19
    outer loop
      vertex 6 0 6
      vertex 5.94867 0.783156 28
      vertex 5.94867 0.783156 6
    endloop
  endfacet
  facet normal -0.997859 -0.0654022 1.41872e-19
    outer loop
      vertex 5.94867 0.783156 28
      vertex 6 0 6
      vertex 6 0 28
    endloop
  endfacet
  facet normal -0.946934 0.321429 1.76604e-19
    outer loop
      vertex 5.54328 -2.2961 6
      vertex 5.79555 -1.55291 28
      vertex 5.79555 -1.55291 6
    endloop
  endfacet
  facet normal -0.946934 0.321429 1.76604e-19
    outer loop
      vertex 5.79555 -1.55291 28
      vertex 5.54328 -2.2961 6
      vertex 5.54328 -2.2961 28
    endloop
  endfacet
  facet normal -0.555567 0.831472 0
    outer loop
      vertex 3.65257 -4.76012 6
      vertex 3 -5.19615 28
      vertex 3.65257 -4.76012 28
    endloop
  endfacet
  facet normal -0.555567 0.831472 0
    outer loop
      vertex 3 -5.19615 28
      vertex 3.65257 -4.76012 6
      vertex 3 -5.19615 6
    endloop
  endfacet
  facet normal -0.89687 0.442294 -2.74716e-19
    outer loop
      vertex 5.19615 -3 6
      vertex 5.54328 -2.2961 28
      vertex 5.54328 -2.2961 6
    endloop
  endfacet
  facet normal -0.89687 0.442294 -2.74716e-19
    outer loop
      vertex 5.54328 -2.2961 28
      vertex 5.19615 -3 6
      vertex 5.19615 -3 28
    endloop
  endfacet
  facet normal 0.442294 0.89687 -0
    outer loop
      vertex -2.2961 -5.54328 6
      vertex -3 -5.19615 28
      vertex -2.2961 -5.54328 28
    endloop
  endfacet
  facet normal 0.442294 0.89687 0
    outer loop
      vertex -3 -5.19615 28
      vertex -2.2961 -5.54328 6
      vertex -3 -5.19615 6
    endloop
  endfacet
  facet normal 0.946934 0.321429 -1.76604e-19
    outer loop
      vertex -5.54328 -2.2961 28
      vertex -5.79555 -1.55291 6
      vertex -5.79555 -1.55291 28
    endloop
  endfacet
  facet normal 0.946934 0.321429 -1.76604e-19
    outer loop
      vertex -5.79555 -1.55291 6
      vertex -5.54328 -2.2961 28
      vertex -5.54328 -2.2961 6
    endloop
  endfacet
  facet normal 0.997859 0.0654022 1.41872e-19
    outer loop
      vertex -5.94867 -0.783156 28
      vertex -6 0 6
      vertex -6 0 28
    endloop
  endfacet
  facet normal 0.997859 0.0654022 1.41872e-19
    outer loop
      vertex -6 0 6
      vertex -5.94867 -0.783156 28
      vertex -5.94867 -0.783156 6
    endloop
  endfacet
  facet normal 0.831472 0.555567 -4.55246e-19
    outer loop
      vertex -4.76012 -3.65257 28
      vertex -5.19615 -3 6
      vertex -5.19615 -3 28
    endloop
  endfacet
  facet normal 0.831472 0.555567 -4.55246e-19
    outer loop
      vertex -5.19615 -3 6
      vertex -4.76012 -3.65257 28
      vertex -4.76012 -3.65257 6
    endloop
  endfacet
  facet normal -0.980784 0.195098 1.75427e-19
    outer loop
      vertex 5.79555 -1.55291 6
      vertex 5.94867 -0.783156 28
      vertex 5.94867 -0.783156 6
    endloop
  endfacet
  facet normal -0.980784 0.195098 1.75427e-19
    outer loop
      vertex 5.94867 -0.783156 28
      vertex 5.79555 -1.55291 6
      vertex 5.79555 -1.55291 28
    endloop
  endfacet
  facet normal -0.195106 0.980782 4.99502e-19
    outer loop
      vertex 1.55291 -5.79555 28
      vertex 1 -5.90554 17.5802
      vertex 1 -5.90554 28
    endloop
  endfacet
  facet normal -0.195092 0.980785 -7.86231e-07
    outer loop
      vertex 1.55291 -5.79555 28
      vertex 1.23935 -5.85793 17.44
      vertex 1 -5.90554 17.5802
    endloop
  endfacet
  facet normal -0.195121 0.980779 1.20099e-07
    outer loop
      vertex 1.55291 -5.79555 28
      vertex 1.45745 -5.81454 17.2219
      vertex 1.23935 -5.85793 17.44
    endloop
  endfacet
  facet normal -0.195035 0.980796 -6.79172e-07
    outer loop
      vertex 1.55291 -5.79555 28
      vertex 1.53057 -5.8 17
      vertex 1.45745 -5.81454 17.2219
    endloop
  endfacet
  facet normal -0.195356 0.980732 0
    outer loop
      vertex 1.55291 -5.79555 6
      vertex 1.53057 -5.8 17
      vertex 1.55291 -5.79555 28
    endloop
  endfacet
  facet normal -0.195035 0.980796 6.79172e-07
    outer loop
      vertex 1.55291 -5.79555 6
      vertex 1.45745 -5.81454 16.7781
      vertex 1.53057 -5.8 17
    endloop
  endfacet
  facet normal -0.195121 0.980779 -1.20099e-07
    outer loop
      vertex 1.55291 -5.79555 6
      vertex 1.23935 -5.85793 16.56
      vertex 1.45745 -5.81454 16.7781
    endloop
  endfacet
  facet normal -0.195092 0.980785 7.86231e-07
    outer loop
      vertex 1.55291 -5.79555 6
      vertex 1 -5.90554 16.4198
      vertex 1.23935 -5.85793 16.56
    endloop
  endfacet
  facet normal -0.195106 0.980782 0
    outer loop
      vertex 1 -5.90554 16.4198
      vertex 1.55291 -5.79555 6
      vertex 1 -5.90554 6
    endloop
  endfacet
  facet normal -0.659348 0.751838 0
    outer loop
      vertex 4.24264 -4.24264 6
      vertex 3.65257 -4.76012 28
      vertex 4.24264 -4.24264 28
    endloop
  endfacet
  facet normal -0.659348 0.751838 0
    outer loop
      vertex 3.65257 -4.76012 28
      vertex 4.24264 -4.24264 6
      vertex 3.65257 -4.76012 6
    endloop
  endfacet
  facet normal -0.831472 0.555567 4.55246e-19
    outer loop
      vertex 4.76012 -3.65257 6
      vertex 5.19615 -3 28
      vertex 5.19615 -3 6
    endloop
  endfacet
  facet normal -0.831472 0.555567 4.55246e-19
    outer loop
      vertex 5.19615 -3 28
      vertex 4.76012 -3.65257 6
      vertex 4.76012 -3.65257 28
    endloop
  endfacet
  facet normal 0.555567 0.831472 -0
    outer loop
      vertex -3 -5.19615 6
      vertex -3.65257 -4.76012 28
      vertex -3 -5.19615 28
    endloop
  endfacet
  facet normal 0.555567 0.831472 0
    outer loop
      vertex -3.65257 -4.76012 28
      vertex -3 -5.19615 6
      vertex -3.65257 -4.76012 6
    endloop
  endfacet
  facet normal 0.980784 0.195098 -1.75427e-19
    outer loop
      vertex -5.79555 -1.55291 28
      vertex -5.94867 -0.783156 6
      vertex -5.94867 -0.783156 28
    endloop
  endfacet
  facet normal 0.980784 0.195098 -1.75427e-19
    outer loop
      vertex -5.94867 -0.783156 6
      vertex -5.79555 -1.55291 28
      vertex -5.79555 -1.55291 6
    endloop
  endfacet
  facet normal 0.751838 0.659348 3.92454e-19
    outer loop
      vertex -4.24264 -4.24264 28
      vertex -4.76012 -3.65257 6
      vertex -4.76012 -3.65257 28
    endloop
  endfacet
  facet normal 0.751838 0.659348 3.92454e-19
    outer loop
      vertex -4.76012 -3.65257 6
      vertex -4.24264 -4.24264 28
      vertex -4.24264 -4.24264 6
    endloop
  endfacet
  facet normal 1 0 0
    outer loop
      vertex -1 -5.90554 28
      vertex -1 -5.9294 17.6506
      vertex -1 -5.90554 17.5802
    endloop
  endfacet
  facet normal 1 0 0
    outer loop
      vertex -1 -5.90554 28
      vertex -1 -6.02776 17.85
      vertex -1 -5.9294 17.6506
    endloop
  endfacet
  facet normal 1 0 0
    outer loop
      vertex -1 -5.90554 28
      vertex -1 -6.1513 18.0349
      vertex -1 -6.02776 17.85
    endloop
  endfacet
  facet normal 1 0 0
    outer loop
      vertex -1 -5.90554 28
      vertex -1 -6.29792 18.2021
      vertex -1 -6.1513 18.0349
    endloop
  endfacet
  facet normal 1 0 0
    outer loop
      vertex -1 -5.90554 28
      vertex -1 -6.46511 18.3487
      vertex -1 -6.29792 18.2021
    endloop
  endfacet
  facet normal 1 0 0
    outer loop
      vertex -1 -5.90554 28
      vertex -1 -6.65 18.4722
      vertex -1 -6.46511 18.3487
    endloop
  endfacet
  facet normal 1 0 0
    outer loop
      vertex -1 -5.90554 28
      vertex -1 -6.84944 18.5706
      vertex -1 -6.65 18.4722
    endloop
  endfacet
  facet normal 1 0 0
    outer loop
      vertex -1 -5.90554 28
      vertex -1 -7.06001 18.6421
      vertex -1 -6.84944 18.5706
    endloop
  endfacet
  facet normal 1 0 0
    outer loop
      vertex -1 -5.90554 28
      vertex -1 -7.2781 18.6855
      vertex -1 -7.06001 18.6421
    endloop
  endfacet
  facet normal 1 0 0
    outer loop
      vertex -1 -5.90554 28
      vertex -1 -7.5 18.7
      vertex -1 -7.2781 18.6855
    endloop
  endfacet
  facet normal 1 0 0
    outer loop
      vertex -1 -5.90554 28
      vertex -1 -7.72189 18.6855
      vertex -1 -7.5 18.7
    endloop
  endfacet
  facet normal 1 -0 0
    outer loop
      vertex -1 -10 28
      vertex -1 -7.72189 18.6855
      vertex -1 -5.90554 28
    endloop
  endfacet
  facet normal 1 0 0
    outer loop
      vertex -1 -7.72189 18.6855
      vertex -1 -10 28
      vertex -1 -7.93999 18.6421
    endloop
  endfacet
  facet normal 1 0 0
    outer loop
      vertex -1 -7.93999 18.6421
      vertex -1 -10 28
      vertex -1 -8.15056 18.5706
    endloop
  endfacet
  facet normal 1 0 0
    outer loop
      vertex -1 -8.15056 18.5706
      vertex -1 -10 28
      vertex -1 -8.35 18.4722
    endloop
  endfacet
  facet normal 1 0 0
    outer loop
      vertex -1 -8.35 18.4722
      vertex -1 -10 28
      vertex -1 -8.53489 18.3487
    endloop
  endfacet
  facet normal 1 0 0
    outer loop
      vertex -1 -8.53489 18.3487
      vertex -1 -10 28
      vertex -1 -8.70208 18.2021
    endloop
  endfacet
  facet normal 1 0 0
    outer loop
      vertex -1 -8.70208 18.2021
      vertex -1 -10 28
      vertex -1 -8.8487 18.0349
    endloop
  endfacet
  facet normal 1 0 0
    outer loop
      vertex -1 -8.8487 18.0349
      vertex -1 -10 28
      vertex -1 -8.97224 17.85
    endloop
  endfacet
  facet normal 1 0 0
    outer loop
      vertex -1 -8.97224 17.85
      vertex -1 -10 28
      vertex -1 -9.07059 17.6506
    endloop
  endfacet
  facet normal 1 0 0
    outer loop
      vertex -1 -9.18546 17.2219
      vertex -1 -10 28
      vertex -1 -9.2 17
    endloop
  endfacet
  facet normal 1 0 0
    outer loop
      vertex -1 -9.14207 17.44
      vertex -1 -10 28
      vertex -1 -9.18546 17.2219
    endloop
  endfacet
  facet normal 1 0 0
    outer loop
      vertex -1 -9.07059 17.6506
      vertex -1 -10 28
      vertex -1 -9.14207 17.44
    endloop
  endfacet
  facet normal 1 -0 0
    outer loop
      vertex -1 -5.9294 16.3494
      vertex -1 -5.90554 6
      vertex -1 -5.90554 16.4198
    endloop
  endfacet
  facet normal 1 -0 0
    outer loop
      vertex -1 -6.02776 16.15
      vertex -1 -5.90554 6
      vertex -1 -5.9294 16.3494
    endloop
  endfacet
  facet normal 1 -0 0
    outer loop
      vertex -1 -6.1513 15.9651
      vertex -1 -5.90554 6
      vertex -1 -6.02776 16.15
    endloop
  endfacet
  facet normal 1 -0 0
    outer loop
      vertex -1 -6.29792 15.7979
      vertex -1 -5.90554 6
      vertex -1 -6.1513 15.9651
    endloop
  endfacet
  facet normal 1 -0 0
    outer loop
      vertex -1 -6.46511 15.6513
      vertex -1 -5.90554 6
      vertex -1 -6.29792 15.7979
    endloop
  endfacet
  facet normal 1 -0 0
    outer loop
      vertex -1 -6.65 15.5278
      vertex -1 -5.90554 6
      vertex -1 -6.46511 15.6513
    endloop
  endfacet
  facet normal 1 -0 0
    outer loop
      vertex -1 -6.84944 15.4294
      vertex -1 -5.90554 6
      vertex -1 -6.65 15.5278
    endloop
  endfacet
  facet normal 1 -0 0
    outer loop
      vertex -1 -7.06001 15.3579
      vertex -1 -5.90554 6
      vertex -1 -6.84944 15.4294
    endloop
  endfacet
  facet normal 1 -0 0
    outer loop
      vertex -1 -7.2781 15.3145
      vertex -1 -5.90554 6
      vertex -1 -7.06001 15.3579
    endloop
  endfacet
  facet normal 1 -0 0
    outer loop
      vertex -1 -7.5 15.3
      vertex -1 -5.90554 6
      vertex -1 -7.2781 15.3145
    endloop
  endfacet
  facet normal 1 0 0
    outer loop
      vertex -1 -7.72189 15.3145
      vertex -1 -5.90554 6
      vertex -1 -7.5 15.3
    endloop
  endfacet
  facet normal 1 0 0
    outer loop
      vertex -1 -10 6
      vertex -1 -7.72189 15.3145
      vertex -1 -7.93999 15.3579
    endloop
  endfacet
  facet normal 1 0 0
    outer loop
      vertex -1 -10 6
      vertex -1 -7.93999 15.3579
      vertex -1 -8.15056 15.4294
    endloop
  endfacet
  facet normal 1 0 0
    outer loop
      vertex -1 -10 6
      vertex -1 -8.15056 15.4294
      vertex -1 -8.35 15.5278
    endloop
  endfacet
  facet normal 1 0 0
    outer loop
      vertex -1 -10 6
      vertex -1 -8.35 15.5278
      vertex -1 -8.53489 15.6513
    endloop
  endfacet
  facet normal 1 0 0
    outer loop
      vertex -1 -10 6
      vertex -1 -8.53489 15.6513
      vertex -1 -8.70208 15.7979
    endloop
  endfacet
  facet normal 1 0 0
    outer loop
      vertex -1 -10 6
      vertex -1 -8.70208 15.7979
      vertex -1 -8.8487 15.9651
    endloop
  endfacet
  facet normal 1 0 0
    outer loop
      vertex -1 -10 6
      vertex -1 -8.8487 15.9651
      vertex -1 -8.97224 16.15
    endloop
  endfacet
  facet normal 1 0 0
    outer loop
      vertex -1 -10 6
      vertex -1 -8.97224 16.15
      vertex -1 -9.07059 16.3494
    endloop
  endfacet
  facet normal 1 0 0
    outer loop
      vertex -1 -10 6
      vertex -1 -9.07059 16.3494
      vertex -1 -9.14207 16.56
    endloop
  endfacet
  facet normal 1 0 0
    outer loop
      vertex -1 -10 6
      vertex -1 -9.2 17
      vertex -1 -10 28
    endloop
  endfacet
  facet normal 1 0 0
    outer loop
      vertex -1 -7.72189 15.3145
      vertex -1 -10 6
      vertex -1 -5.90554 6
    endloop
  endfacet
  facet normal 1 0 0
    outer loop
      vertex -1 -9.18546 16.7781
      vertex -1 -10 6
      vertex -1 -9.14207 16.56
    endloop
  endfacet
  facet normal 1 0 0
    outer loop
      vertex -1 -9.2 17
      vertex -1 -10 6
      vertex -1 -9.18546 16.7781
    endloop
  endfacet
  facet normal -1 0 0
    outer loop
      vertex 1 -5.90554 6
      vertex 1 -5.9294 16.3494
      vertex 1 -5.90554 16.4198
    endloop
  endfacet
  facet normal -1 0 0
    outer loop
      vertex 1 -5.90554 6
      vertex 1 -6.02776 16.15
      vertex 1 -5.9294 16.3494
    endloop
  endfacet
  facet normal -1 0 0
    outer loop
      vertex 1 -5.90554 6
      vertex 1 -6.1513 15.9651
      vertex 1 -6.02776 16.15
    endloop
  endfacet
  facet normal -1 0 0
    outer loop
      vertex 1 -5.90554 6
      vertex 1 -6.29792 15.7979
      vertex 1 -6.1513 15.9651
    endloop
  endfacet
  facet normal -1 0 0
    outer loop
      vertex 1 -5.90554 6
      vertex 1 -6.46511 15.6513
      vertex 1 -6.29792 15.7979
    endloop
  endfacet
  facet normal -1 0 0
    outer loop
      vertex 1 -5.90554 6
      vertex 1 -6.65 15.5278
      vertex 1 -6.46511 15.6513
    endloop
  endfacet
  facet normal -1 0 0
    outer loop
      vertex 1 -5.90554 6
      vertex 1 -6.84944 15.4294
      vertex 1 -6.65 15.5278
    endloop
  endfacet
  facet normal -1 0 0
    outer loop
      vertex 1 -5.90554 6
      vertex 1 -7.06001 15.3579
      vertex 1 -6.84944 15.4294
    endloop
  endfacet
  facet normal -1 0 0
    outer loop
      vertex 1 -5.90554 6
      vertex 1 -7.2781 15.3145
      vertex 1 -7.06001 15.3579
    endloop
  endfacet
  facet normal -1 0 0
    outer loop
      vertex 1 -5.90554 6
      vertex 1 -7.5 15.3
      vertex 1 -7.2781 15.3145
    endloop
  endfacet
  facet normal -1 0 0
    outer loop
      vertex 1 -5.90554 6
      vertex 1 -7.72189 15.3145
      vertex 1 -7.5 15.3
    endloop
  endfacet
  facet normal -1 0 0
    outer loop
      vertex 1 -10 6
      vertex 1 -7.72189 15.3145
      vertex 1 -5.90554 6
    endloop
  endfacet
  facet normal -1 -0 0
    outer loop
      vertex 1 -7.72189 15.3145
      vertex 1 -10 6
      vertex 1 -7.93999 15.3579
    endloop
  endfacet
  facet normal -1 -0 0
    outer loop
      vertex 1 -7.93999 15.3579
      vertex 1 -10 6
      vertex 1 -8.15056 15.4294
    endloop
  endfacet
  facet normal -1 -0 0
    outer loop
      vertex 1 -8.15056 15.4294
      vertex 1 -10 6
      vertex 1 -8.35 15.5278
    endloop
  endfacet
  facet normal -1 -0 0
    outer loop
      vertex 1 -8.35 15.5278
      vertex 1 -10 6
      vertex 1 -8.53489 15.6513
    endloop
  endfacet
  facet normal -1 -0 0
    outer loop
      vertex 1 -8.53489 15.6513
      vertex 1 -10 6
      vertex 1 -8.70208 15.7979
    endloop
  endfacet
  facet normal -1 -0 0
    outer loop
      vertex 1 -8.70208 15.7979
      vertex 1 -10 6
      vertex 1 -8.8487 15.9651
    endloop
  endfacet
  facet normal -1 -0 0
    outer loop
      vertex 1 -8.8487 15.9651
      vertex 1 -10 6
      vertex 1 -8.97224 16.15
    endloop
  endfacet
  facet normal -1 -0 0
    outer loop
      vertex 1 -8.97224 16.15
      vertex 1 -10 6
      vertex 1 -9.07059 16.3494
    endloop
  endfacet
  facet normal -1 -0 0
    outer loop
      vertex 1 -9.18546 16.7781
      vertex 1 -10 6
      vertex 1 -9.2 17
    endloop
  endfacet
  facet normal -1 -0 0
    outer loop
      vertex 1 -9.14207 16.56
      vertex 1 -10 6
      vertex 1 -9.18546 16.7781
    endloop
  endfacet
  facet normal -1 -0 0
    outer loop
      vertex 1 -9.07059 16.3494
      vertex 1 -10 6
      vertex 1 -9.14207 16.56
    endloop
  endfacet
  facet normal -1 0 0
    outer loop
      vertex 1 -5.9294 17.6506
      vertex 1 -5.90554 28
      vertex 1 -5.90554 17.5802
    endloop
  endfacet
  facet normal -1 0 0
    outer loop
      vertex 1 -6.02776 17.85
      vertex 1 -5.90554 28
      vertex 1 -5.9294 17.6506
    endloop
  endfacet
  facet normal -1 0 0
    outer loop
      vertex 1 -6.1513 18.0349
      vertex 1 -5.90554 28
      vertex 1 -6.02776 17.85
    endloop
  endfacet
  facet normal -1 0 0
    outer loop
      vertex 1 -6.29792 18.2021
      vertex 1 -5.90554 28
      vertex 1 -6.1513 18.0349
    endloop
  endfacet
  facet normal -1 0 0
    outer loop
      vertex 1 -6.46511 18.3487
      vertex 1 -5.90554 28
      vertex 1 -6.29792 18.2021
    endloop
  endfacet
  facet normal -1 0 0
    outer loop
      vertex 1 -6.65 18.4722
      vertex 1 -5.90554 28
      vertex 1 -6.46511 18.3487
    endloop
  endfacet
  facet normal -1 0 0
    outer loop
      vertex 1 -6.84944 18.5706
      vertex 1 -5.90554 28
      vertex 1 -6.65 18.4722
    endloop
  endfacet
  facet normal -1 0 0
    outer loop
      vertex 1 -7.06001 18.6421
      vertex 1 -5.90554 28
      vertex 1 -6.84944 18.5706
    endloop
  endfacet
  facet normal -1 0 0
    outer loop
      vertex 1 -7.2781 18.6855
      vertex 1 -5.90554 28
      vertex 1 -7.06001 18.6421
    endloop
  endfacet
  facet normal -1 0 0
    outer loop
      vertex 1 -7.5 18.7
      vertex 1 -5.90554 28
      vertex 1 -7.2781 18.6855
    endloop
  endfacet
  facet normal -1 0 0
    outer loop
      vertex 1 -7.72189 18.6855
      vertex 1 -5.90554 28
      vertex 1 -7.5 18.7
    endloop
  endfacet
  facet normal -1 0 0
    outer loop
      vertex 1 -10 28
      vertex 1 -7.72189 18.6855
      vertex 1 -7.93999 18.6421
    endloop
  endfacet
  facet normal -1 0 0
    outer loop
      vertex 1 -10 28
      vertex 1 -7.93999 18.6421
      vertex 1 -8.15056 18.5706
    endloop
  endfacet
  facet normal -1 0 0
    outer loop
      vertex 1 -10 28
      vertex 1 -8.15056 18.5706
      vertex 1 -8.35 18.4722
    endloop
  endfacet
  facet normal -1 0 0
    outer loop
      vertex 1 -10 28
      vertex 1 -8.35 18.4722
      vertex 1 -8.53489 18.3487
    endloop
  endfacet
  facet normal -1 0 0
    outer loop
      vertex 1 -10 28
      vertex 1 -8.53489 18.3487
      vertex 1 -8.70208 18.2021
    endloop
  endfacet
  facet normal -1 0 0
    outer loop
      vertex 1 -10 28
      vertex 1 -8.70208 18.2021
      vertex 1 -8.8487 18.0349
    endloop
  endfacet
  facet normal -1 0 0
    outer loop
      vertex 1 -10 28
      vertex 1 -8.8487 18.0349
      vertex 1 -8.97224 17.85
    endloop
  endfacet
  facet normal -1 0 0
    outer loop
      vertex 1 -10 28
      vertex 1 -8.97224 17.85
      vertex 1 -9.07059 17.6506
    endloop
  endfacet
  facet normal -1 0 0
    outer loop
      vertex 1 -10 28
      vertex 1 -9.07059 17.6506
      vertex 1 -9.14207 17.44
    endloop
  endfacet
  facet normal -1 0 0
    outer loop
      vertex 1 -10 28
      vertex 1 -9.2 17
      vertex 1 -10 6
    endloop
  endfacet
  facet normal -1 0 0
    outer loop
      vertex 1 -7.72189 18.6855
      vertex 1 -10 28
      vertex 1 -5.90554 28
    endloop
  endfacet
  facet normal -1 0 0
    outer loop
      vertex 1 -9.18546 17.2219
      vertex 1 -10 28
      vertex 1 -9.14207 17.44
    endloop
  endfacet
  facet normal -1 0 0
    outer loop
      vertex 1 -9.2 17
      vertex 1 -10 28
      vertex 1 -9.18546 17.2219
    endloop
  endfacet
  facet normal -1.02572e-19 -0.831483 0.555551
    outer loop
      vertex -29 -6.1513 15.9651
      vertex -1 -6.02776 16.15
      vertex -29 -6.02776 16.15
    endloop
  endfacet
  facet normal -1.02572e-19 -0.831483 0.555551
    outer loop
      vertex -1 -6.02776 16.15
      vertex -29 -6.1513 15.9651
      vertex -1 -6.1513 15.9651
    endloop
  endfacet
  facet normal -1.02572e-19 -0.831483 0.555551
    outer loop
      vertex 1 -6.1513 15.9651
      vertex 29 -6.02776 16.15
      vertex 1 -6.02776 16.15
    endloop
  endfacet
  facet normal -1.02572e-19 -0.831483 0.555551
    outer loop
      vertex 29 -6.02776 16.15
      vertex 1 -6.1513 15.9651
      vertex 29 -6.1513 15.9651
    endloop
  endfacet
  facet normal 0 -0.321525 -0.946901
    outer loop
      vertex -29 -7.06001 18.6421
      vertex -1 -6.84944 18.5706
      vertex -1 -7.06001 18.6421
    endloop
  endfacet
  facet normal -0 -0.321525 -0.946901
    outer loop
      vertex -1 -6.84944 18.5706
      vertex -29 -7.06001 18.6421
      vertex -29 -6.84944 18.5706
    endloop
  endfacet
  facet normal 0 -0.321525 -0.946901
    outer loop
      vertex 1 -7.06001 18.6421
      vertex 29 -6.84944 18.5706
      vertex 29 -7.06001 18.6421
    endloop
  endfacet
  facet normal -0 -0.321525 -0.946901
    outer loop
      vertex 29 -6.84944 18.5706
      vertex 1 -7.06001 18.6421
      vertex 1 -6.84944 18.5706
    endloop
  endfacet
  facet normal -1.0052e-19 0.946943 -0.321403
    outer loop
      vertex -1 -9.14207 17.44
      vertex -29 -9.07059 17.6506
      vertex -1 -9.07059 17.6506
    endloop
  endfacet
  facet normal -1.0052e-19 0.946943 -0.321403
    outer loop
      vertex -29 -9.07059 17.6506
      vertex -1 -9.14207 17.44
      vertex -29 -9.14207 17.44
    endloop
  endfacet
  facet normal -1.0052e-19 0.946943 -0.321403
    outer loop
      vertex 29 -9.14207 17.44
      vertex 1 -9.07059 17.6506
      vertex 29 -9.07059 17.6506
    endloop
  endfacet
  facet normal -1.0052e-19 0.946943 -0.321403
    outer loop
      vertex 1 -9.07059 17.6506
      vertex 29 -9.14207 17.44
      vertex 1 -9.14207 17.44
    endloop
  endfacet
  facet normal 1.35751e-19 -0.946956 -0.321363
    outer loop
      vertex -1.23935 -5.85793 17.44
      vertex -1 -5.9294 17.6506
      vertex -29 -5.9294 17.6506
    endloop
  endfacet
  facet normal -0 -0.946956 -0.321363
    outer loop
      vertex -1.23935 -5.85793 17.44
      vertex -29 -5.9294 17.6506
      vertex -29 -5.85793 17.44
    endloop
  endfacet
  facet normal -0.000369386 -0.947084 -0.320986
    outer loop
      vertex -1 -5.9294 17.6506
      vertex -1.23935 -5.85793 17.44
      vertex -1 -5.90554 17.5802
    endloop
  endfacet
  facet normal 0.000369386 -0.947084 -0.320986
    outer loop
      vertex 1.23935 -5.85793 17.44
      vertex 1 -5.9294 17.6506
      vertex 1 -5.90554 17.5802
    endloop
  endfacet
  facet normal 0 -0.946956 -0.321363
    outer loop
      vertex 1 -5.9294 17.6506
      vertex 1.23935 -5.85793 17.44
      vertex 29 -5.9294 17.6506
    endloop
  endfacet
  facet normal 1.36922e-19 -0.946956 -0.321363
    outer loop
      vertex 29 -5.9294 17.6506
      vertex 1.23935 -5.85793 17.44
      vertex 29 -5.85793 17.44
    endloop
  endfacet
  facet normal 0 -0.442459 -0.896789
    outer loop
      vertex -29 -6.84944 18.5706
      vertex -1 -6.65 18.4722
      vertex -1 -6.84944 18.5706
    endloop
  endfacet
  facet normal -0 -0.442459 -0.896789
    outer loop
      vertex -1 -6.65 18.4722
      vertex -29 -6.84944 18.5706
      vertex -29 -6.65 18.4722
    endloop
  endfacet
  facet normal 0 -0.442459 -0.896789
    outer loop
      vertex 1 -6.84944 18.5706
      vertex 29 -6.65 18.4722
      vertex 29 -6.84944 18.5706
    endloop
  endfacet
  facet normal -0 -0.442459 -0.896789
    outer loop
      vertex 29 -6.65 18.4722
      vertex 1 -6.84944 18.5706
      vertex 1 -6.65 18.4722
    endloop
  endfacet
  facet normal 0 0.442459 -0.896789
    outer loop
      vertex -29 -8.35 18.4722
      vertex -1 -8.15056 18.5706
      vertex -1 -8.35 18.4722
    endloop
  endfacet
  facet normal 0 0.442459 -0.896789
    outer loop
      vertex -1 -8.15056 18.5706
      vertex -29 -8.35 18.4722
      vertex -29 -8.15056 18.5706
    endloop
  endfacet
  facet normal 0 0.442459 -0.896789
    outer loop
      vertex 1 -8.35 18.4722
      vertex 29 -8.15056 18.5706
      vertex 29 -8.35 18.4722
    endloop
  endfacet
  facet normal 0 0.442459 -0.896789
    outer loop
      vertex 29 -8.15056 18.5706
      vertex 1 -8.35 18.4722
      vertex 1 -8.15056 18.5706
    endloop
  endfacet
  facet normal 0 -0.195173 0.980769
    outer loop
      vertex -29 -7.06001 15.3579
      vertex -1 -7.2781 15.3145
      vertex -1 -7.06001 15.3579
    endloop
  endfacet
  facet normal 0 -0.195173 0.980769
    outer loop
      vertex -1 -7.2781 15.3145
      vertex -29 -7.06001 15.3579
      vertex -29 -7.2781 15.3145
    endloop
  endfacet
  facet normal 0 -0.195173 0.980769
    outer loop
      vertex 1 -7.06001 15.3579
      vertex 29 -7.2781 15.3145
      vertex 29 -7.06001 15.3579
    endloop
  endfacet
  facet normal 0 -0.195173 0.980769
    outer loop
      vertex 29 -7.2781 15.3145
      vertex 1 -7.06001 15.3579
      vertex 1 -7.2781 15.3145
    endloop
  endfacet
  facet normal 0 -0.321525 0.946901
    outer loop
      vertex -29 -6.84944 15.4294
      vertex -1 -7.06001 15.3579
      vertex -1 -6.84944 15.4294
    endloop
  endfacet
  facet normal 0 -0.321525 0.946901
    outer loop
      vertex -1 -7.06001 15.3579
      vertex -29 -6.84944 15.4294
      vertex -29 -7.06001 15.3579
    endloop
  endfacet
  facet normal 0 -0.321525 0.946901
    outer loop
      vertex 1 -6.84944 15.4294
      vertex 29 -7.06001 15.3579
      vertex 29 -6.84944 15.4294
    endloop
  endfacet
  facet normal 0 -0.321525 0.946901
    outer loop
      vertex 29 -7.06001 15.3579
      vertex 1 -6.84944 15.4294
      vertex 1 -7.06001 15.3579
    endloop
  endfacet
  facet normal 0 -0.555447 0.831552
    outer loop
      vertex -29 -6.46511 15.6513
      vertex -1 -6.65 15.5278
      vertex -1 -6.46511 15.6513
    endloop
  endfacet
  facet normal 0 -0.555447 0.831552
    outer loop
      vertex -1 -6.65 15.5278
      vertex -29 -6.46511 15.6513
      vertex -29 -6.65 15.5278
    endloop
  endfacet
  facet normal 0 -0.555447 0.831552
    outer loop
      vertex 1 -6.46511 15.6513
      vertex 29 -6.65 15.5278
      vertex 29 -6.46511 15.6513
    endloop
  endfacet
  facet normal 0 -0.555447 0.831552
    outer loop
      vertex 29 -6.65 15.5278
      vertex 1 -6.46511 15.6513
      vertex 1 -6.65 15.5278
    endloop
  endfacet
  facet normal 0 -0.659291 0.751888
    outer loop
      vertex -29 -6.29792 15.7979
      vertex -1 -6.46511 15.6513
      vertex -1 -6.29792 15.7979
    endloop
  endfacet
  facet normal 0 -0.659291 0.751888
    outer loop
      vertex -1 -6.46511 15.6513
      vertex -29 -6.29792 15.7979
      vertex -29 -6.46511 15.6513
    endloop
  endfacet
  facet normal 0 -0.659291 0.751888
    outer loop
      vertex 1 -6.29792 15.7979
      vertex 29 -6.46511 15.6513
      vertex 29 -6.29792 15.7979
    endloop
  endfacet
  facet normal 0 -0.659291 0.751888
    outer loop
      vertex 29 -6.46511 15.6513
      vertex 1 -6.29792 15.7979
      vertex 1 -6.46511 15.6513
    endloop
  endfacet
  facet normal -1.93615e-21 -0.980779 0.195122
    outer loop
      vertex -29 -5.85793 16.56
      vertex -1.45745 -5.81454 16.7781
      vertex -29 -5.81454 16.7781
    endloop
  endfacet
  facet normal -1.92094e-21 -0.980779 0.195122
    outer loop
      vertex -1.45745 -5.81454 16.7781
      vertex -29 -5.85793 16.56
      vertex -1.23935 -5.85793 16.56
    endloop
  endfacet
  facet normal 0 -0.980779 0.195122
    outer loop
      vertex 29 -5.85793 16.56
      vertex 1.45745 -5.81454 16.7781
      vertex 1.23935 -5.85793 16.56
    endloop
  endfacet
  facet normal 0 -0.980779 0.195122
    outer loop
      vertex 1.45745 -5.81454 16.7781
      vertex 29 -5.85793 16.56
      vertex 29 -5.81454 16.7781
    endloop
  endfacet
  facet normal 2.57568e-20 -0.99786 0.0653848
    outer loop
      vertex -29 -5.81454 16.7781
      vertex -1.53057 -5.8 17
      vertex -29 -5.8 17
    endloop
  endfacet
  facet normal 2.56884e-20 -0.99786 0.0653848
    outer loop
      vertex -1.53057 -5.8 17
      vertex -29 -5.81454 16.7781
      vertex -1.45745 -5.81454 16.7781
    endloop
  endfacet
  facet normal 0 -0.99786 0.0653848
    outer loop
      vertex 29 -5.81454 16.7781
      vertex 1.53057 -5.8 17
      vertex 1.45745 -5.81454 16.7781
    endloop
  endfacet
  facet normal 0 -0.99786 0.0653848
    outer loop
      vertex 1.53057 -5.8 17
      vertex 29 -5.81454 16.7781
      vertex 29 -5.8 17
    endloop
  endfacet
  facet normal 0 -0.659291 -0.751888
    outer loop
      vertex -29 -6.46511 18.3487
      vertex -1 -6.29792 18.2021
      vertex -1 -6.46511 18.3487
    endloop
  endfacet
  facet normal -0 -0.659291 -0.751888
    outer loop
      vertex -1 -6.29792 18.2021
      vertex -29 -6.46511 18.3487
      vertex -29 -6.29792 18.2021
    endloop
  endfacet
  facet normal 0 -0.659291 -0.751888
    outer loop
      vertex 1 -6.46511 18.3487
      vertex 29 -6.29792 18.2021
      vertex 29 -6.46511 18.3487
    endloop
  endfacet
  facet normal -0 -0.659291 -0.751888
    outer loop
      vertex 29 -6.29792 18.2021
      vertex 1 -6.46511 18.3487
      vertex 1 -6.29792 18.2021
    endloop
  endfacet
  facet normal 2.31256e-19 -0.751863 -0.659319
    outer loop
      vertex -29 -6.1513 18.0349
      vertex -1 -6.29792 18.2021
      vertex -29 -6.29792 18.2021
    endloop
  endfacet
  facet normal 2.31256e-19 -0.751863 -0.659319
    outer loop
      vertex -1 -6.29792 18.2021
      vertex -29 -6.1513 18.0349
      vertex -1 -6.1513 18.0349
    endloop
  endfacet
  facet normal 2.31256e-19 -0.751863 -0.659319
    outer loop
      vertex 1 -6.1513 18.0349
      vertex 29 -6.29792 18.2021
      vertex 1 -6.29792 18.2021
    endloop
  endfacet
  facet normal 2.31256e-19 -0.751863 -0.659319
    outer loop
      vertex 29 -6.29792 18.2021
      vertex 1 -6.1513 18.0349
      vertex 29 -6.1513 18.0349
    endloop
  endfacet
  facet normal 0 -0.0652057 0.997872
    outer loop
      vertex -29 -7.2781 15.3145
      vertex -1 -7.5 15.3
      vertex -1 -7.2781 15.3145
    endloop
  endfacet
  facet normal 0 -0.0652057 0.997872
    outer loop
      vertex -1 -7.5 15.3
      vertex -29 -7.2781 15.3145
      vertex -29 -7.5 15.3
    endloop
  endfacet
  facet normal 0 -0.0652057 0.997872
    outer loop
      vertex 1 -7.2781 15.3145
      vertex 29 -7.5 15.3
      vertex 29 -7.2781 15.3145
    endloop
  endfacet
  facet normal 0 -0.0652057 0.997872
    outer loop
      vertex 29 -7.5 15.3
      vertex 1 -7.2781 15.3145
      vertex 1 -7.5 15.3
    endloop
  endfacet
  facet normal 1.0052e-19 0.946943 0.321403
    outer loop
      vertex -1 -9.07059 16.3494
      vertex -29 -9.14207 16.56
      vertex -1 -9.14207 16.56
    endloop
  endfacet
  facet normal 1.0052e-19 0.946943 0.321403
    outer loop
      vertex -29 -9.14207 16.56
      vertex -1 -9.07059 16.3494
      vertex -29 -9.07059 16.3494
    endloop
  endfacet
  facet normal 1.0052e-19 0.946943 0.321403
    outer loop
      vertex 29 -9.07059 16.3494
      vertex 1 -9.14207 16.56
      vertex 29 -9.14207 16.56
    endloop
  endfacet
  facet normal 1.0052e-19 0.946943 0.321403
    outer loop
      vertex 1 -9.14207 16.56
      vertex 29 -9.07059 16.3494
      vertex 1 -9.07059 16.3494
    endloop
  endfacet
  facet normal -0 0.555447 0.831552
    outer loop
      vertex -29 -8.35 15.5278
      vertex -1 -8.53489 15.6513
      vertex -1 -8.35 15.5278
    endloop
  endfacet
  facet normal 0 0.555447 0.831552
    outer loop
      vertex -1 -8.53489 15.6513
      vertex -29 -8.35 15.5278
      vertex -29 -8.53489 15.6513
    endloop
  endfacet
  facet normal -0 0.555447 0.831552
    outer loop
      vertex 1 -8.35 15.5278
      vertex 29 -8.53489 15.6513
      vertex 29 -8.35 15.5278
    endloop
  endfacet
  facet normal 0 0.555447 0.831552
    outer loop
      vertex 29 -8.53489 15.6513
      vertex 1 -8.35 15.5278
      vertex 1 -8.53489 15.6513
    endloop
  endfacet
  facet normal -0 0.659291 0.751888
    outer loop
      vertex -29 -8.53489 15.6513
      vertex -1 -8.70208 15.7979
      vertex -1 -8.53489 15.6513
    endloop
  endfacet
  facet normal 0 0.659291 0.751888
    outer loop
      vertex -1 -8.70208 15.7979
      vertex -29 -8.53489 15.6513
      vertex -29 -8.70208 15.7979
    endloop
  endfacet
  facet normal -0 0.659291 0.751888
    outer loop
      vertex 1 -8.53489 15.6513
      vertex 29 -8.70208 15.7979
      vertex 29 -8.53489 15.6513
    endloop
  endfacet
  facet normal 0 0.659291 0.751888
    outer loop
      vertex 29 -8.70208 15.7979
      vertex 1 -8.53489 15.6513
      vertex 1 -8.70208 15.7979
    endloop
  endfacet
  facet normal 1.0665e-19 0.751863 -0.659319
    outer loop
      vertex -1 -8.8487 18.0349
      vertex -29 -8.70208 18.2021
      vertex -1 -8.70208 18.2021
    endloop
  endfacet
  facet normal 1.0665e-19 0.751863 -0.659319
    outer loop
      vertex -29 -8.70208 18.2021
      vertex -1 -8.8487 18.0349
      vertex -29 -8.8487 18.0349
    endloop
  endfacet
  facet normal 1.0665e-19 0.751863 -0.659319
    outer loop
      vertex 29 -8.8487 18.0349
      vertex 1 -8.70208 18.2021
      vertex 29 -8.70208 18.2021
    endloop
  endfacet
  facet normal 1.0665e-19 0.751863 -0.659319
    outer loop
      vertex 1 -8.70208 18.2021
      vertex 29 -8.8487 18.0349
      vertex 1 -8.8487 18.0349
    endloop
  endfacet
  facet normal 0 0.195165 -0.98077
    outer loop
      vertex -29 -7.93999 18.6421
      vertex -1 -7.72189 18.6855
      vertex -1 -7.93999 18.6421
    endloop
  endfacet
  facet normal 0 0.195165 -0.98077
    outer loop
      vertex -1 -7.72189 18.6855
      vertex -29 -7.93999 18.6421
      vertex -29 -7.72189 18.6855
    endloop
  endfacet
  facet normal 0 0.195165 -0.98077
    outer loop
      vertex 1 -7.93999 18.6421
      vertex 29 -7.72189 18.6855
      vertex 29 -7.93999 18.6421
    endloop
  endfacet
  facet normal 0 0.195165 -0.98077
    outer loop
      vertex 29 -7.72189 18.6855
      vertex 1 -7.93999 18.6421
      vertex 1 -7.72189 18.6855
    endloop
  endfacet
  facet normal 0 0.321525 -0.946901
    outer loop
      vertex -29 -8.15056 18.5706
      vertex -1 -7.93999 18.6421
      vertex -1 -8.15056 18.5706
    endloop
  endfacet
  facet normal 0 0.321525 -0.946901
    outer loop
      vertex -1 -7.93999 18.6421
      vertex -29 -8.15056 18.5706
      vertex -29 -7.93999 18.6421
    endloop
  endfacet
  facet normal 0 0.321525 -0.946901
    outer loop
      vertex 1 -8.15056 18.5706
      vertex 29 -7.93999 18.6421
      vertex 29 -8.15056 18.5706
    endloop
  endfacet
  facet normal 0 0.321525 -0.946901
    outer loop
      vertex 29 -7.93999 18.6421
      vertex 1 -8.15056 18.5706
      vertex 1 -7.93999 18.6421
    endloop
  endfacet
  facet normal 0 0.659291 -0.751888
    outer loop
      vertex -29 -8.70208 18.2021
      vertex -1 -8.53489 18.3487
      vertex -1 -8.70208 18.2021
    endloop
  endfacet
  facet normal 0 0.659291 -0.751888
    outer loop
      vertex -1 -8.53489 18.3487
      vertex -29 -8.70208 18.2021
      vertex -29 -8.53489 18.3487
    endloop
  endfacet
  facet normal 0 0.659291 -0.751888
    outer loop
      vertex 1 -8.70208 18.2021
      vertex 29 -8.53489 18.3487
      vertex 29 -8.70208 18.2021
    endloop
  endfacet
  facet normal 0 0.659291 -0.751888
    outer loop
      vertex 29 -8.53489 18.3487
      vertex 1 -8.70208 18.2021
      vertex 1 -8.53489 18.3487
    endloop
  endfacet
  facet normal -1.36922e-19 -0.946956 0.321363
    outer loop
      vertex -29 -5.9294 16.3494
      vertex -1.23935 -5.85793 16.56
      vertex -29 -5.85793 16.56
    endloop
  endfacet
  facet normal 0 -0.946956 0.321363
    outer loop
      vertex -1 -5.9294 16.3494
      vertex -1.23935 -5.85793 16.56
      vertex -29 -5.9294 16.3494
    endloop
  endfacet
  facet normal -0.000369386 -0.947084 0.320986
    outer loop
      vertex -1.23935 -5.85793 16.56
      vertex -1 -5.9294 16.3494
      vertex -1 -5.90554 16.4198
    endloop
  endfacet
  facet normal 0.000369386 -0.947084 0.320986
    outer loop
      vertex 1 -5.9294 16.3494
      vertex 1.23935 -5.85793 16.56
      vertex 1 -5.90554 16.4198
    endloop
  endfacet
  facet normal 0 -0.946956 0.321363
    outer loop
      vertex 29 -5.9294 16.3494
      vertex 1.23935 -5.85793 16.56
      vertex 1 -5.9294 16.3494
    endloop
  endfacet
  facet normal 0 -0.946956 0.321363
    outer loop
      vertex 1.23935 -5.85793 16.56
      vertex 29 -5.9294 16.3494
      vertex 29 -5.85793 16.56
    endloop
  endfacet
  facet normal -8.6533e-20 -0.896825 0.442386
    outer loop
      vertex -29 -6.02776 16.15
      vertex -1 -5.9294 16.3494
      vertex -29 -5.9294 16.3494
    endloop
  endfacet
  facet normal -8.6533e-20 -0.896825 0.442386
    outer loop
      vertex -1 -5.9294 16.3494
      vertex -29 -6.02776 16.15
      vertex -1 -6.02776 16.15
    endloop
  endfacet
  facet normal -8.6533e-20 -0.896825 0.442386
    outer loop
      vertex 1 -6.02776 16.15
      vertex 29 -5.9294 16.3494
      vertex 1 -5.9294 16.3494
    endloop
  endfacet
  facet normal -8.6533e-20 -0.896825 0.442386
    outer loop
      vertex 29 -5.9294 16.3494
      vertex 1 -6.02776 16.15
      vertex 29 -6.02776 16.15
    endloop
  endfacet
  facet normal 0 -0.0652057 -0.997872
    outer loop
      vertex -29 -7.5 18.7
      vertex -1 -7.2781 18.6855
      vertex -1 -7.5 18.7
    endloop
  endfacet
  facet normal -0 -0.0652057 -0.997872
    outer loop
      vertex -1 -7.2781 18.6855
      vertex -29 -7.5 18.7
      vertex -29 -7.2781 18.6855
    endloop
  endfacet
  facet normal 0 -0.0652057 -0.997872
    outer loop
      vertex 1 -7.5 18.7
      vertex 29 -7.2781 18.6855
      vertex 29 -7.5 18.7
    endloop
  endfacet
  facet normal -0 -0.0652057 -0.997872
    outer loop
      vertex 29 -7.2781 18.6855
      vertex 1 -7.5 18.7
      vertex 1 -7.2781 18.6855
    endloop
  endfacet
  facet normal -0 -0.99786 -0.0653848
    outer loop
      vertex -1.53057 -5.8 17
      vertex -29 -5.81454 17.2219
      vertex -29 -5.8 17
    endloop
  endfacet
  facet normal 0 -0.99786 -0.0653848
    outer loop
      vertex -29 -5.81454 17.2219
      vertex -1.53057 -5.8 17
      vertex -1.45745 -5.81454 17.2219
    endloop
  endfacet
  facet normal -2.56884e-20 -0.99786 -0.0653848
    outer loop
      vertex 1.53057 -5.8 17
      vertex 29 -5.81454 17.2219
      vertex 1.45745 -5.81454 17.2219
    endloop
  endfacet
  facet normal -2.57568e-20 -0.99786 -0.0653848
    outer loop
      vertex 29 -5.81454 17.2219
      vertex 1.53057 -5.8 17
      vertex 29 -5.8 17
    endloop
  endfacet
  facet normal -0 -0.980779 -0.195122
    outer loop
      vertex -1.45745 -5.81454 17.2219
      vertex -29 -5.85793 17.44
      vertex -29 -5.81454 17.2219
    endloop
  endfacet
  facet normal 0 -0.980779 -0.195122
    outer loop
      vertex -29 -5.85793 17.44
      vertex -1.45745 -5.81454 17.2219
      vertex -1.23935 -5.85793 17.44
    endloop
  endfacet
  facet normal 1.92094e-21 -0.980779 -0.195122
    outer loop
      vertex 1.45745 -5.81454 17.2219
      vertex 29 -5.85793 17.44
      vertex 1.23935 -5.85793 17.44
    endloop
  endfacet
  facet normal 1.93615e-21 -0.980779 -0.195122
    outer loop
      vertex 29 -5.85793 17.44
      vertex 1.45745 -5.81454 17.2219
      vertex 29 -5.81454 17.2219
    endloop
  endfacet
  facet normal 8.6533e-20 -0.896825 -0.442386
    outer loop
      vertex -29 -5.9294 17.6506
      vertex -1 -6.02776 17.85
      vertex -29 -6.02776 17.85
    endloop
  endfacet
  facet normal 8.6533e-20 -0.896825 -0.442386
    outer loop
      vertex -1 -6.02776 17.85
      vertex -29 -5.9294 17.6506
      vertex -1 -5.9294 17.6506
    endloop
  endfacet
  facet normal 8.6533e-20 -0.896825 -0.442386
    outer loop
      vertex 1 -5.9294 17.6506
      vertex 29 -6.02776 17.85
      vertex 1 -6.02776 17.85
    endloop
  endfacet
  facet normal 8.6533e-20 -0.896825 -0.442386
    outer loop
      vertex 29 -6.02776 17.85
      vertex 1 -5.9294 17.6506
      vertex 29 -5.9294 17.6506
    endloop
  endfacet
  facet normal 1.02572e-19 -0.831483 -0.555551
    outer loop
      vertex -29 -6.02776 17.85
      vertex -1 -6.1513 18.0349
      vertex -29 -6.1513 18.0349
    endloop
  endfacet
  facet normal 1.02572e-19 -0.831483 -0.555551
    outer loop
      vertex -1 -6.1513 18.0349
      vertex -29 -6.02776 17.85
      vertex -1 -6.02776 17.85
    endloop
  endfacet
  facet normal 1.02572e-19 -0.831483 -0.555551
    outer loop
      vertex 1 -6.02776 17.85
      vertex 29 -6.1513 18.0349
      vertex 1 -6.1513 18.0349
    endloop
  endfacet
  facet normal 1.02572e-19 -0.831483 -0.555551
    outer loop
      vertex 29 -6.1513 18.0349
      vertex 1 -6.02776 17.85
      vertex 29 -6.02776 17.85
    endloop
  endfacet
  facet normal -0 0.0652086 0.997872
    outer loop
      vertex -29 -7.5 15.3
      vertex -1 -7.72189 15.3145
      vertex -1 -7.5 15.3
    endloop
  endfacet
  facet normal 0 0.0652086 0.997872
    outer loop
      vertex -1 -7.72189 15.3145
      vertex -29 -7.5 15.3
      vertex -29 -7.72189 15.3145
    endloop
  endfacet
  facet normal -0 0.0652086 0.997872
    outer loop
      vertex 1 -7.5 15.3
      vertex 29 -7.72189 15.3145
      vertex 29 -7.5 15.3
    endloop
  endfacet
  facet normal 0 0.0652086 0.997872
    outer loop
      vertex 29 -7.72189 15.3145
      vertex 1 -7.5 15.3
      vertex 1 -7.72189 15.3145
    endloop
  endfacet
  facet normal -0 0.195165 0.98077
    outer loop
      vertex -29 -7.72189 15.3145
      vertex -1 -7.93999 15.3579
      vertex -1 -7.72189 15.3145
    endloop
  endfacet
  facet normal 0 0.195165 0.98077
    outer loop
      vertex -1 -7.93999 15.3579
      vertex -29 -7.72189 15.3145
      vertex -29 -7.93999 15.3579
    endloop
  endfacet
  facet normal -0 0.195165 0.98077
    outer loop
      vertex 1 -7.72189 15.3145
      vertex 29 -7.93999 15.3579
      vertex 29 -7.72189 15.3145
    endloop
  endfacet
  facet normal 0 0.195165 0.98077
    outer loop
      vertex 29 -7.93999 15.3579
      vertex 1 -7.72189 15.3145
      vertex 1 -7.93999 15.3579
    endloop
  endfacet
  facet normal -1.84669e-20 0.99786 0.0653848
    outer loop
      vertex -1 -9.18546 16.7781
      vertex -29 -9.2 17
      vertex -1 -9.2 17
    endloop
  endfacet
  facet normal -1.84669e-20 0.99786 0.0653848
    outer loop
      vertex -29 -9.2 17
      vertex -1 -9.18546 16.7781
      vertex -29 -9.18546 16.7781
    endloop
  endfacet
  facet normal -1.84669e-20 0.99786 0.0653848
    outer loop
      vertex 29 -9.18546 16.7781
      vertex 1 -9.2 17
      vertex 29 -9.2 17
    endloop
  endfacet
  facet normal -1.84669e-20 0.99786 0.0653848
    outer loop
      vertex 1 -9.2 17
      vertex 29 -9.18546 16.7781
      vertex 1 -9.18546 16.7781
    endloop
  endfacet
  facet normal -9.07368e-20 0.980779 0.195122
    outer loop
      vertex -1 -9.14207 16.56
      vertex -29 -9.18546 16.7781
      vertex -1 -9.18546 16.7781
    endloop
  endfacet
  facet normal -9.07368e-20 0.980779 0.195122
    outer loop
      vertex -29 -9.18546 16.7781
      vertex -1 -9.14207 16.56
      vertex -29 -9.14207 16.56
    endloop
  endfacet
  facet normal -9.07368e-20 0.980779 0.195122
    outer loop
      vertex 29 -9.14207 16.56
      vertex 1 -9.18546 16.7781
      vertex 29 -9.18546 16.7781
    endloop
  endfacet
  facet normal -9.07368e-20 0.980779 0.195122
    outer loop
      vertex 1 -9.18546 16.7781
      vertex 29 -9.14207 16.56
      vertex 1 -9.14207 16.56
    endloop
  endfacet
  facet normal 2.22051e-19 0.896843 0.442349
    outer loop
      vertex -1 -8.97224 16.15
      vertex -29 -9.07059 16.3494
      vertex -1 -9.07059 16.3494
    endloop
  endfacet
  facet normal 2.22051e-19 0.896843 0.442349
    outer loop
      vertex -29 -9.07059 16.3494
      vertex -1 -8.97224 16.15
      vertex -29 -8.97224 16.15
    endloop
  endfacet
  facet normal 2.22051e-19 0.896843 0.442349
    outer loop
      vertex 29 -8.97224 16.15
      vertex 1 -9.07059 16.3494
      vertex 29 -9.07059 16.3494
    endloop
  endfacet
  facet normal 2.22051e-19 0.896843 0.442349
    outer loop
      vertex 1 -9.07059 16.3494
      vertex 29 -8.97224 16.15
      vertex 1 -8.97224 16.15
    endloop
  endfacet
  facet normal -1.45283e-19 0.751863 0.659319
    outer loop
      vertex -1 -8.70208 15.7979
      vertex -29 -8.8487 15.9651
      vertex -1 -8.8487 15.9651
    endloop
  endfacet
  facet normal -1.45283e-19 0.751863 0.659319
    outer loop
      vertex -29 -8.8487 15.9651
      vertex -1 -8.70208 15.7979
      vertex -29 -8.70208 15.7979
    endloop
  endfacet
  facet normal -1.45283e-19 0.751863 0.659319
    outer loop
      vertex 29 -8.70208 15.7979
      vertex 1 -8.8487 15.9651
      vertex 29 -8.8487 15.9651
    endloop
  endfacet
  facet normal -1.45283e-19 0.751863 0.659319
    outer loop
      vertex 1 -8.8487 15.9651
      vertex 29 -8.70208 15.7979
      vertex 1 -8.70208 15.7979
    endloop
  endfacet
  facet normal 1.02572e-19 0.831483 0.555551
    outer loop
      vertex -1 -8.8487 15.9651
      vertex -29 -8.97224 16.15
      vertex -1 -8.97224 16.15
    endloop
  endfacet
  facet normal 1.02572e-19 0.831483 0.555551
    outer loop
      vertex -29 -8.97224 16.15
      vertex -1 -8.8487 15.9651
      vertex -29 -8.8487 15.9651
    endloop
  endfacet
  facet normal 1.02572e-19 0.831483 0.555551
    outer loop
      vertex 29 -8.8487 15.9651
      vertex 1 -8.97224 16.15
      vertex 29 -8.97224 16.15
    endloop
  endfacet
  facet normal 1.02572e-19 0.831483 0.555551
    outer loop
      vertex 1 -8.97224 16.15
      vertex 29 -8.8487 15.9651
      vertex 1 -8.8487 15.9651
    endloop
  endfacet
  facet normal -0 0.321525 0.946901
    outer loop
      vertex -29 -7.93999 15.3579
      vertex -1 -8.15056 15.4294
      vertex -1 -7.93999 15.3579
    endloop
  endfacet
  facet normal 0 0.321525 0.946901
    outer loop
      vertex -1 -8.15056 15.4294
      vertex -29 -7.93999 15.3579
      vertex -29 -8.15056 15.4294
    endloop
  endfacet
  facet normal -0 0.321525 0.946901
    outer loop
      vertex 1 -7.93999 15.3579
      vertex 29 -8.15056 15.4294
      vertex 29 -7.93999 15.3579
    endloop
  endfacet
  facet normal 0 0.321525 0.946901
    outer loop
      vertex 29 -8.15056 15.4294
      vertex 1 -7.93999 15.3579
      vertex 1 -8.15056 15.4294
    endloop
  endfacet
  facet normal -0 0.442459 0.896789
    outer loop
      vertex -29 -8.15056 15.4294
      vertex -1 -8.35 15.5278
      vertex -1 -8.15056 15.4294
    endloop
  endfacet
  facet normal 0 0.442459 0.896789
    outer loop
      vertex -1 -8.35 15.5278
      vertex -29 -8.15056 15.4294
      vertex -29 -8.35 15.5278
    endloop
  endfacet
  facet normal -0 0.442459 0.896789
    outer loop
      vertex 1 -8.15056 15.4294
      vertex 29 -8.35 15.5278
      vertex 29 -8.15056 15.4294
    endloop
  endfacet
  facet normal 0 0.442459 0.896789
    outer loop
      vertex 29 -8.35 15.5278
      vertex 1 -8.15056 15.4294
      vertex 1 -8.35 15.5278
    endloop
  endfacet
  facet normal 1.84669e-20 0.99786 -0.0653848
    outer loop
      vertex -1 -9.2 17
      vertex -29 -9.18546 17.2219
      vertex -1 -9.18546 17.2219
    endloop
  endfacet
  facet normal 1.84669e-20 0.99786 -0.0653848
    outer loop
      vertex -29 -9.18546 17.2219
      vertex -1 -9.2 17
      vertex -29 -9.2 17
    endloop
  endfacet
  facet normal 1.84669e-20 0.99786 -0.0653848
    outer loop
      vertex 29 -9.2 17
      vertex 1 -9.18546 17.2219
      vertex 29 -9.18546 17.2219
    endloop
  endfacet
  facet normal 1.84669e-20 0.99786 -0.0653848
    outer loop
      vertex 1 -9.18546 17.2219
      vertex 29 -9.2 17
      vertex 1 -9.2 17
    endloop
  endfacet
  facet normal -1.02572e-19 0.831483 -0.555551
    outer loop
      vertex -1 -8.97224 17.85
      vertex -29 -8.8487 18.0349
      vertex -1 -8.8487 18.0349
    endloop
  endfacet
  facet normal -1.02572e-19 0.831483 -0.555551
    outer loop
      vertex -29 -8.8487 18.0349
      vertex -1 -8.97224 17.85
      vertex -29 -8.97224 17.85
    endloop
  endfacet
  facet normal -1.02572e-19 0.831483 -0.555551
    outer loop
      vertex 29 -8.97224 17.85
      vertex 1 -8.8487 18.0349
      vertex 29 -8.8487 18.0349
    endloop
  endfacet
  facet normal -1.02572e-19 0.831483 -0.555551
    outer loop
      vertex 1 -8.8487 18.0349
      vertex 29 -8.97224 17.85
      vertex 1 -8.97224 17.85
    endloop
  endfacet
  facet normal -2.22051e-19 0.896843 -0.442349
    outer loop
      vertex -1 -9.07059 17.6506
      vertex -29 -8.97224 17.85
      vertex -1 -8.97224 17.85
    endloop
  endfacet
  facet normal -2.22051e-19 0.896843 -0.442349
    outer loop
      vertex -29 -8.97224 17.85
      vertex -1 -9.07059 17.6506
      vertex -29 -9.07059 17.6506
    endloop
  endfacet
  facet normal -2.22051e-19 0.896843 -0.442349
    outer loop
      vertex 29 -9.07059 17.6506
      vertex 1 -8.97224 17.85
      vertex 29 -8.97224 17.85
    endloop
  endfacet
  facet normal -2.22051e-19 0.896843 -0.442349
    outer loop
      vertex 1 -8.97224 17.85
      vertex 29 -9.07059 17.6506
      vertex 1 -9.07059 17.6506
    endloop
  endfacet
  facet normal 0 0.0652086 -0.997872
    outer loop
      vertex -29 -7.72189 18.6855
      vertex -1 -7.5 18.7
      vertex -1 -7.72189 18.6855
    endloop
  endfacet
  facet normal 0 0.0652086 -0.997872
    outer loop
      vertex -1 -7.5 18.7
      vertex -29 -7.72189 18.6855
      vertex -29 -7.5 18.7
    endloop
  endfacet
  facet normal 0 0.0652086 -0.997872
    outer loop
      vertex 1 -7.72189 18.6855
      vertex 29 -7.5 18.7
      vertex 29 -7.72189 18.6855
    endloop
  endfacet
  facet normal 0 0.0652086 -0.997872
    outer loop
      vertex 29 -7.5 18.7
      vertex 1 -7.72189 18.6855
      vertex 1 -7.5 18.7
    endloop
  endfacet
  facet normal 0 0.555447 -0.831552
    outer loop
      vertex -29 -8.53489 18.3487
      vertex -1 -8.35 18.4722
      vertex -1 -8.53489 18.3487
    endloop
  endfacet
  facet normal 0 0.555447 -0.831552
    outer loop
      vertex -1 -8.35 18.4722
      vertex -29 -8.53489 18.3487
      vertex -29 -8.35 18.4722
    endloop
  endfacet
  facet normal 0 0.555447 -0.831552
    outer loop
      vertex 1 -8.53489 18.3487
      vertex 29 -8.35 18.4722
      vertex 29 -8.53489 18.3487
    endloop
  endfacet
  facet normal 0 0.555447 -0.831552
    outer loop
      vertex 29 -8.35 18.4722
      vertex 1 -8.53489 18.3487
      vertex 1 -8.35 18.4722
    endloop
  endfacet
  facet normal 0 -0.442459 0.896789
    outer loop
      vertex -29 -6.65 15.5278
      vertex -1 -6.84944 15.4294
      vertex -1 -6.65 15.5278
    endloop
  endfacet
  facet normal 0 -0.442459 0.896789
    outer loop
      vertex -1 -6.84944 15.4294
      vertex -29 -6.65 15.5278
      vertex -29 -6.84944 15.4294
    endloop
  endfacet
  facet normal 0 -0.442459 0.896789
    outer loop
      vertex 1 -6.65 15.5278
      vertex 29 -6.84944 15.4294
      vertex 29 -6.65 15.5278
    endloop
  endfacet
  facet normal 0 -0.442459 0.896789
    outer loop
      vertex 29 -6.84944 15.4294
      vertex 1 -6.65 15.5278
      vertex 1 -6.84944 15.4294
    endloop
  endfacet
  facet normal -1.92623e-19 -0.751863 0.659319
    outer loop
      vertex -29 -6.29792 15.7979
      vertex -1 -6.1513 15.9651
      vertex -29 -6.1513 15.9651
    endloop
  endfacet
  facet normal -1.92623e-19 -0.751863 0.659319
    outer loop
      vertex -1 -6.1513 15.9651
      vertex -29 -6.29792 15.7979
      vertex -1 -6.29792 15.7979
    endloop
  endfacet
  facet normal -1.92623e-19 -0.751863 0.659319
    outer loop
      vertex 1 -6.29792 15.7979
      vertex 29 -6.1513 15.9651
      vertex 1 -6.1513 15.9651
    endloop
  endfacet
  facet normal -1.92623e-19 -0.751863 0.659319
    outer loop
      vertex 29 -6.1513 15.9651
      vertex 1 -6.29792 15.7979
      vertex 29 -6.29792 15.7979
    endloop
  endfacet
  facet normal 0 -0.195173 -0.980769
    outer loop
      vertex -29 -7.2781 18.6855
      vertex -1 -7.06001 18.6421
      vertex -1 -7.2781 18.6855
    endloop
  endfacet
  facet normal -0 -0.195173 -0.980769
    outer loop
      vertex -1 -7.06001 18.6421
      vertex -29 -7.2781 18.6855
      vertex -29 -7.06001 18.6421
    endloop
  endfacet
  facet normal 0 -0.195173 -0.980769
    outer loop
      vertex 1 -7.2781 18.6855
      vertex 29 -7.06001 18.6421
      vertex 29 -7.2781 18.6855
    endloop
  endfacet
  facet normal -0 -0.195173 -0.980769
    outer loop
      vertex 29 -7.06001 18.6421
      vertex 1 -7.2781 18.6855
      vertex 1 -7.06001 18.6421
    endloop
  endfacet
  facet normal 0 -0.555447 -0.831552
    outer loop
      vertex -29 -6.65 18.4722
      vertex -1 -6.46511 18.3487
      vertex -1 -6.65 18.4722
    endloop
  endfacet
  facet normal -0 -0.555447 -0.831552
    outer loop
      vertex -1 -6.46511 18.3487
      vertex -29 -6.65 18.4722
      vertex -29 -6.46511 18.3487
    endloop
  endfacet
  facet normal 0 -0.555447 -0.831552
    outer loop
      vertex 1 -6.65 18.4722
      vertex 29 -6.46511 18.3487
      vertex 29 -6.65 18.4722
    endloop
  endfacet
  facet normal -0 -0.555447 -0.831552
    outer loop
      vertex 29 -6.46511 18.3487
      vertex 1 -6.65 18.4722
      vertex 1 -6.46511 18.3487
    endloop
  endfacet
  facet normal 9.07368e-20 0.980779 -0.195122
    outer loop
      vertex -1 -9.18546 17.2219
      vertex -29 -9.14207 17.44
      vertex -1 -9.14207 17.44
    endloop
  endfacet
  facet normal 9.07368e-20 0.980779 -0.195122
    outer loop
      vertex -29 -9.14207 17.44
      vertex -1 -9.18546 17.2219
      vertex -29 -9.18546 17.2219
    endloop
  endfacet
  facet normal 9.07368e-20 0.980779 -0.195122
    outer loop
      vertex 29 -9.18546 17.2219
      vertex 1 -9.14207 17.44
      vertex 29 -9.14207 17.44
    endloop
  endfacet
  facet normal 9.07368e-20 0.980779 -0.195122
    outer loop
      vertex 1 -9.14207 17.44
      vertex 29 -9.18546 17.2219
      vertex 1 -9.18546 17.2219
    endloop
  endfacet
endsolid OpenSCAD_Model
