solid OpenSCAD_Model
  facet normal -1 0 0
    outer loop
      vertex -29 10 38
      vertex -29 16 0
      vertex -29 10 0
    endloop
  endfacet
  facet normal -1 0 0
    outer loop
      vertex -29 16 0
      vertex -29 10 38
      vertex -29 16 48
    endloop
  endfacet
  facet normal -1 0 0
    outer loop
      vertex -29 -10 48
      vertex -29 10 38
      vertex -29 -10 38
    endloop
  endfacet
  facet normal -1 0 0
    outer loop
      vertex -29 10 38
      vertex -29 -10 48
      vertex -29 16 48
    endloop
  endfacet
  facet normal -0 0 1
    outer loop
      vertex 7.43584 0.978946 48
      vertex 29 -10 48
      vertex 29 16 48
    endloop
  endfacet
  facet normal 0 0 1
    outer loop
      vertex 29 -10 48
      vertex 7.43584 0.978946 48
      vertex 7.5 0 48
    endloop
  endfacet
  facet normal 0 0 1
    outer loop
      vertex 29 16 48
      vertex 7.24444 1.94114 48
      vertex 7.43584 0.978946 48
    endloop
  endfacet
  facet normal 0 0 1
    outer loop
      vertex 29 16 48
      vertex 6.9291 2.87012 48
      vertex 7.24444 1.94114 48
    endloop
  endfacet
  facet normal 0 0 1
    outer loop
      vertex 29 16 48
      vertex 6.49519 3.75 48
      vertex 6.9291 2.87012 48
    endloop
  endfacet
  facet normal 0 0 1
    outer loop
      vertex 29 16 48
      vertex 5.95015 4.56571 48
      vertex 6.49519 3.75 48
    endloop
  endfacet
  facet normal 0 0 1
    outer loop
      vertex 29 16 48
      vertex 5.3033 5.3033 48
      vertex 5.95015 4.56571 48
    endloop
  endfacet
  facet normal 0 0 1
    outer loop
      vertex 29 16 48
      vertex 4.56571 5.95015 48
      vertex 5.3033 5.3033 48
    endloop
  endfacet
  facet normal 0 0 1
    outer loop
      vertex 29 16 48
      vertex 3.75 6.49519 48
      vertex 4.56571 5.95015 48
    endloop
  endfacet
  facet normal 0 0 1
    outer loop
      vertex 29 16 48
      vertex 2.87012 6.9291 48
      vertex 3.75 6.49519 48
    endloop
  endfacet
  facet normal 0 0 1
    outer loop
      vertex 29 16 48
      vertex 1.94114 7.24444 48
      vertex 2.87012 6.9291 48
    endloop
  endfacet
  facet normal 0 0 1
    outer loop
      vertex 29 16 48
      vertex 0.978946 7.43584 48
      vertex 1.94114 7.24444 48
    endloop
  endfacet
  facet normal 0 0 1
    outer loop
      vertex 29 16 48
      vertex 0 7.5 48
      vertex 0.978946 7.43584 48
    endloop
  endfacet
  facet normal -0 0 1
    outer loop
      vertex -29 16 48
      vertex 0 7.5 48
      vertex 29 16 48
    endloop
  endfacet
  facet normal 0 0 1
    outer loop
      vertex 0 7.5 48
      vertex -29 16 48
      vertex -0.978946 7.43584 48
    endloop
  endfacet
  facet normal 0 0 1
    outer loop
      vertex -29 -10 48
      vertex -7.43584 0.978946 48
      vertex -29 16 48
    endloop
  endfacet
  facet normal 0 0 1
    outer loop
      vertex -7.24444 1.94114 48
      vertex -29 16 48
      vertex -7.43584 0.978946 48
    endloop
  endfacet
  facet normal 0 0 1
    outer loop
      vertex -6.9291 2.87012 48
      vertex -29 16 48
      vertex -7.24444 1.94114 48
    endloop
  endfacet
  facet normal 0 0 1
    outer loop
      vertex -6.49519 3.75 48
      vertex -29 16 48
      vertex -6.9291 2.87012 48
    endloop
  endfacet
  facet normal 0 0 1
    outer loop
      vertex -5.95015 4.56571 48
      vertex -29 16 48
      vertex -6.49519 3.75 48
    endloop
  endfacet
  facet normal 0 0 1
    outer loop
      vertex -5.3033 5.3033 48
      vertex -29 16 48
      vertex -5.95015 4.56571 48
    endloop
  endfacet
  facet normal 0 0 1
    outer loop
      vertex -4.56571 5.95015 48
      vertex -29 16 48
      vertex -5.3033 5.3033 48
    endloop
  endfacet
  facet normal 0 0 1
    outer loop
      vertex -3.75 6.49519 48
      vertex -29 16 48
      vertex -4.56571 5.95015 48
    endloop
  endfacet
  facet normal 0 0 1
    outer loop
      vertex -2.87012 6.9291 48
      vertex -29 16 48
      vertex -3.75 6.49519 48
    endloop
  endfacet
  facet normal 0 0 1
    outer loop
      vertex -1.94114 7.24444 48
      vertex -29 16 48
      vertex -2.87012 6.9291 48
    endloop
  endfacet
  facet normal 0 0 1
    outer loop
      vertex -0.978946 7.43584 48
      vertex -29 16 48
      vertex -1.94114 7.24444 48
    endloop
  endfacet
  facet normal -0 0 1
    outer loop
      vertex 7.43584 -0.978946 48
      vertex 29 -10 48
      vertex 7.5 0 48
    endloop
  endfacet
  facet normal -0 0 1
    outer loop
      vertex 7.24444 -1.94114 48
      vertex 29 -10 48
      vertex 7.43584 -0.978946 48
    endloop
  endfacet
  facet normal -0 0 1
    outer loop
      vertex 6.9291 -2.87012 48
      vertex 29 -10 48
      vertex 7.24444 -1.94114 48
    endloop
  endfacet
  facet normal -0 0 1
    outer loop
      vertex 6.49519 -3.75 48
      vertex 29 -10 48
      vertex 6.9291 -2.87012 48
    endloop
  endfacet
  facet normal -0 0 1
    outer loop
      vertex 5.95015 -4.56571 48
      vertex 29 -10 48
      vertex 6.49519 -3.75 48
    endloop
  endfacet
  facet normal -0 0 1
    outer loop
      vertex 5.3033 -5.3033 48
      vertex 29 -10 48
      vertex 5.95015 -4.56571 48
    endloop
  endfacet
  facet normal -0 0 1
    outer loop
      vertex 4.56571 -5.95015 48
      vertex 29 -10 48
      vertex 5.3033 -5.3033 48
    endloop
  endfacet
  facet normal -0 0 1
    outer loop
      vertex 3.75 -6.49519 48
      vertex 29 -10 48
      vertex 4.56571 -5.95015 48
    endloop
  endfacet
  facet normal -0 0 1
    outer loop
      vertex 2.87012 -6.9291 48
      vertex 29 -10 48
      vertex 3.75 -6.49519 48
    endloop
  endfacet
  facet normal -0 0 1
    outer loop
      vertex 1.94114 -7.24444 48
      vertex 29 -10 48
      vertex 2.87012 -6.9291 48
    endloop
  endfacet
  facet normal -0 0 1
    outer loop
      vertex 0.978946 -7.43584 48
      vertex 29 -10 48
      vertex 1.94114 -7.24444 48
    endloop
  endfacet
  facet normal -0 0 1
    outer loop
      vertex 0 -7.5 48
      vertex 29 -10 48
      vertex 0.978946 -7.43584 48
    endloop
  endfacet
  facet normal 0 0 1
    outer loop
      vertex -29 -10 48
      vertex 0 -7.5 48
      vertex -0.978946 -7.43584 48
    endloop
  endfacet
  facet normal 0 0 1
    outer loop
      vertex -7.43584 0.978946 48
      vertex -29 -10 48
      vertex -7.5 0 48
    endloop
  endfacet
  facet normal 0 0 1
    outer loop
      vertex -7.5 0 48
      vertex -29 -10 48
      vertex -7.43584 -0.978946 48
    endloop
  endfacet
  facet normal 0 0 1
    outer loop
      vertex -7.43584 -0.978946 48
      vertex -29 -10 48
      vertex -7.24444 -1.94114 48
    endloop
  endfacet
  facet normal 0 0 1
    outer loop
      vertex -7.24444 -1.94114 48
      vertex -29 -10 48
      vertex -6.9291 -2.87012 48
    endloop
  endfacet
  facet normal 0 0 1
    outer loop
      vertex -6.9291 -2.87012 48
      vertex -29 -10 48
      vertex -6.49519 -3.75 48
    endloop
  endfacet
  facet normal 0 0 1
    outer loop
      vertex -6.49519 -3.75 48
      vertex -29 -10 48
      vertex -5.95015 -4.56571 48
    endloop
  endfacet
  facet normal 0 0 1
    outer loop
      vertex 0 -7.5 48
      vertex -29 -10 48
      vertex 29 -10 48
    endloop
  endfacet
  facet normal 0 0 1
    outer loop
      vertex -1.94114 -7.24444 48
      vertex -29 -10 48
      vertex -0.978946 -7.43584 48
    endloop
  endfacet
  facet normal 0 0 1
    outer loop
      vertex -2.87012 -6.9291 48
      vertex -29 -10 48
      vertex -1.94114 -7.24444 48
    endloop
  endfacet
  facet normal 0 0 1
    outer loop
      vertex -3.75 -6.49519 48
      vertex -29 -10 48
      vertex -2.87012 -6.9291 48
    endloop
  endfacet
  facet normal 0 0 1
    outer loop
      vertex -4.56571 -5.95015 48
      vertex -29 -10 48
      vertex -3.75 -6.49519 48
    endloop
  endfacet
  facet normal 0 0 1
    outer loop
      vertex -5.3033 -5.3033 48
      vertex -29 -10 48
      vertex -4.56571 -5.95015 48
    endloop
  endfacet
  facet normal 0 0 1
    outer loop
      vertex -5.95015 -4.56571 48
      vertex -29 -10 48
      vertex -5.3033 -5.3033 48
    endloop
  endfacet
  facet normal 1 0 0
    outer loop
      vertex 29 16 48
      vertex 29 10 38
      vertex 29 16 0
    endloop
  endfacet
  facet normal 1 -0 0
    outer loop
      vertex 29 -10 48
      vertex 29 10 38
      vertex 29 16 48
    endloop
  endfacet
  facet normal 1 0 0
    outer loop
      vertex 29 10 38
      vertex 29 -10 48
      vertex 29 -10 38
    endloop
  endfacet
  facet normal 1 0 0
    outer loop
      vertex 29 16 0
      vertex 29 10 38
      vertex 29 10 0
    endloop
  endfacet
  facet normal 0 -1 0
    outer loop
      vertex 11.7128 10 32.1812
      vertex 29 10 38
      vertex -11.7128 10 32.1812
    endloop
  endfacet
  facet normal 0 -1 0
    outer loop
      vertex 29 10 38
      vertex 11.7128 10 32.1812
      vertex 12 10 32.2
    endloop
  endfacet
  facet normal 0 -1 0
    outer loop
      vertex -11.4306 10 32.125
      vertex 11.7128 10 32.1812
      vertex -11.7128 10 32.1812
    endloop
  endfacet
  facet normal 0 -1 0
    outer loop
      vertex -11.4306 10 32.125
      vertex 11.4306 10 32.125
      vertex 11.7128 10 32.1812
    endloop
  endfacet
  facet normal 0 -1 0
    outer loop
      vertex -11.1581 10 32.0325
      vertex 11.4306 10 32.125
      vertex -11.4306 10 32.125
    endloop
  endfacet
  facet normal 0 -1 0
    outer loop
      vertex -11.1581 10 32.0325
      vertex 11.1581 10 32.0325
      vertex 11.4306 10 32.125
    endloop
  endfacet
  facet normal 0 -1 0
    outer loop
      vertex -10.9 10 31.9053
      vertex 11.1581 10 32.0325
      vertex -11.1581 10 32.0325
    endloop
  endfacet
  facet normal 0 -1 0
    outer loop
      vertex -10.9 10 31.9053
      vertex 10.9 10 31.9053
      vertex 11.1581 10 32.0325
    endloop
  endfacet
  facet normal 0 -1 0
    outer loop
      vertex -10.6607 10 31.7454
      vertex 10.9 10 31.9053
      vertex -10.9 10 31.9053
    endloop
  endfacet
  facet normal 0 -1 0
    outer loop
      vertex -10.6607 10 31.7454
      vertex 10.6607 10 31.7454
      vertex 10.9 10 31.9053
    endloop
  endfacet
  facet normal 0 -1 0
    outer loop
      vertex -10.4444 10 31.5556
      vertex 10.6607 10 31.7454
      vertex -10.6607 10 31.7454
    endloop
  endfacet
  facet normal 0 -1 0
    outer loop
      vertex -10.4444 10 31.5556
      vertex 10.4444 10 31.5556
      vertex 10.6607 10 31.7454
    endloop
  endfacet
  facet normal 0 -1 0
    outer loop
      vertex -10.2546 10 31.3393
      vertex 10.4444 10 31.5556
      vertex -10.4444 10 31.5556
    endloop
  endfacet
  facet normal 0 -1 0
    outer loop
      vertex -10.2546 10 31.3393
      vertex 10.2546 10 31.3393
      vertex 10.4444 10 31.5556
    endloop
  endfacet
  facet normal 0 -1 0
    outer loop
      vertex -10.0947 10 31.1
      vertex 10.2546 10 31.3393
      vertex -10.2546 10 31.3393
    endloop
  endfacet
  facet normal 0 -1 0
    outer loop
      vertex -10.0947 10 31.1
      vertex 10.0947 10 31.1
      vertex 10.2546 10 31.3393
    endloop
  endfacet
  facet normal 0 -1 0
    outer loop
      vertex -9.96746 10 30.8419
      vertex 10.0947 10 31.1
      vertex -10.0947 10 31.1
    endloop
  endfacet
  facet normal 0 -1 0
    outer loop
      vertex -9.96746 10 30.8419
      vertex 9.96746 10 30.8419
      vertex 10.0947 10 31.1
    endloop
  endfacet
  facet normal 0 -1 0
    outer loop
      vertex -9.87496 10 30.5694
      vertex 9.96746 10 30.8419
      vertex -9.96746 10 30.8419
    endloop
  endfacet
  facet normal 0 -1 0
    outer loop
      vertex -9.87496 10 30.5694
      vertex 9.87496 10 30.5694
      vertex 9.96746 10 30.8419
    endloop
  endfacet
  facet normal 0 -1 0
    outer loop
      vertex -9.81882 10 30.2872
      vertex 9.87496 10 30.5694
      vertex -9.87496 10 30.5694
    endloop
  endfacet
  facet normal 0 -1 0
    outer loop
      vertex -9.81882 10 30.2872
      vertex 9.81882 10 30.2872
      vertex 9.87496 10 30.5694
    endloop
  endfacet
  facet normal 0 -1 0
    outer loop
      vertex -9.8 10 30
      vertex 9.81882 10 30.2872
      vertex -9.81882 10 30.2872
    endloop
  endfacet
  facet normal 0 -1 0
    outer loop
      vertex -9.8 10 30
      vertex 9.8 10 30
      vertex 9.81882 10 30.2872
    endloop
  endfacet
  facet normal 0 -1 0
    outer loop
      vertex -9.81882 10 29.7128
      vertex 9.8 10 30
      vertex -9.8 10 30
    endloop
  endfacet
  facet normal 0 -1 0
    outer loop
      vertex -9.81882 10 29.7128
      vertex 9.81882 10 29.7128
      vertex 9.8 10 30
    endloop
  endfacet
  facet normal 0 -1 0
    outer loop
      vertex -9.87496 10 29.4306
      vertex 9.81882 10 29.7128
      vertex -9.81882 10 29.7128
    endloop
  endfacet
  facet normal 0 -1 0
    outer loop
      vertex -9.87496 10 29.4306
      vertex 9.87496 10 29.4306
      vertex 9.81882 10 29.7128
    endloop
  endfacet
  facet normal 0 -1 0
    outer loop
      vertex -9.96746 10 29.1581
      vertex 9.87496 10 29.4306
      vertex -9.87496 10 29.4306
    endloop
  endfacet
  facet normal 0 -1 0
    outer loop
      vertex -9.96746 10 29.1581
      vertex 9.96746 10 29.1581
      vertex 9.87496 10 29.4306
    endloop
  endfacet
  facet normal 0 -1 0
    outer loop
      vertex -10.0947 10 28.9
      vertex 9.96746 10 29.1581
      vertex -9.96746 10 29.1581
    endloop
  endfacet
  facet normal 0 -1 0
    outer loop
      vertex -10.0947 10 28.9
      vertex 10.0947 10 28.9
      vertex 9.96746 10 29.1581
    endloop
  endfacet
  facet normal 0 -1 0
    outer loop
      vertex -10.2546 10 28.6607
      vertex 10.0947 10 28.9
      vertex -10.0947 10 28.9
    endloop
  endfacet
  facet normal 0 -1 0
    outer loop
      vertex -10.2546 10 28.6607
      vertex 10.2546 10 28.6607
      vertex 10.0947 10 28.9
    endloop
  endfacet
  facet normal 0 -1 0
    outer loop
      vertex -10.4444 10 28.4444
      vertex 10.2546 10 28.6607
      vertex -10.2546 10 28.6607
    endloop
  endfacet
  facet normal 0 -1 0
    outer loop
      vertex -10.4444 10 28.4444
      vertex 10.4444 10 28.4444
      vertex 10.2546 10 28.6607
    endloop
  endfacet
  facet normal 0 -1 0
    outer loop
      vertex -10.6607 10 28.2546
      vertex 10.4444 10 28.4444
      vertex -10.4444 10 28.4444
    endloop
  endfacet
  facet normal 0 -1 0
    outer loop
      vertex -10.6607 10 28.2546
      vertex 10.6607 10 28.2546
      vertex 10.4444 10 28.4444
    endloop
  endfacet
  facet normal 0 -1 0
    outer loop
      vertex -10.9 10 28.0947
      vertex 10.6607 10 28.2546
      vertex -10.6607 10 28.2546
    endloop
  endfacet
  facet normal 0 -1 0
    outer loop
      vertex -10.9 10 28.0947
      vertex 10.9 10 28.0947
      vertex 10.6607 10 28.2546
    endloop
  endfacet
  facet normal 0 -1 0
    outer loop
      vertex -11.1581 10 27.9675
      vertex 10.9 10 28.0947
      vertex -10.9 10 28.0947
    endloop
  endfacet
  facet normal 0 -1 0
    outer loop
      vertex -11.1581 10 27.9675
      vertex 11.1581 10 27.9675
      vertex 10.9 10 28.0947
    endloop
  endfacet
  facet normal 0 -1 0
    outer loop
      vertex -29 10 0
      vertex -11.1581 10 27.9675
      vertex -11.4306 10 27.875
    endloop
  endfacet
  facet normal 0 -1 -0
    outer loop
      vertex -11.1581 10 27.9675
      vertex -29 10 0
      vertex 11.1581 10 27.9675
    endloop
  endfacet
  facet normal 0 -1 0
    outer loop
      vertex -29 10 0
      vertex -11.4306 10 27.875
      vertex -11.7128 10 27.8188
    endloop
  endfacet
  facet normal 0 -1 0
    outer loop
      vertex 29 10 0
      vertex 11.1581 10 27.9675
      vertex -29 10 0
    endloop
  endfacet
  facet normal 0 -1 0
    outer loop
      vertex -29 10 0
      vertex -11.7128 10 27.8188
      vertex -12 10 27.8
    endloop
  endfacet
  facet normal 0 -1 0
    outer loop
      vertex 11.1581 10 27.9675
      vertex 29 10 0
      vertex 11.4306 10 27.875
    endloop
  endfacet
  facet normal 0 -1 0
    outer loop
      vertex -11.7128 10 32.1812
      vertex -29 10 38
      vertex -12 10 32.2
    endloop
  endfacet
  facet normal 0 -1 0
    outer loop
      vertex -29 10 38
      vertex -12.2872 10 32.1812
      vertex -12 10 32.2
    endloop
  endfacet
  facet normal 0 -1 0
    outer loop
      vertex -29 10 38
      vertex -12.5694 10 32.125
      vertex -12.2872 10 32.1812
    endloop
  endfacet
  facet normal 0 -1 0
    outer loop
      vertex -29 10 38
      vertex -12.8419 10 32.0325
      vertex -12.5694 10 32.125
    endloop
  endfacet
  facet normal 0 -1 0
    outer loop
      vertex -29 10 38
      vertex -13.1 10 31.9053
      vertex -12.8419 10 32.0325
    endloop
  endfacet
  facet normal 0 -1 0
    outer loop
      vertex -29 10 38
      vertex -13.3393 10 31.7454
      vertex -13.1 10 31.9053
    endloop
  endfacet
  facet normal 0 -1 0
    outer loop
      vertex -29 10 38
      vertex -13.5556 10 31.5556
      vertex -13.3393 10 31.7454
    endloop
  endfacet
  facet normal 0 -1 0
    outer loop
      vertex -29 10 38
      vertex -13.7454 10 31.3393
      vertex -13.5556 10 31.5556
    endloop
  endfacet
  facet normal 0 -1 0
    outer loop
      vertex -29 10 38
      vertex -13.9053 10 31.1
      vertex -13.7454 10 31.3393
    endloop
  endfacet
  facet normal 0 -1 0
    outer loop
      vertex -29 10 38
      vertex -14.0325 10 30.8419
      vertex -13.9053 10 31.1
    endloop
  endfacet
  facet normal 0 -1 0
    outer loop
      vertex -29 10 38
      vertex -14.125 10 30.5694
      vertex -14.0325 10 30.8419
    endloop
  endfacet
  facet normal 0 -1 0
    outer loop
      vertex -29 10 38
      vertex -14.1812 10 30.2872
      vertex -14.125 10 30.5694
    endloop
  endfacet
  facet normal 0 -1 0
    outer loop
      vertex -29 10 38
      vertex -14.2 10 30
      vertex -14.1812 10 30.2872
    endloop
  endfacet
  facet normal 0 -1 0
    outer loop
      vertex -29 10 38
      vertex -14.1812 10 29.7128
      vertex -14.2 10 30
    endloop
  endfacet
  facet normal 0 -1 0
    outer loop
      vertex -29 10 38
      vertex -14.125 10 29.4306
      vertex -14.1812 10 29.7128
    endloop
  endfacet
  facet normal 0 -1 0
    outer loop
      vertex -29 10 38
      vertex -14.0325 10 29.1581
      vertex -14.125 10 29.4306
    endloop
  endfacet
  facet normal 0 -1 0
    outer loop
      vertex -29 10 38
      vertex -13.9053 10 28.9
      vertex -14.0325 10 29.1581
    endloop
  endfacet
  facet normal 0 -1 0
    outer loop
      vertex -29 10 0
      vertex -13.9053 10 28.9
      vertex -29 10 38
    endloop
  endfacet
  facet normal 0 -1 -0
    outer loop
      vertex -13.9053 10 28.9
      vertex -29 10 0
      vertex -13.7454 10 28.6607
    endloop
  endfacet
  facet normal 0 -1 -0
    outer loop
      vertex -13.7454 10 28.6607
      vertex -29 10 0
      vertex -13.5556 10 28.4444
    endloop
  endfacet
  facet normal 0 -1 -0
    outer loop
      vertex -13.5556 10 28.4444
      vertex -29 10 0
      vertex -13.3393 10 28.2546
    endloop
  endfacet
  facet normal 0 -1 0
    outer loop
      vertex 11.4306 10 27.875
      vertex 29 10 0
      vertex 11.7128 10 27.8188
    endloop
  endfacet
  facet normal 0 -1 -0
    outer loop
      vertex -12.2872 10 27.8188
      vertex -29 10 0
      vertex -12 10 27.8
    endloop
  endfacet
  facet normal 0 -1 -0
    outer loop
      vertex -12.5694 10 27.875
      vertex -29 10 0
      vertex -12.2872 10 27.8188
    endloop
  endfacet
  facet normal 0 -1 -0
    outer loop
      vertex -12.8419 10 27.9675
      vertex -29 10 0
      vertex -12.5694 10 27.875
    endloop
  endfacet
  facet normal 0 -1 -0
    outer loop
      vertex -13.1 10 28.0947
      vertex -29 10 0
      vertex -12.8419 10 27.9675
    endloop
  endfacet
  facet normal 0 -1 -0
    outer loop
      vertex -13.3393 10 28.2546
      vertex -29 10 0
      vertex -13.1 10 28.0947
    endloop
  endfacet
  facet normal 0 -1 0
    outer loop
      vertex -29 10 38
      vertex -11.7128 10 32.1812
      vertex 29 10 38
    endloop
  endfacet
  facet normal 0 -1 0
    outer loop
      vertex 12.2872 10 32.1812
      vertex 29 10 38
      vertex 12 10 32.2
    endloop
  endfacet
  facet normal 0 -1 0
    outer loop
      vertex 12.5694 10 32.125
      vertex 29 10 38
      vertex 12.2872 10 32.1812
    endloop
  endfacet
  facet normal 0 -1 0
    outer loop
      vertex 12.8419 10 32.0325
      vertex 29 10 38
      vertex 12.5694 10 32.125
    endloop
  endfacet
  facet normal 0 -1 0
    outer loop
      vertex 13.1 10 31.9053
      vertex 29 10 38
      vertex 12.8419 10 32.0325
    endloop
  endfacet
  facet normal 0 -1 0
    outer loop
      vertex 13.3393 10 31.7454
      vertex 29 10 38
      vertex 13.1 10 31.9053
    endloop
  endfacet
  facet normal 0 -1 0
    outer loop
      vertex 13.5556 10 31.5556
      vertex 29 10 38
      vertex 13.3393 10 31.7454
    endloop
  endfacet
  facet normal 0 -1 0
    outer loop
      vertex 13.7454 10 31.3393
      vertex 29 10 38
      vertex 13.5556 10 31.5556
    endloop
  endfacet
  facet normal 0 -1 0
    outer loop
      vertex 13.9053 10 31.1
      vertex 29 10 38
      vertex 13.7454 10 31.3393
    endloop
  endfacet
  facet normal 0 -1 0
    outer loop
      vertex 14.0325 10 30.8419
      vertex 29 10 38
      vertex 13.9053 10 31.1
    endloop
  endfacet
  facet normal 0 -1 0
    outer loop
      vertex 14.125 10 30.5694
      vertex 29 10 38
      vertex 14.0325 10 30.8419
    endloop
  endfacet
  facet normal 0 -1 0
    outer loop
      vertex 14.1812 10 30.2872
      vertex 29 10 38
      vertex 14.125 10 30.5694
    endloop
  endfacet
  facet normal 0 -1 0
    outer loop
      vertex 14.2 10 30
      vertex 29 10 38
      vertex 14.1812 10 30.2872
    endloop
  endfacet
  facet normal 0 -1 0
    outer loop
      vertex 14.1812 10 29.7128
      vertex 29 10 38
      vertex 14.2 10 30
    endloop
  endfacet
  facet normal 0 -1 0
    outer loop
      vertex 14.125 10 29.4306
      vertex 29 10 38
      vertex 14.1812 10 29.7128
    endloop
  endfacet
  facet normal 0 -1 0
    outer loop
      vertex 14.0325 10 29.1581
      vertex 29 10 38
      vertex 14.125 10 29.4306
    endloop
  endfacet
  facet normal 0 -1 0
    outer loop
      vertex 13.9053 10 28.9
      vertex 29 10 38
      vertex 14.0325 10 29.1581
    endloop
  endfacet
  facet normal 0 -1 0
    outer loop
      vertex 29 10 0
      vertex 13.9053 10 28.9
      vertex 13.7454 10 28.6607
    endloop
  endfacet
  facet normal 0 -1 0
    outer loop
      vertex 29 10 0
      vertex 13.7454 10 28.6607
      vertex 13.5556 10 28.4444
    endloop
  endfacet
  facet normal 0 -1 0
    outer loop
      vertex 29 10 0
      vertex 13.5556 10 28.4444
      vertex 13.3393 10 28.2546
    endloop
  endfacet
  facet normal 0 -1 0
    outer loop
      vertex 29 10 0
      vertex 13.3393 10 28.2546
      vertex 13.1 10 28.0947
    endloop
  endfacet
  facet normal 0 -1 0
    outer loop
      vertex 11.7128 10 27.8188
      vertex 29 10 0
      vertex 12 10 27.8
    endloop
  endfacet
  facet normal 0 -1 0
    outer loop
      vertex 12 10 27.8
      vertex 29 10 0
      vertex 12.2872 10 27.8188
    endloop
  endfacet
  facet normal 0 -1 0
    outer loop
      vertex 12.2872 10 27.8188
      vertex 29 10 0
      vertex 12.5694 10 27.875
    endloop
  endfacet
  facet normal 0 -1 0
    outer loop
      vertex 12.5694 10 27.875
      vertex 29 10 0
      vertex 12.8419 10 27.9675
    endloop
  endfacet
  facet normal 0 -1 0
    outer loop
      vertex 12.8419 10 27.9675
      vertex 29 10 0
      vertex 13.1 10 28.0947
    endloop
  endfacet
  facet normal 0 -1 0
    outer loop
      vertex 13.9053 10 28.9
      vertex 29 10 0
      vertex 29 10 38
    endloop
  endfacet
  facet normal 0 0 -1
    outer loop
      vertex 29 -10 38
      vertex 23.75 0 38
      vertex 29 10 38
    endloop
  endfacet
  facet normal 0 0 -1
    outer loop
      vertex 29 -10 38
      vertex 23.7179 -0.489472 38
      vertex 23.75 0 38
    endloop
  endfacet
  facet normal 0 0 -1
    outer loop
      vertex 29 -10 38
      vertex 23.6222 -0.970571 38
      vertex 23.7179 -0.489472 38
    endloop
  endfacet
  facet normal 0 0 -1
    outer loop
      vertex 29 -10 38
      vertex 23.4645 -1.43506 38
      vertex 23.6222 -0.970571 38
    endloop
  endfacet
  facet normal 0 0 -1
    outer loop
      vertex 29 -10 38
      vertex 23.2476 -1.875 38
      vertex 23.4645 -1.43506 38
    endloop
  endfacet
  facet normal 0 0 -1
    outer loop
      vertex 29 -10 38
      vertex 22.9751 -2.28286 38
      vertex 23.2476 -1.875 38
    endloop
  endfacet
  facet normal 0 0 -1
    outer loop
      vertex 29 -10 38
      vertex 22.6516 -2.65165 38
      vertex 22.9751 -2.28286 38
    endloop
  endfacet
  facet normal 0 0 -1
    outer loop
      vertex 29 -10 38
      vertex 22.2829 -2.97507 38
      vertex 22.6516 -2.65165 38
    endloop
  endfacet
  facet normal 0 0 -1
    outer loop
      vertex 29 -10 38
      vertex 21.875 -3.24759 38
      vertex 22.2829 -2.97507 38
    endloop
  endfacet
  facet normal 0 0 -1
    outer loop
      vertex 29 -10 38
      vertex 21.4351 -3.46455 38
      vertex 21.875 -3.24759 38
    endloop
  endfacet
  facet normal 0 0 -1
    outer loop
      vertex 29 -10 38
      vertex 20.9706 -3.62222 38
      vertex 21.4351 -3.46455 38
    endloop
  endfacet
  facet normal 0 0 -1
    outer loop
      vertex 29 -10 38
      vertex 20.4895 -3.71792 38
      vertex 20.9706 -3.62222 38
    endloop
  endfacet
  facet normal 0 0 -1
    outer loop
      vertex 29 -10 38
      vertex 20 -3.75 38
      vertex 20.4895 -3.71792 38
    endloop
  endfacet
  facet normal 0 0 -1
    outer loop
      vertex 29 -10 38
      vertex 19.5105 -3.71792 38
      vertex 20 -3.75 38
    endloop
  endfacet
  facet normal 0 0 -1
    outer loop
      vertex 29 -10 38
      vertex 19.0294 -3.62222 38
      vertex 19.5105 -3.71792 38
    endloop
  endfacet
  facet normal 0 0 -1
    outer loop
      vertex 4.56571 -5.95015 38
      vertex 19.0294 -3.62222 38
      vertex 29 -10 38
    endloop
  endfacet
  facet normal -0 0 -1
    outer loop
      vertex 19.0294 -3.62222 38
      vertex 4.56571 -5.95015 38
      vertex 18.5649 -3.46455 38
    endloop
  endfacet
  facet normal 0 0 -1
    outer loop
      vertex 16.2821 -0.489472 38
      vertex 7.5 0 38
      vertex 16.25 0 38
    endloop
  endfacet
  facet normal 0 0 -1
    outer loop
      vertex 7.43584 -0.978946 38
      vertex 16.2821 -0.489472 38
      vertex 16.3778 -0.970571 38
    endloop
  endfacet
  facet normal 0 0 -1
    outer loop
      vertex 7.24444 -1.94114 38
      vertex 16.3778 -0.970571 38
      vertex 16.5354 -1.43506 38
    endloop
  endfacet
  facet normal 0 0 -1
    outer loop
      vertex 7.24444 -1.94114 38
      vertex 16.5354 -1.43506 38
      vertex 16.7524 -1.875 38
    endloop
  endfacet
  facet normal 0 0 -1
    outer loop
      vertex 6.9291 -2.87012 38
      vertex 16.7524 -1.875 38
      vertex 17.0249 -2.28286 38
    endloop
  endfacet
  facet normal 0 0 -1
    outer loop
      vertex 6.49519 -3.75 38
      vertex 17.0249 -2.28286 38
      vertex 17.3483 -2.65165 38
    endloop
  endfacet
  facet normal 0 0 -1
    outer loop
      vertex 5.95015 -4.56571 38
      vertex 17.3483 -2.65165 38
      vertex 17.7171 -2.97507 38
    endloop
  endfacet
  facet normal 0 0 -1
    outer loop
      vertex 5.95015 -4.56571 38
      vertex 17.7171 -2.97507 38
      vertex 18.125 -3.24759 38
    endloop
  endfacet
  facet normal 0 -0 -1
    outer loop
      vertex 5.3033 -5.3033 38
      vertex 18.5649 -3.46455 38
      vertex 4.56571 -5.95015 38
    endloop
  endfacet
  facet normal -0 0 -1
    outer loop
      vertex 16.2821 -0.489472 38
      vertex 7.43584 -0.978946 38
      vertex 7.5 0 38
    endloop
  endfacet
  facet normal 0 0 -1
    outer loop
      vertex 16.3778 -0.970571 38
      vertex 7.24444 -1.94114 38
      vertex 7.43584 -0.978946 38
    endloop
  endfacet
  facet normal 0 0 -1
    outer loop
      vertex 16.7524 -1.875 38
      vertex 6.9291 -2.87012 38
      vertex 7.24444 -1.94114 38
    endloop
  endfacet
  facet normal 0 0 -1
    outer loop
      vertex 17.0249 -2.28286 38
      vertex 6.49519 -3.75 38
      vertex 6.9291 -2.87012 38
    endloop
  endfacet
  facet normal 0 0 -1
    outer loop
      vertex 17.3483 -2.65165 38
      vertex 5.95015 -4.56571 38
      vertex 6.49519 -3.75 38
    endloop
  endfacet
  facet normal 0 0 -1
    outer loop
      vertex 18.125 -3.24759 38
      vertex 5.3033 -5.3033 38
      vertex 5.95015 -4.56571 38
    endloop
  endfacet
  facet normal -0 0 -1
    outer loop
      vertex 18.5649 -3.46455 38
      vertex 5.3033 -5.3033 38
      vertex 18.125 -3.24759 38
    endloop
  endfacet
  facet normal 0 0 -1
    outer loop
      vertex 29 -10 38
      vertex 3.75 -6.49519 38
      vertex 4.56571 -5.95015 38
    endloop
  endfacet
  facet normal 0 0 -1
    outer loop
      vertex 29 -10 38
      vertex 2.87012 -6.9291 38
      vertex 3.75 -6.49519 38
    endloop
  endfacet
  facet normal 0 0 -1
    outer loop
      vertex 29 -10 38
      vertex 1.94114 -7.24444 38
      vertex 2.87012 -6.9291 38
    endloop
  endfacet
  facet normal 0 0 -1
    outer loop
      vertex 29 -10 38
      vertex 0.978946 -7.43584 38
      vertex 1.94114 -7.24444 38
    endloop
  endfacet
  facet normal 0 0 -1
    outer loop
      vertex 29 -10 38
      vertex 0 -7.5 38
      vertex 0.978946 -7.43584 38
    endloop
  endfacet
  facet normal 0 0 -1
    outer loop
      vertex -29 -10 38
      vertex 0 -7.5 38
      vertex 29 -10 38
    endloop
  endfacet
  facet normal 0 0 -1
    outer loop
      vertex -16.2821 -0.489472 38
      vertex -7.5 0 38
      vertex -7.43584 -0.978946 38
    endloop
  endfacet
  facet normal 0 0 -1
    outer loop
      vertex -16.3778 -0.970571 38
      vertex -7.43584 -0.978946 38
      vertex -7.24444 -1.94114 38
    endloop
  endfacet
  facet normal 0 0 -1
    outer loop
      vertex -16.7524 -1.875 38
      vertex -7.24444 -1.94114 38
      vertex -6.9291 -2.87012 38
    endloop
  endfacet
  facet normal 0 0 -1
    outer loop
      vertex -17.0249 -2.28286 38
      vertex -6.9291 -2.87012 38
      vertex -6.49519 -3.75 38
    endloop
  endfacet
  facet normal 0 0 -1
    outer loop
      vertex -17.3483 -2.65165 38
      vertex -6.49519 -3.75 38
      vertex -5.95015 -4.56571 38
    endloop
  endfacet
  facet normal 0 0 -1
    outer loop
      vertex -18.125 -3.24759 38
      vertex -5.95015 -4.56571 38
      vertex -5.3033 -5.3033 38
    endloop
  endfacet
  facet normal 0 0 -1
    outer loop
      vertex -18.5649 -3.46455 38
      vertex -5.3033 -5.3033 38
      vertex -4.56571 -5.95015 38
    endloop
  endfacet
  facet normal 0 0 -1
    outer loop
      vertex -19.0294 -3.62222 38
      vertex -4.56571 -5.95015 38
      vertex -3.75 -6.49519 38
    endloop
  endfacet
  facet normal -0 0 -1
    outer loop
      vertex -7.5 0 38
      vertex -16.2821 -0.489472 38
      vertex -16.25 0 38
    endloop
  endfacet
  facet normal 0 0 -1
    outer loop
      vertex -29 -10 38
      vertex -3.75 -6.49519 38
      vertex -2.87012 -6.9291 38
    endloop
  endfacet
  facet normal 0 0 -1
    outer loop
      vertex -7.43584 -0.978946 38
      vertex -16.3778 -0.970571 38
      vertex -16.2821 -0.489472 38
    endloop
  endfacet
  facet normal 0 0 -1
    outer loop
      vertex -7.24444 -1.94114 38
      vertex -16.5354 -1.43506 38
      vertex -16.3778 -0.970571 38
    endloop
  endfacet
  facet normal 0 0 -1
    outer loop
      vertex -7.24444 -1.94114 38
      vertex -16.7524 -1.875 38
      vertex -16.5354 -1.43506 38
    endloop
  endfacet
  facet normal 0 0 -1
    outer loop
      vertex -6.9291 -2.87012 38
      vertex -17.0249 -2.28286 38
      vertex -16.7524 -1.875 38
    endloop
  endfacet
  facet normal 0 0 -1
    outer loop
      vertex -29 -10 38
      vertex -2.87012 -6.9291 38
      vertex -1.94114 -7.24444 38
    endloop
  endfacet
  facet normal 0 0 -1
    outer loop
      vertex -6.49519 -3.75 38
      vertex -17.3483 -2.65165 38
      vertex -17.0249 -2.28286 38
    endloop
  endfacet
  facet normal 0 0 -1
    outer loop
      vertex -5.95015 -4.56571 38
      vertex -17.7171 -2.97507 38
      vertex -17.3483 -2.65165 38
    endloop
  endfacet
  facet normal 0 0 -1
    outer loop
      vertex -5.95015 -4.56571 38
      vertex -18.125 -3.24759 38
      vertex -17.7171 -2.97507 38
    endloop
  endfacet
  facet normal 0 0 -1
    outer loop
      vertex -5.3033 -5.3033 38
      vertex -18.5649 -3.46455 38
      vertex -18.125 -3.24759 38
    endloop
  endfacet
  facet normal 0 0 -1
    outer loop
      vertex -4.56571 -5.95015 38
      vertex -19.0294 -3.62222 38
      vertex -18.5649 -3.46455 38
    endloop
  endfacet
  facet normal -0 0 -1
    outer loop
      vertex -3.75 -6.49519 38
      vertex -29 -10 38
      vertex -19.0294 -3.62222 38
    endloop
  endfacet
  facet normal 0 0 -1
    outer loop
      vertex -19.0294 -3.62222 38
      vertex -29 -10 38
      vertex -19.5105 -3.71792 38
    endloop
  endfacet
  facet normal 0 0 -1
    outer loop
      vertex -29 -10 38
      vertex -1.94114 -7.24444 38
      vertex -0.978946 -7.43584 38
    endloop
  endfacet
  facet normal 0 0 -1
    outer loop
      vertex -19.5105 -3.71792 38
      vertex -29 -10 38
      vertex -20 -3.75 38
    endloop
  endfacet
  facet normal -0 0 -1
    outer loop
      vertex -23.7179 -0.489472 38
      vertex -29 -10 38
      vertex -23.75 0 38
    endloop
  endfacet
  facet normal -0 0 -1
    outer loop
      vertex -23.6222 -0.970571 38
      vertex -29 -10 38
      vertex -23.7179 -0.489472 38
    endloop
  endfacet
  facet normal -0 0 -1
    outer loop
      vertex -23.4645 -1.43506 38
      vertex -29 -10 38
      vertex -23.6222 -0.970571 38
    endloop
  endfacet
  facet normal -0 0 -1
    outer loop
      vertex -23.2476 -1.875 38
      vertex -29 -10 38
      vertex -23.4645 -1.43506 38
    endloop
  endfacet
  facet normal -0 0 -1
    outer loop
      vertex -22.9751 -2.28286 38
      vertex -29 -10 38
      vertex -23.2476 -1.875 38
    endloop
  endfacet
  facet normal -0 0 -1
    outer loop
      vertex -22.6516 -2.65165 38
      vertex -29 -10 38
      vertex -22.9751 -2.28286 38
    endloop
  endfacet
  facet normal -0 0 -1
    outer loop
      vertex -22.2829 -2.97507 38
      vertex -29 -10 38
      vertex -22.6516 -2.65165 38
    endloop
  endfacet
  facet normal -0 0 -1
    outer loop
      vertex -21.875 -3.24759 38
      vertex -29 -10 38
      vertex -22.2829 -2.97507 38
    endloop
  endfacet
  facet normal -0 0 -1
    outer loop
      vertex -21.4351 -3.46455 38
      vertex -29 -10 38
      vertex -21.875 -3.24759 38
    endloop
  endfacet
  facet normal -0 0 -1
    outer loop
      vertex -20.9706 -3.62222 38
      vertex -29 -10 38
      vertex -21.4351 -3.46455 38
    endloop
  endfacet
  facet normal -0 0 -1
    outer loop
      vertex -20.4895 -3.71792 38
      vertex -29 -10 38
      vertex -20.9706 -3.62222 38
    endloop
  endfacet
  facet normal -0 0 -1
    outer loop
      vertex -20 -3.75 38
      vertex -29 -10 38
      vertex -20.4895 -3.71792 38
    endloop
  endfacet
  facet normal -0 0 -1
    outer loop
      vertex 0 -7.5 38
      vertex -29 -10 38
      vertex -0.978946 -7.43584 38
    endloop
  endfacet
  facet normal 0 0 -1
    outer loop
      vertex 23.7179 0.489472 38
      vertex 29 10 38
      vertex 23.75 0 38
    endloop
  endfacet
  facet normal 0 0 -1
    outer loop
      vertex 23.6222 0.970571 38
      vertex 29 10 38
      vertex 23.7179 0.489472 38
    endloop
  endfacet
  facet normal 0 0 -1
    outer loop
      vertex 23.4645 1.43506 38
      vertex 29 10 38
      vertex 23.6222 0.970571 38
    endloop
  endfacet
  facet normal 0 0 -1
    outer loop
      vertex 23.2476 1.875 38
      vertex 29 10 38
      vertex 23.4645 1.43506 38
    endloop
  endfacet
  facet normal 0 0 -1
    outer loop
      vertex 22.9751 2.28286 38
      vertex 29 10 38
      vertex 23.2476 1.875 38
    endloop
  endfacet
  facet normal 0 0 -1
    outer loop
      vertex 22.6516 2.65165 38
      vertex 29 10 38
      vertex 22.9751 2.28286 38
    endloop
  endfacet
  facet normal 0 0 -1
    outer loop
      vertex 22.2829 2.97507 38
      vertex 29 10 38
      vertex 22.6516 2.65165 38
    endloop
  endfacet
  facet normal 0 0 -1
    outer loop
      vertex 21.875 3.24759 38
      vertex 29 10 38
      vertex 22.2829 2.97507 38
    endloop
  endfacet
  facet normal 0 0 -1
    outer loop
      vertex 21.4351 3.46455 38
      vertex 29 10 38
      vertex 21.875 3.24759 38
    endloop
  endfacet
  facet normal 0 0 -1
    outer loop
      vertex 20.9706 3.62222 38
      vertex 29 10 38
      vertex 21.4351 3.46455 38
    endloop
  endfacet
  facet normal 0 0 -1
    outer loop
      vertex 20.4895 3.71792 38
      vertex 29 10 38
      vertex 20.9706 3.62222 38
    endloop
  endfacet
  facet normal 0 0 -1
    outer loop
      vertex 20 3.75 38
      vertex 29 10 38
      vertex 20.4895 3.71792 38
    endloop
  endfacet
  facet normal 0 0 -1
    outer loop
      vertex 19.5105 3.71792 38
      vertex 29 10 38
      vertex 20 3.75 38
    endloop
  endfacet
  facet normal 0 0 -1
    outer loop
      vertex 19.0294 3.62222 38
      vertex 29 10 38
      vertex 19.5105 3.71792 38
    endloop
  endfacet
  facet normal 0 0 -1
    outer loop
      vertex 4.56571 5.95015 38
      vertex 19.0294 3.62222 38
      vertex 18.5649 3.46455 38
    endloop
  endfacet
  facet normal 0 0 -1
    outer loop
      vertex 5.3033 5.3033 38
      vertex 18.5649 3.46455 38
      vertex 18.125 3.24759 38
    endloop
  endfacet
  facet normal 0 0 -1
    outer loop
      vertex 7.5 0 38
      vertex 16.2821 0.489472 38
      vertex 16.25 0 38
    endloop
  endfacet
  facet normal 0 0 -1
    outer loop
      vertex 7.43584 0.978946 38
      vertex 16.2821 0.489472 38
      vertex 7.5 0 38
    endloop
  endfacet
  facet normal 0 0 -1
    outer loop
      vertex 16.2821 0.489472 38
      vertex 7.43584 0.978946 38
      vertex 16.3778 0.970571 38
    endloop
  endfacet
  facet normal 0 0 -1
    outer loop
      vertex 7.24444 1.94114 38
      vertex 16.3778 0.970571 38
      vertex 7.43584 0.978946 38
    endloop
  endfacet
  facet normal 0 0 -1
    outer loop
      vertex 16.3778 0.970571 38
      vertex 7.24444 1.94114 38
      vertex 16.5354 1.43506 38
    endloop
  endfacet
  facet normal 0 0 -1
    outer loop
      vertex 16.5354 1.43506 38
      vertex 7.24444 1.94114 38
      vertex 16.7524 1.875 38
    endloop
  endfacet
  facet normal 0 0 -1
    outer loop
      vertex 6.9291 2.87012 38
      vertex 16.7524 1.875 38
      vertex 7.24444 1.94114 38
    endloop
  endfacet
  facet normal 0 0 -1
    outer loop
      vertex 16.7524 1.875 38
      vertex 6.9291 2.87012 38
      vertex 17.0249 2.28286 38
    endloop
  endfacet
  facet normal 0 0 -1
    outer loop
      vertex 6.49519 3.75 38
      vertex 17.0249 2.28286 38
      vertex 6.9291 2.87012 38
    endloop
  endfacet
  facet normal 0 0 -1
    outer loop
      vertex 17.0249 2.28286 38
      vertex 6.49519 3.75 38
      vertex 17.3483 2.65165 38
    endloop
  endfacet
  facet normal 0 0 -1
    outer loop
      vertex 5.95015 4.56571 38
      vertex 17.3483 2.65165 38
      vertex 6.49519 3.75 38
    endloop
  endfacet
  facet normal 0 0 -1
    outer loop
      vertex 17.3483 2.65165 38
      vertex 5.95015 4.56571 38
      vertex 17.7171 2.97507 38
    endloop
  endfacet
  facet normal 0 0 -1
    outer loop
      vertex 17.7171 2.97507 38
      vertex 5.95015 4.56571 38
      vertex 18.125 3.24759 38
    endloop
  endfacet
  facet normal 0 0 -1
    outer loop
      vertex 5.3033 5.3033 38
      vertex 18.125 3.24759 38
      vertex 5.95015 4.56571 38
    endloop
  endfacet
  facet normal 0 0 -1
    outer loop
      vertex 18.5649 3.46455 38
      vertex 5.3033 5.3033 38
      vertex 4.56571 5.95015 38
    endloop
  endfacet
  facet normal 0 0 -1
    outer loop
      vertex 19.0294 3.62222 38
      vertex 4.56571 5.95015 38
      vertex 29 10 38
    endloop
  endfacet
  facet normal 0 0 -1
    outer loop
      vertex 3.75 6.49519 38
      vertex 29 10 38
      vertex 4.56571 5.95015 38
    endloop
  endfacet
  facet normal 0 0 -1
    outer loop
      vertex 2.87012 6.9291 38
      vertex 29 10 38
      vertex 3.75 6.49519 38
    endloop
  endfacet
  facet normal 0 0 -1
    outer loop
      vertex 1.94114 7.24444 38
      vertex 29 10 38
      vertex 2.87012 6.9291 38
    endloop
  endfacet
  facet normal 0 0 -1
    outer loop
      vertex 0.978946 7.43584 38
      vertex 29 10 38
      vertex 1.94114 7.24444 38
    endloop
  endfacet
  facet normal 0 0 -1
    outer loop
      vertex 0 7.5 38
      vertex 29 10 38
      vertex 0.978946 7.43584 38
    endloop
  endfacet
  facet normal 0 0 -1
    outer loop
      vertex -29 10 38
      vertex 0 7.5 38
      vertex -0.978946 7.43584 38
    endloop
  endfacet
  facet normal 0 0 -1
    outer loop
      vertex -16.2821 0.489472 38
      vertex -7.5 0 38
      vertex -16.25 0 38
    endloop
  endfacet
  facet normal 0 0 -1
    outer loop
      vertex -7.5 0 38
      vertex -16.2821 0.489472 38
      vertex -7.43584 0.978946 38
    endloop
  endfacet
  facet normal 0 0 -1
    outer loop
      vertex -16.3778 0.970571 38
      vertex -7.43584 0.978946 38
      vertex -16.2821 0.489472 38
    endloop
  endfacet
  facet normal -0 0 -1
    outer loop
      vertex -7.43584 0.978946 38
      vertex -16.3778 0.970571 38
      vertex -7.24444 1.94114 38
    endloop
  endfacet
  facet normal 0 0 -1
    outer loop
      vertex -16.5354 1.43506 38
      vertex -7.24444 1.94114 38
      vertex -16.3778 0.970571 38
    endloop
  endfacet
  facet normal 0 0 -1
    outer loop
      vertex -16.7524 1.875 38
      vertex -7.24444 1.94114 38
      vertex -16.5354 1.43506 38
    endloop
  endfacet
  facet normal -0 0 -1
    outer loop
      vertex -7.24444 1.94114 38
      vertex -16.7524 1.875 38
      vertex -6.9291 2.87012 38
    endloop
  endfacet
  facet normal 0 0 -1
    outer loop
      vertex -17.0249 2.28286 38
      vertex -6.9291 2.87012 38
      vertex -16.7524 1.875 38
    endloop
  endfacet
  facet normal -0 0 -1
    outer loop
      vertex -6.9291 2.87012 38
      vertex -17.0249 2.28286 38
      vertex -6.49519 3.75 38
    endloop
  endfacet
  facet normal 0 0 -1
    outer loop
      vertex -17.3483 2.65165 38
      vertex -6.49519 3.75 38
      vertex -17.0249 2.28286 38
    endloop
  endfacet
  facet normal -0 0 -1
    outer loop
      vertex -6.49519 3.75 38
      vertex -17.3483 2.65165 38
      vertex -5.95015 4.56571 38
    endloop
  endfacet
  facet normal 0 0 -1
    outer loop
      vertex -17.7171 2.97507 38
      vertex -5.95015 4.56571 38
      vertex -17.3483 2.65165 38
    endloop
  endfacet
  facet normal 0 0 -1
    outer loop
      vertex -18.125 3.24759 38
      vertex -5.95015 4.56571 38
      vertex -17.7171 2.97507 38
    endloop
  endfacet
  facet normal -0 0 -1
    outer loop
      vertex -5.95015 4.56571 38
      vertex -18.125 3.24759 38
      vertex -5.3033 5.3033 38
    endloop
  endfacet
  facet normal 0 0 -1
    outer loop
      vertex -18.5649 3.46455 38
      vertex -5.3033 5.3033 38
      vertex -18.125 3.24759 38
    endloop
  endfacet
  facet normal -0 0 -1
    outer loop
      vertex -5.3033 5.3033 38
      vertex -18.5649 3.46455 38
      vertex -4.56571 5.95015 38
    endloop
  endfacet
  facet normal 0 0 -1
    outer loop
      vertex -19.0294 3.62222 38
      vertex -4.56571 5.95015 38
      vertex -18.5649 3.46455 38
    endloop
  endfacet
  facet normal -0 0 -1
    outer loop
      vertex -4.56571 5.95015 38
      vertex -19.0294 3.62222 38
      vertex -3.75 6.49519 38
    endloop
  endfacet
  facet normal 0 0 -1
    outer loop
      vertex -29 10 38
      vertex -3.75 6.49519 38
      vertex -19.0294 3.62222 38
    endloop
  endfacet
  facet normal 0 0 -1
    outer loop
      vertex -3.75 6.49519 38
      vertex -29 10 38
      vertex -2.87012 6.9291 38
    endloop
  endfacet
  facet normal 0 0 -1
    outer loop
      vertex -29 10 38
      vertex -19.0294 3.62222 38
      vertex -19.5105 3.71792 38
    endloop
  endfacet
  facet normal 0 0 -1
    outer loop
      vertex -29 10 38
      vertex -19.5105 3.71792 38
      vertex -20 3.75 38
    endloop
  endfacet
  facet normal 0 0 -1
    outer loop
      vertex -2.87012 6.9291 38
      vertex -29 10 38
      vertex -1.94114 7.24444 38
    endloop
  endfacet
  facet normal 0 0 -1
    outer loop
      vertex -29 10 38
      vertex -20 3.75 38
      vertex -20.4895 3.71792 38
    endloop
  endfacet
  facet normal 0 0 -1
    outer loop
      vertex -29 10 38
      vertex -23.75 0 38
      vertex -29 -10 38
    endloop
  endfacet
  facet normal 0 0 -1
    outer loop
      vertex -23.75 0 38
      vertex -29 10 38
      vertex -23.7179 0.489472 38
    endloop
  endfacet
  facet normal 0 0 -1
    outer loop
      vertex -23.7179 0.489472 38
      vertex -29 10 38
      vertex -23.6222 0.970571 38
    endloop
  endfacet
  facet normal 0 0 -1
    outer loop
      vertex 0 7.5 38
      vertex -29 10 38
      vertex 29 10 38
    endloop
  endfacet
  facet normal 0 0 -1
    outer loop
      vertex -1.94114 7.24444 38
      vertex -29 10 38
      vertex -0.978946 7.43584 38
    endloop
  endfacet
  facet normal 0 0 -1
    outer loop
      vertex -20.9706 3.62222 38
      vertex -29 10 38
      vertex -20.4895 3.71792 38
    endloop
  endfacet
  facet normal 0 0 -1
    outer loop
      vertex -21.4351 3.46455 38
      vertex -29 10 38
      vertex -20.9706 3.62222 38
    endloop
  endfacet
  facet normal 0 0 -1
    outer loop
      vertex -21.875 3.24759 38
      vertex -29 10 38
      vertex -21.4351 3.46455 38
    endloop
  endfacet
  facet normal 0 0 -1
    outer loop
      vertex -22.2829 2.97507 38
      vertex -29 10 38
      vertex -21.875 3.24759 38
    endloop
  endfacet
  facet normal 0 0 -1
    outer loop
      vertex -22.6516 2.65165 38
      vertex -29 10 38
      vertex -22.2829 2.97507 38
    endloop
  endfacet
  facet normal 0 0 -1
    outer loop
      vertex -22.9751 2.28286 38
      vertex -29 10 38
      vertex -22.6516 2.65165 38
    endloop
  endfacet
  facet normal 0 0 -1
    outer loop
      vertex -23.2476 1.875 38
      vertex -29 10 38
      vertex -22.9751 2.28286 38
    endloop
  endfacet
  facet normal 0 0 -1
    outer loop
      vertex -23.4645 1.43506 38
      vertex -29 10 38
      vertex -23.2476 1.875 38
    endloop
  endfacet
  facet normal 0 0 -1
    outer loop
      vertex -23.6222 0.970571 38
      vertex -29 10 38
      vertex -23.4645 1.43506 38
    endloop
  endfacet
  facet normal 0 -1 0
    outer loop
      vertex -29 -10 38
      vertex 29 -10 48
      vertex -29 -10 48
    endloop
  endfacet
  facet normal 0 -1 -0
    outer loop
      vertex 29 -10 48
      vertex -29 -10 38
      vertex 29 -10 38
    endloop
  endfacet
  facet normal 0 1 0
    outer loop
      vertex 11.1581 16 32.0325
      vertex 29 16 48
      vertex 11.4306 16 32.125
    endloop
  endfacet
  facet normal 0 1 0
    outer loop
      vertex -29 16 48
      vertex -11.7128 16 32.1812
      vertex -12 16 32.2
    endloop
  endfacet
  facet normal 0 1 0
    outer loop
      vertex 29 16 48
      vertex 11.1581 16 32.0325
      vertex -29 16 48
    endloop
  endfacet
  facet normal 0 1 0
    outer loop
      vertex -29 16 48
      vertex -11.4306 16 32.125
      vertex -11.7128 16 32.1812
    endloop
  endfacet
  facet normal 0 1 -0
    outer loop
      vertex -11.1581 16 32.0325
      vertex -29 16 48
      vertex 11.1581 16 32.0325
    endloop
  endfacet
  facet normal 0 1 0
    outer loop
      vertex -29 16 48
      vertex -11.1581 16 32.0325
      vertex -11.4306 16 32.125
    endloop
  endfacet
  facet normal 0 1 -0
    outer loop
      vertex 10.9 16 31.9053
      vertex -11.1581 16 32.0325
      vertex 11.1581 16 32.0325
    endloop
  endfacet
  facet normal 0 1 0
    outer loop
      vertex 10.9 16 31.9053
      vertex -10.9 16 31.9053
      vertex -11.1581 16 32.0325
    endloop
  endfacet
  facet normal 0 1 -0
    outer loop
      vertex 10.6607 16 31.7454
      vertex -10.9 16 31.9053
      vertex 10.9 16 31.9053
    endloop
  endfacet
  facet normal 0 1 0
    outer loop
      vertex 10.6607 16 31.7454
      vertex -10.6607 16 31.7454
      vertex -10.9 16 31.9053
    endloop
  endfacet
  facet normal 0 1 -0
    outer loop
      vertex 10.4444 16 31.5556
      vertex -10.6607 16 31.7454
      vertex 10.6607 16 31.7454
    endloop
  endfacet
  facet normal 0 1 0
    outer loop
      vertex 10.4444 16 31.5556
      vertex -10.4444 16 31.5556
      vertex -10.6607 16 31.7454
    endloop
  endfacet
  facet normal 0 1 -0
    outer loop
      vertex 10.2546 16 31.3393
      vertex -10.4444 16 31.5556
      vertex 10.4444 16 31.5556
    endloop
  endfacet
  facet normal 0 1 0
    outer loop
      vertex 10.2546 16 31.3393
      vertex -10.2546 16 31.3393
      vertex -10.4444 16 31.5556
    endloop
  endfacet
  facet normal 0 1 -0
    outer loop
      vertex 10.0947 16 31.1
      vertex -10.2546 16 31.3393
      vertex 10.2546 16 31.3393
    endloop
  endfacet
  facet normal 0 1 0
    outer loop
      vertex 10.0947 16 31.1
      vertex -10.0947 16 31.1
      vertex -10.2546 16 31.3393
    endloop
  endfacet
  facet normal 0 1 -0
    outer loop
      vertex 9.96746 16 30.8419
      vertex -10.0947 16 31.1
      vertex 10.0947 16 31.1
    endloop
  endfacet
  facet normal 0 1 0
    outer loop
      vertex 9.96746 16 30.8419
      vertex -9.96746 16 30.8419
      vertex -10.0947 16 31.1
    endloop
  endfacet
  facet normal 0 1 -0
    outer loop
      vertex 9.87496 16 30.5694
      vertex -9.96746 16 30.8419
      vertex 9.96746 16 30.8419
    endloop
  endfacet
  facet normal 0 1 0
    outer loop
      vertex 9.87496 16 30.5694
      vertex -9.87496 16 30.5694
      vertex -9.96746 16 30.8419
    endloop
  endfacet
  facet normal 0 1 -0
    outer loop
      vertex 9.81882 16 30.2872
      vertex -9.87496 16 30.5694
      vertex 9.87496 16 30.5694
    endloop
  endfacet
  facet normal 0 1 0
    outer loop
      vertex 9.81882 16 30.2872
      vertex -9.81882 16 30.2872
      vertex -9.87496 16 30.5694
    endloop
  endfacet
  facet normal 0 1 -0
    outer loop
      vertex 9.8 16 30
      vertex -9.81882 16 30.2872
      vertex 9.81882 16 30.2872
    endloop
  endfacet
  facet normal 0 1 0
    outer loop
      vertex 9.8 16 30
      vertex -9.8 16 30
      vertex -9.81882 16 30.2872
    endloop
  endfacet
  facet normal 0 1 0
    outer loop
      vertex 9.81882 16 29.7128
      vertex -9.8 16 30
      vertex 9.8 16 30
    endloop
  endfacet
  facet normal 0 1 0
    outer loop
      vertex 9.81882 16 29.7128
      vertex -9.81882 16 29.7128
      vertex -9.8 16 30
    endloop
  endfacet
  facet normal 0 1 0
    outer loop
      vertex 9.87496 16 29.4306
      vertex -9.81882 16 29.7128
      vertex 9.81882 16 29.7128
    endloop
  endfacet
  facet normal 0 1 0
    outer loop
      vertex 9.87496 16 29.4306
      vertex -9.87496 16 29.4306
      vertex -9.81882 16 29.7128
    endloop
  endfacet
  facet normal 0 1 0
    outer loop
      vertex 9.96746 16 29.1581
      vertex -9.87496 16 29.4306
      vertex 9.87496 16 29.4306
    endloop
  endfacet
  facet normal 0 1 0
    outer loop
      vertex 9.96746 16 29.1581
      vertex -9.96746 16 29.1581
      vertex -9.87496 16 29.4306
    endloop
  endfacet
  facet normal 0 1 0
    outer loop
      vertex 10.0947 16 28.9
      vertex -9.96746 16 29.1581
      vertex 9.96746 16 29.1581
    endloop
  endfacet
  facet normal 0 1 0
    outer loop
      vertex 10.0947 16 28.9
      vertex -10.0947 16 28.9
      vertex -9.96746 16 29.1581
    endloop
  endfacet
  facet normal 0 1 0
    outer loop
      vertex 10.2546 16 28.6607
      vertex -10.0947 16 28.9
      vertex 10.0947 16 28.9
    endloop
  endfacet
  facet normal 0 1 0
    outer loop
      vertex 10.2546 16 28.6607
      vertex -10.2546 16 28.6607
      vertex -10.0947 16 28.9
    endloop
  endfacet
  facet normal 0 1 0
    outer loop
      vertex 10.4444 16 28.4444
      vertex -10.2546 16 28.6607
      vertex 10.2546 16 28.6607
    endloop
  endfacet
  facet normal 0 1 0
    outer loop
      vertex 10.4444 16 28.4444
      vertex -10.4444 16 28.4444
      vertex -10.2546 16 28.6607
    endloop
  endfacet
  facet normal 0 1 0
    outer loop
      vertex 10.6607 16 28.2546
      vertex -10.4444 16 28.4444
      vertex 10.4444 16 28.4444
    endloop
  endfacet
  facet normal 0 1 0
    outer loop
      vertex 10.6607 16 28.2546
      vertex -10.6607 16 28.2546
      vertex -10.4444 16 28.4444
    endloop
  endfacet
  facet normal 0 1 0
    outer loop
      vertex 10.9 16 28.0947
      vertex -10.6607 16 28.2546
      vertex 10.6607 16 28.2546
    endloop
  endfacet
  facet normal 0 1 0
    outer loop
      vertex 10.9 16 28.0947
      vertex -10.9 16 28.0947
      vertex -10.6607 16 28.2546
    endloop
  endfacet
  facet normal 0 1 0
    outer loop
      vertex 11.1581 16 27.9675
      vertex -10.9 16 28.0947
      vertex 10.9 16 28.0947
    endloop
  endfacet
  facet normal 0 1 0
    outer loop
      vertex 11.1581 16 27.9675
      vertex -11.1581 16 27.9675
      vertex -10.9 16 28.0947
    endloop
  endfacet
  facet normal 0 1 0
    outer loop
      vertex 29 16 0
      vertex 11.1581 16 27.9675
      vertex 11.4306 16 27.875
    endloop
  endfacet
  facet normal 0 1 0
    outer loop
      vertex 11.1581 16 27.9675
      vertex 29 16 0
      vertex -11.1581 16 27.9675
    endloop
  endfacet
  facet normal 0 1 0
    outer loop
      vertex 29 16 0
      vertex 11.4306 16 27.875
      vertex 11.7128 16 27.8188
    endloop
  endfacet
  facet normal 0 1 0
    outer loop
      vertex -29 16 0
      vertex -11.1581 16 27.9675
      vertex 29 16 0
    endloop
  endfacet
  facet normal 0 1 0
    outer loop
      vertex 29 16 0
      vertex 11.7128 16 27.8188
      vertex 12 16 27.8
    endloop
  endfacet
  facet normal 0 1 0
    outer loop
      vertex -11.1581 16 27.9675
      vertex -29 16 0
      vertex -11.4306 16 27.875
    endloop
  endfacet
  facet normal 0 1 0
    outer loop
      vertex 11.7128 16 32.1812
      vertex 29 16 48
      vertex 12 16 32.2
    endloop
  endfacet
  facet normal 0 1 0
    outer loop
      vertex 29 16 48
      vertex 12.2872 16 32.1812
      vertex 12 16 32.2
    endloop
  endfacet
  facet normal 0 1 0
    outer loop
      vertex 29 16 48
      vertex 12.5694 16 32.125
      vertex 12.2872 16 32.1812
    endloop
  endfacet
  facet normal 0 1 0
    outer loop
      vertex 29 16 48
      vertex 12.8419 16 32.0325
      vertex 12.5694 16 32.125
    endloop
  endfacet
  facet normal 0 1 0
    outer loop
      vertex 29 16 48
      vertex 13.1 16 31.9053
      vertex 12.8419 16 32.0325
    endloop
  endfacet
  facet normal 0 1 0
    outer loop
      vertex 29 16 48
      vertex 13.3393 16 31.7454
      vertex 13.1 16 31.9053
    endloop
  endfacet
  facet normal 0 1 0
    outer loop
      vertex 29 16 48
      vertex 13.5556 16 31.5556
      vertex 13.3393 16 31.7454
    endloop
  endfacet
  facet normal 0 1 0
    outer loop
      vertex 29 16 48
      vertex 13.7454 16 31.3393
      vertex 13.5556 16 31.5556
    endloop
  endfacet
  facet normal 0 1 0
    outer loop
      vertex 29 16 48
      vertex 13.9053 16 31.1
      vertex 13.7454 16 31.3393
    endloop
  endfacet
  facet normal 0 1 0
    outer loop
      vertex 29 16 48
      vertex 14.0325 16 30.8419
      vertex 13.9053 16 31.1
    endloop
  endfacet
  facet normal 0 1 0
    outer loop
      vertex 29 16 48
      vertex 14.125 16 30.5694
      vertex 14.0325 16 30.8419
    endloop
  endfacet
  facet normal 0 1 0
    outer loop
      vertex 29 16 48
      vertex 14.1812 16 30.2872
      vertex 14.125 16 30.5694
    endloop
  endfacet
  facet normal 0 1 0
    outer loop
      vertex 29 16 48
      vertex 14.2 16 30
      vertex 14.1812 16 30.2872
    endloop
  endfacet
  facet normal 0 1 0
    outer loop
      vertex 29 16 48
      vertex 14.1812 16 29.7128
      vertex 14.2 16 30
    endloop
  endfacet
  facet normal 0 1 0
    outer loop
      vertex 29 16 48
      vertex 14.125 16 29.4306
      vertex 14.1812 16 29.7128
    endloop
  endfacet
  facet normal 0 1 -0
    outer loop
      vertex 29 16 0
      vertex 14.125 16 29.4306
      vertex 29 16 48
    endloop
  endfacet
  facet normal 0 1 0
    outer loop
      vertex 14.125 16 29.4306
      vertex 29 16 0
      vertex 14.0325 16 29.1581
    endloop
  endfacet
  facet normal 0 1 0
    outer loop
      vertex 14.0325 16 29.1581
      vertex 29 16 0
      vertex 13.9053 16 28.9
    endloop
  endfacet
  facet normal 0 1 0
    outer loop
      vertex -11.4306 16 27.875
      vertex -29 16 0
      vertex -11.7128 16 27.8188
    endloop
  endfacet
  facet normal 0 1 0
    outer loop
      vertex 12.2872 16 27.8188
      vertex 29 16 0
      vertex 12 16 27.8
    endloop
  endfacet
  facet normal 0 1 0
    outer loop
      vertex 12.5694 16 27.875
      vertex 29 16 0
      vertex 12.2872 16 27.8188
    endloop
  endfacet
  facet normal 0 1 0
    outer loop
      vertex 12.8419 16 27.9675
      vertex 29 16 0
      vertex 12.5694 16 27.875
    endloop
  endfacet
  facet normal 0 1 0
    outer loop
      vertex 13.1 16 28.0947
      vertex 29 16 0
      vertex 12.8419 16 27.9675
    endloop
  endfacet
  facet normal 0 1 0
    outer loop
      vertex 13.3393 16 28.2546
      vertex 29 16 0
      vertex 13.1 16 28.0947
    endloop
  endfacet
  facet normal 0 1 0
    outer loop
      vertex 13.5556 16 28.4444
      vertex 29 16 0
      vertex 13.3393 16 28.2546
    endloop
  endfacet
  facet normal 0 1 0
    outer loop
      vertex 13.7454 16 28.6607
      vertex 29 16 0
      vertex 13.5556 16 28.4444
    endloop
  endfacet
  facet normal 0 1 0
    outer loop
      vertex 13.9053 16 28.9
      vertex 29 16 0
      vertex 13.7454 16 28.6607
    endloop
  endfacet
  facet normal 0 1 0
    outer loop
      vertex 11.4306 16 32.125
      vertex 29 16 48
      vertex 11.7128 16 32.1812
    endloop
  endfacet
  facet normal 0 1 -0
    outer loop
      vertex -12.2872 16 32.1812
      vertex -29 16 48
      vertex -12 16 32.2
    endloop
  endfacet
  facet normal 0 1 -0
    outer loop
      vertex -12.5694 16 32.125
      vertex -29 16 48
      vertex -12.2872 16 32.1812
    endloop
  endfacet
  facet normal 0 1 -0
    outer loop
      vertex -12.8419 16 32.0325
      vertex -29 16 48
      vertex -12.5694 16 32.125
    endloop
  endfacet
  facet normal 0 1 -0
    outer loop
      vertex -13.1 16 31.9053
      vertex -29 16 48
      vertex -12.8419 16 32.0325
    endloop
  endfacet
  facet normal 0 1 -0
    outer loop
      vertex -13.3393 16 31.7454
      vertex -29 16 48
      vertex -13.1 16 31.9053
    endloop
  endfacet
  facet normal 0 1 -0
    outer loop
      vertex -13.5556 16 31.5556
      vertex -29 16 48
      vertex -13.3393 16 31.7454
    endloop
  endfacet
  facet normal 0 1 -0
    outer loop
      vertex -13.7454 16 31.3393
      vertex -29 16 48
      vertex -13.5556 16 31.5556
    endloop
  endfacet
  facet normal 0 1 -0
    outer loop
      vertex -13.9053 16 31.1
      vertex -29 16 48
      vertex -13.7454 16 31.3393
    endloop
  endfacet
  facet normal 0 1 -0
    outer loop
      vertex -14.0325 16 30.8419
      vertex -29 16 48
      vertex -13.9053 16 31.1
    endloop
  endfacet
  facet normal 0 1 -0
    outer loop
      vertex -14.125 16 30.5694
      vertex -29 16 48
      vertex -14.0325 16 30.8419
    endloop
  endfacet
  facet normal 0 1 -0
    outer loop
      vertex -14.1812 16 30.2872
      vertex -29 16 48
      vertex -14.125 16 30.5694
    endloop
  endfacet
  facet normal 0 1 -0
    outer loop
      vertex -14.2 16 30
      vertex -29 16 48
      vertex -14.1812 16 30.2872
    endloop
  endfacet
  facet normal 0 1 0
    outer loop
      vertex -14.1812 16 29.7128
      vertex -29 16 48
      vertex -14.2 16 30
    endloop
  endfacet
  facet normal 0 1 0
    outer loop
      vertex -14.125 16 29.4306
      vertex -29 16 48
      vertex -14.1812 16 29.7128
    endloop
  endfacet
  facet normal 0 1 0
    outer loop
      vertex -29 16 0
      vertex -14.125 16 29.4306
      vertex -14.0325 16 29.1581
    endloop
  endfacet
  facet normal 0 1 0
    outer loop
      vertex -29 16 0
      vertex -14.0325 16 29.1581
      vertex -13.9053 16 28.9
    endloop
  endfacet
  facet normal 0 1 0
    outer loop
      vertex -29 16 0
      vertex -13.9053 16 28.9
      vertex -13.7454 16 28.6607
    endloop
  endfacet
  facet normal 0 1 0
    outer loop
      vertex -11.7128 16 27.8188
      vertex -29 16 0
      vertex -12 16 27.8
    endloop
  endfacet
  facet normal 0 1 0
    outer loop
      vertex -12 16 27.8
      vertex -29 16 0
      vertex -12.2872 16 27.8188
    endloop
  endfacet
  facet normal 0 1 0
    outer loop
      vertex -12.2872 16 27.8188
      vertex -29 16 0
      vertex -12.5694 16 27.875
    endloop
  endfacet
  facet normal 0 1 0
    outer loop
      vertex -12.5694 16 27.875
      vertex -29 16 0
      vertex -12.8419 16 27.9675
    endloop
  endfacet
  facet normal 0 1 0
    outer loop
      vertex -14.125 16 29.4306
      vertex -29 16 0
      vertex -29 16 48
    endloop
  endfacet
  facet normal 0 1 0
    outer loop
      vertex -13.5556 16 28.4444
      vertex -29 16 0
      vertex -13.7454 16 28.6607
    endloop
  endfacet
  facet normal 0 1 0
    outer loop
      vertex -13.3393 16 28.2546
      vertex -29 16 0
      vertex -13.5556 16 28.4444
    endloop
  endfacet
  facet normal 0 1 0
    outer loop
      vertex -13.1 16 28.0947
      vertex -29 16 0
      vertex -13.3393 16 28.2546
    endloop
  endfacet
  facet normal 0 1 0
    outer loop
      vertex -12.8419 16 27.9675
      vertex -29 16 0
      vertex -13.1 16 28.0947
    endloop
  endfacet
  facet normal 0 0 -1
    outer loop
      vertex -29 10 0
      vertex 29 16 0
      vertex 29 10 0
    endloop
  endfacet
  facet normal -0 0 -1
    outer loop
      vertex 29 16 0
      vertex -29 10 0
      vertex -29 16 0
    endloop
  endfacet
  facet normal -0.997856 -0.0654511 -1.3814e-20
    outer loop
      vertex -18.575 0 40.49
      vertex -18.5872 0.185999 46
      vertex -18.5872 0.185999 40.49
    endloop
  endfacet
  facet normal -0.997856 -0.0654511 -1.3814e-20
    outer loop
      vertex -18.5872 0.185999 46
      vertex -18.575 0 40.49
      vertex -18.575 0 46
    endloop
  endfacet
  facet normal 0.997856 -0.0654511 1.3814e-20
    outer loop
      vertex -21.425 0 46
      vertex -21.4128 0.185999 40.49
      vertex -21.4128 0.185999 46
    endloop
  endfacet
  facet normal 0.997856 -0.0654511 1.3814e-20
    outer loop
      vertex -21.4128 0.185999 40.49
      vertex -21.425 0 46
      vertex -21.425 0 40.49
    endloop
  endfacet
  facet normal 0.0653973 -0.997859 0
    outer loop
      vertex -20.186 1.41281 40.49
      vertex -20 1.425 46
      vertex -20.186 1.41281 46
    endloop
  endfacet
  facet normal 0.0653973 -0.997859 0
    outer loop
      vertex -20 1.425 46
      vertex -20.186 1.41281 40.49
      vertex -20 1.425 40.49
    endloop
  endfacet
  facet normal -0.0653973 0.997859 0
    outer loop
      vertex -19.814 -1.41281 40.49
      vertex -20 -1.425 46
      vertex -19.814 -1.41281 46
    endloop
  endfacet
  facet normal -0.0653973 0.997859 0
    outer loop
      vertex -20 -1.425 46
      vertex -19.814 -1.41281 40.49
      vertex -20 -1.425 40.49
    endloop
  endfacet
  facet normal -0.659454 -0.751745 0
    outer loop
      vertex -19.1325 1.13053 40.49
      vertex -18.9924 1.00763 46
      vertex -19.1325 1.13053 46
    endloop
  endfacet
  facet normal -0.659454 -0.751745 -0
    outer loop
      vertex -18.9924 1.00763 46
      vertex -19.1325 1.13053 40.49
      vertex -18.9924 1.00763 40.49
    endloop
  endfacet
  facet normal 0.751852 -0.659331 5.87193e-19
    outer loop
      vertex -21.1305 0.867484 46
      vertex -21.0076 1.00763 40.49
      vertex -21.0076 1.00763 46
    endloop
  endfacet
  facet normal 0.751852 -0.659331 5.87193e-19
    outer loop
      vertex -21.0076 1.00763 40.49
      vertex -21.1305 0.867484 46
      vertex -21.1305 0.867484 40.49
    endloop
  endfacet
  facet normal 0.442229 -0.896902 0
    outer loop
      vertex -20.7125 1.23409 40.49
      vertex -20.5453 1.31653 46
      vertex -20.7125 1.23409 46
    endloop
  endfacet
  facet normal 0.442229 -0.896902 0
    outer loop
      vertex -20.5453 1.31653 46
      vertex -20.7125 1.23409 40.49
      vertex -20.5453 1.31653 40.49
    endloop
  endfacet
  facet normal -0.896963 -0.442105 3.89304e-19
    outer loop
      vertex -18.6835 0.545323 40.49
      vertex -18.7659 0.7125 46
      vertex -18.7659 0.7125 40.49
    endloop
  endfacet
  facet normal -0.896963 -0.442105 3.89304e-19
    outer loop
      vertex -18.7659 0.7125 46
      vertex -18.6835 0.545323 40.49
      vertex -18.6835 0.545323 46
    endloop
  endfacet
  facet normal -0.831363 -0.55573 -1.6212e-18
    outer loop
      vertex -18.7659 0.7125 40.49
      vertex -18.8695 0.867484 46
      vertex -18.8695 0.867484 40.49
    endloop
  endfacet
  facet normal -0.831363 -0.55573 -1.6212e-18
    outer loop
      vertex -18.8695 0.867484 46
      vertex -18.7659 0.7125 40.49
      vertex -18.7659 0.7125 46
    endloop
  endfacet
  facet normal -0.321422 -0.946936 0
    outer loop
      vertex -19.6312 1.37644 40.49
      vertex -19.4547 1.31653 46
      vertex -19.6312 1.37644 46
    endloop
  endfacet
  facet normal -0.321422 -0.946936 -0
    outer loop
      vertex -19.4547 1.31653 46
      vertex -19.6312 1.37644 40.49
      vertex -19.4547 1.31653 40.49
    endloop
  endfacet
  facet normal -0.195136 -0.980776 0
    outer loop
      vertex -19.814 1.41281 40.49
      vertex -19.6312 1.37644 46
      vertex -19.814 1.41281 46
    endloop
  endfacet
  facet normal -0.195136 -0.980776 -0
    outer loop
      vertex -19.6312 1.37644 46
      vertex -19.814 1.41281 40.49
      vertex -19.6312 1.37644 40.49
    endloop
  endfacet
  facet normal -0.442229 -0.896902 0
    outer loop
      vertex -19.4547 1.31653 40.49
      vertex -19.2875 1.23409 46
      vertex -19.4547 1.31653 46
    endloop
  endfacet
  facet normal -0.442229 -0.896902 -0
    outer loop
      vertex -19.2875 1.23409 46
      vertex -19.4547 1.31653 40.49
      vertex -19.2875 1.23409 40.49
    endloop
  endfacet
  facet normal 0.896963 -0.442105 -3.89304e-19
    outer loop
      vertex -21.3165 0.545323 46
      vertex -21.2341 0.7125 40.49
      vertex -21.2341 0.7125 46
    endloop
  endfacet
  facet normal 0.896963 -0.442105 -3.89304e-19
    outer loop
      vertex -21.2341 0.7125 40.49
      vertex -21.3165 0.545323 46
      vertex -21.3165 0.545323 40.49
    endloop
  endfacet
  facet normal 0.831363 -0.55573 1.6212e-18
    outer loop
      vertex -21.2341 0.7125 46
      vertex -21.1305 0.867484 40.49
      vertex -21.1305 0.867484 46
    endloop
  endfacet
  facet normal 0.831363 -0.55573 1.6212e-18
    outer loop
      vertex -21.1305 0.867484 40.49
      vertex -21.2341 0.7125 46
      vertex -21.2341 0.7125 40.49
    endloop
  endfacet
  facet normal 0 0 -1
    outer loop
      vertex -18.5872 -0.185999 46
      vertex -18.5872 0.185999 46
      vertex -18.575 0 46
    endloop
  endfacet
  facet normal 0 0 -1
    outer loop
      vertex -18.6236 -0.368816 46
      vertex -18.5872 0.185999 46
      vertex -18.5872 -0.185999 46
    endloop
  endfacet
  facet normal 0 0 -1
    outer loop
      vertex -18.6236 -0.368816 46
      vertex -18.6236 0.368816 46
      vertex -18.5872 0.185999 46
    endloop
  endfacet
  facet normal 0 0 -1
    outer loop
      vertex -18.6835 -0.545323 46
      vertex -18.6236 0.368816 46
      vertex -18.6236 -0.368816 46
    endloop
  endfacet
  facet normal 0 0 -1
    outer loop
      vertex -18.6835 -0.545323 46
      vertex -18.6835 0.545323 46
      vertex -18.6236 0.368816 46
    endloop
  endfacet
  facet normal 0 0 -1
    outer loop
      vertex -18.7659 -0.7125 46
      vertex -18.6835 0.545323 46
      vertex -18.6835 -0.545323 46
    endloop
  endfacet
  facet normal 0 0 -1
    outer loop
      vertex -18.7659 -0.7125 46
      vertex -18.7659 0.7125 46
      vertex -18.6835 0.545323 46
    endloop
  endfacet
  facet normal 0 0 -1
    outer loop
      vertex -18.8695 -0.867484 46
      vertex -18.7659 0.7125 46
      vertex -18.7659 -0.7125 46
    endloop
  endfacet
  facet normal 0 0 -1
    outer loop
      vertex -18.8695 -0.867484 46
      vertex -18.8695 0.867484 46
      vertex -18.7659 0.7125 46
    endloop
  endfacet
  facet normal 0 0 -1
    outer loop
      vertex -18.9924 -1.00763 46
      vertex -18.8695 0.867484 46
      vertex -18.8695 -0.867484 46
    endloop
  endfacet
  facet normal 0 0 -1
    outer loop
      vertex -18.9924 -1.00763 46
      vertex -18.9924 1.00763 46
      vertex -18.8695 0.867484 46
    endloop
  endfacet
  facet normal 0 0 -1
    outer loop
      vertex -19.1325 -1.13053 46
      vertex -18.9924 1.00763 46
      vertex -18.9924 -1.00763 46
    endloop
  endfacet
  facet normal 0 0 -1
    outer loop
      vertex -19.1325 -1.13053 46
      vertex -19.1325 1.13053 46
      vertex -18.9924 1.00763 46
    endloop
  endfacet
  facet normal 0 0 -1
    outer loop
      vertex -19.2875 -1.23409 46
      vertex -19.1325 1.13053 46
      vertex -19.1325 -1.13053 46
    endloop
  endfacet
  facet normal 0 0 -1
    outer loop
      vertex -19.2875 -1.23409 46
      vertex -19.2875 1.23409 46
      vertex -19.1325 1.13053 46
    endloop
  endfacet
  facet normal 0 0 -1
    outer loop
      vertex -19.4547 -1.31653 46
      vertex -19.2875 1.23409 46
      vertex -19.2875 -1.23409 46
    endloop
  endfacet
  facet normal 0 0 -1
    outer loop
      vertex -19.4547 -1.31653 46
      vertex -19.4547 1.31653 46
      vertex -19.2875 1.23409 46
    endloop
  endfacet
  facet normal 0 0 -1
    outer loop
      vertex -19.6312 -1.37644 46
      vertex -19.4547 1.31653 46
      vertex -19.4547 -1.31653 46
    endloop
  endfacet
  facet normal 0 0 -1
    outer loop
      vertex -19.6312 -1.37644 46
      vertex -19.6312 1.37644 46
      vertex -19.4547 1.31653 46
    endloop
  endfacet
  facet normal 0 0 -1
    outer loop
      vertex -19.814 -1.41281 46
      vertex -19.6312 1.37644 46
      vertex -19.6312 -1.37644 46
    endloop
  endfacet
  facet normal 0 0 -1
    outer loop
      vertex -19.814 -1.41281 46
      vertex -19.814 1.41281 46
      vertex -19.6312 1.37644 46
    endloop
  endfacet
  facet normal 0 0 -1
    outer loop
      vertex -20 -1.425 46
      vertex -19.814 1.41281 46
      vertex -19.814 -1.41281 46
    endloop
  endfacet
  facet normal 0 0 -1
    outer loop
      vertex -20 -1.425 46
      vertex -20 1.425 46
      vertex -19.814 1.41281 46
    endloop
  endfacet
  facet normal 0 0 -1
    outer loop
      vertex -20.186 -1.41281 46
      vertex -20 1.425 46
      vertex -20 -1.425 46
    endloop
  endfacet
  facet normal 0 0 -1
    outer loop
      vertex -20.186 -1.41281 46
      vertex -20.186 1.41281 46
      vertex -20 1.425 46
    endloop
  endfacet
  facet normal 0 0 -1
    outer loop
      vertex -20.3688 -1.37644 46
      vertex -20.186 1.41281 46
      vertex -20.186 -1.41281 46
    endloop
  endfacet
  facet normal 0 0 -1
    outer loop
      vertex -20.3688 -1.37644 46
      vertex -20.3688 1.37644 46
      vertex -20.186 1.41281 46
    endloop
  endfacet
  facet normal 0 0 -1
    outer loop
      vertex -20.5453 -1.31653 46
      vertex -20.3688 1.37644 46
      vertex -20.3688 -1.37644 46
    endloop
  endfacet
  facet normal 0 0 -1
    outer loop
      vertex -20.5453 -1.31653 46
      vertex -20.5453 1.31653 46
      vertex -20.3688 1.37644 46
    endloop
  endfacet
  facet normal 0 0 -1
    outer loop
      vertex -20.7125 -1.23409 46
      vertex -20.5453 1.31653 46
      vertex -20.5453 -1.31653 46
    endloop
  endfacet
  facet normal 0 0 -1
    outer loop
      vertex -20.7125 -1.23409 46
      vertex -20.7125 1.23409 46
      vertex -20.5453 1.31653 46
    endloop
  endfacet
  facet normal 0 0 -1
    outer loop
      vertex -20.8675 -1.13053 46
      vertex -20.7125 1.23409 46
      vertex -20.7125 -1.23409 46
    endloop
  endfacet
  facet normal 0 0 -1
    outer loop
      vertex -20.8675 -1.13053 46
      vertex -20.8675 1.13053 46
      vertex -20.7125 1.23409 46
    endloop
  endfacet
  facet normal 0 0 -1
    outer loop
      vertex -21.0076 -1.00763 46
      vertex -20.8675 1.13053 46
      vertex -20.8675 -1.13053 46
    endloop
  endfacet
  facet normal 0 0 -1
    outer loop
      vertex -21.0076 -1.00763 46
      vertex -21.0076 1.00763 46
      vertex -20.8675 1.13053 46
    endloop
  endfacet
  facet normal 0 0 -1
    outer loop
      vertex -21.1305 -0.867484 46
      vertex -21.0076 1.00763 46
      vertex -21.0076 -1.00763 46
    endloop
  endfacet
  facet normal 0 0 -1
    outer loop
      vertex -21.1305 -0.867484 46
      vertex -21.1305 0.867484 46
      vertex -21.0076 1.00763 46
    endloop
  endfacet
  facet normal 0 0 -1
    outer loop
      vertex -21.2341 -0.7125 46
      vertex -21.1305 0.867484 46
      vertex -21.1305 -0.867484 46
    endloop
  endfacet
  facet normal 0 0 -1
    outer loop
      vertex -21.2341 -0.7125 46
      vertex -21.2341 0.7125 46
      vertex -21.1305 0.867484 46
    endloop
  endfacet
  facet normal 0 0 -1
    outer loop
      vertex -21.3165 -0.545323 46
      vertex -21.2341 0.7125 46
      vertex -21.2341 -0.7125 46
    endloop
  endfacet
  facet normal 0 0 -1
    outer loop
      vertex -21.3165 -0.545323 46
      vertex -21.3165 0.545323 46
      vertex -21.2341 0.7125 46
    endloop
  endfacet
  facet normal 0 0 -1
    outer loop
      vertex -21.3764 -0.368816 46
      vertex -21.3165 0.545323 46
      vertex -21.3165 -0.545323 46
    endloop
  endfacet
  facet normal 0 0 -1
    outer loop
      vertex -21.3764 -0.368816 46
      vertex -21.3764 0.368816 46
      vertex -21.3165 0.545323 46
    endloop
  endfacet
  facet normal 0 0 -1
    outer loop
      vertex -21.4128 -0.185999 46
      vertex -21.3764 0.368816 46
      vertex -21.3764 -0.368816 46
    endloop
  endfacet
  facet normal 0 0 -1
    outer loop
      vertex -21.4128 -0.185999 46
      vertex -21.4128 0.185999 46
      vertex -21.3764 0.368816 46
    endloop
  endfacet
  facet normal 0 -0 -1
    outer loop
      vertex -21.4128 0.185999 46
      vertex -21.4128 -0.185999 46
      vertex -21.425 0 46
    endloop
  endfacet
  facet normal 0.555542 -0.831489 0
    outer loop
      vertex -20.8675 1.13053 40.49
      vertex -20.7125 1.23409 46
      vertex -20.8675 1.13053 46
    endloop
  endfacet
  facet normal 0.555542 -0.831489 0
    outer loop
      vertex -20.7125 1.23409 46
      vertex -20.8675 1.13053 40.49
      vertex -20.7125 1.23409 40.49
    endloop
  endfacet
  facet normal 0.321422 -0.946936 0
    outer loop
      vertex -20.5453 1.31653 40.49
      vertex -20.3688 1.37644 46
      vertex -20.5453 1.31653 46
    endloop
  endfacet
  facet normal 0.321422 -0.946936 0
    outer loop
      vertex -20.3688 1.37644 46
      vertex -20.5453 1.31653 40.49
      vertex -20.3688 1.37644 40.49
    endloop
  endfacet
  facet normal -0.195136 0.980776 0
    outer loop
      vertex -19.6312 -1.37644 40.49
      vertex -19.814 -1.41281 46
      vertex -19.6312 -1.37644 46
    endloop
  endfacet
  facet normal -0.195136 0.980776 0
    outer loop
      vertex -19.814 -1.41281 46
      vertex -19.6312 -1.37644 40.49
      vertex -19.814 -1.41281 40.49
    endloop
  endfacet
  facet normal -0.946956 -0.321362 -7.09276e-19
    outer loop
      vertex -18.6236 0.368816 40.49
      vertex -18.6835 0.545323 46
      vertex -18.6835 0.545323 40.49
    endloop
  endfacet
  facet normal -0.946956 -0.321362 -7.09276e-19
    outer loop
      vertex -18.6835 0.545323 46
      vertex -18.6236 0.368816 40.49
      vertex -18.6236 0.368816 46
    endloop
  endfacet
  facet normal -0.980749 -0.195273 1.22054e-19
    outer loop
      vertex -18.5872 0.185999 40.49
      vertex -18.6236 0.368816 46
      vertex -18.6236 0.368816 40.49
    endloop
  endfacet
  facet normal -0.980749 -0.195273 1.22054e-19
    outer loop
      vertex -18.6236 0.368816 46
      vertex -18.5872 0.185999 40.49
      vertex -18.5872 0.185999 46
    endloop
  endfacet
  facet normal -0.751852 -0.659331 -5.87193e-19
    outer loop
      vertex -18.8695 0.867484 40.49
      vertex -18.9924 1.00763 46
      vertex -18.9924 1.00763 40.49
    endloop
  endfacet
  facet normal -0.751852 -0.659331 -5.87193e-19
    outer loop
      vertex -18.9924 1.00763 46
      vertex -18.8695 0.867484 40.49
      vertex -18.8695 0.867484 46
    endloop
  endfacet
  facet normal -0.0653973 -0.997859 0
    outer loop
      vertex -20 1.425 40.49
      vertex -19.814 1.41281 46
      vertex -20 1.425 46
    endloop
  endfacet
  facet normal -0.0653973 -0.997859 -0
    outer loop
      vertex -19.814 1.41281 46
      vertex -20 1.425 40.49
      vertex -19.814 1.41281 40.49
    endloop
  endfacet
  facet normal -0.555542 -0.831489 0
    outer loop
      vertex -19.2875 1.23409 40.49
      vertex -19.1325 1.13053 46
      vertex -19.2875 1.23409 46
    endloop
  endfacet
  facet normal -0.555542 -0.831489 -0
    outer loop
      vertex -19.1325 1.13053 46
      vertex -19.2875 1.23409 40.49
      vertex -19.1325 1.13053 40.49
    endloop
  endfacet
  facet normal 0.946956 -0.321362 7.09276e-19
    outer loop
      vertex -21.3764 0.368816 46
      vertex -21.3165 0.545323 40.49
      vertex -21.3165 0.545323 46
    endloop
  endfacet
  facet normal 0.946956 -0.321362 7.09276e-19
    outer loop
      vertex -21.3165 0.545323 40.49
      vertex -21.3764 0.368816 46
      vertex -21.3764 0.368816 40.49
    endloop
  endfacet
  facet normal 0.980749 -0.195273 -1.22054e-19
    outer loop
      vertex -21.4128 0.185999 46
      vertex -21.3764 0.368816 40.49
      vertex -21.3764 0.368816 46
    endloop
  endfacet
  facet normal 0.980749 -0.195273 -1.22054e-19
    outer loop
      vertex -21.3764 0.368816 40.49
      vertex -21.4128 0.185999 46
      vertex -21.4128 0.185999 40.49
    endloop
  endfacet
  facet normal 0.195136 -0.980776 0
    outer loop
      vertex -20.3688 1.37644 40.49
      vertex -20.186 1.41281 46
      vertex -20.3688 1.37644 46
    endloop
  endfacet
  facet normal 0.195136 -0.980776 0
    outer loop
      vertex -20.186 1.41281 46
      vertex -20.3688 1.37644 40.49
      vertex -20.186 1.41281 40.49
    endloop
  endfacet
  facet normal -0.997856 0.0654511 1.3814e-20
    outer loop
      vertex -18.5872 -0.185999 40.49
      vertex -18.575 0 46
      vertex -18.575 0 40.49
    endloop
  endfacet
  facet normal -0.997856 0.0654511 1.3814e-20
    outer loop
      vertex -18.575 0 46
      vertex -18.5872 -0.185999 40.49
      vertex -18.5872 -0.185999 46
    endloop
  endfacet
  facet normal -0.946956 0.321362 7.09276e-19
    outer loop
      vertex -18.6835 -0.545323 40.49
      vertex -18.6236 -0.368816 46
      vertex -18.6236 -0.368816 40.49
    endloop
  endfacet
  facet normal -0.946956 0.321362 7.09276e-19
    outer loop
      vertex -18.6236 -0.368816 46
      vertex -18.6835 -0.545323 40.49
      vertex -18.6835 -0.545323 46
    endloop
  endfacet
  facet normal -0.980749 0.195273 -1.22054e-19
    outer loop
      vertex -18.6236 -0.368816 40.49
      vertex -18.5872 -0.185999 46
      vertex -18.5872 -0.185999 40.49
    endloop
  endfacet
  facet normal -0.980749 0.195273 -1.22054e-19
    outer loop
      vertex -18.5872 -0.185999 46
      vertex -18.6236 -0.368816 40.49
      vertex -18.6236 -0.368816 46
    endloop
  endfacet
  facet normal -0.555542 0.831489 0
    outer loop
      vertex -19.1325 -1.13053 40.49
      vertex -19.2875 -1.23409 46
      vertex -19.1325 -1.13053 46
    endloop
  endfacet
  facet normal -0.555542 0.831489 0
    outer loop
      vertex -19.2875 -1.23409 46
      vertex -19.1325 -1.13053 40.49
      vertex -19.2875 -1.23409 40.49
    endloop
  endfacet
  facet normal -0.442229 0.896902 0
    outer loop
      vertex -19.2875 -1.23409 40.49
      vertex -19.4547 -1.31653 46
      vertex -19.2875 -1.23409 46
    endloop
  endfacet
  facet normal -0.442229 0.896902 0
    outer loop
      vertex -19.4547 -1.31653 46
      vertex -19.2875 -1.23409 40.49
      vertex -19.4547 -1.31653 40.49
    endloop
  endfacet
  facet normal 0.659454 -0.751745 0
    outer loop
      vertex -21.0076 1.00763 40.49
      vertex -20.8675 1.13053 46
      vertex -21.0076 1.00763 46
    endloop
  endfacet
  facet normal 0.659454 -0.751745 0
    outer loop
      vertex -20.8675 1.13053 46
      vertex -21.0076 1.00763 40.49
      vertex -20.8675 1.13053 40.49
    endloop
  endfacet
  facet normal 0.321422 0.946936 -0
    outer loop
      vertex -20.3688 -1.37644 40.49
      vertex -20.5453 -1.31653 46
      vertex -20.3688 -1.37644 46
    endloop
  endfacet
  facet normal 0.321422 0.946936 0
    outer loop
      vertex -20.5453 -1.31653 46
      vertex -20.3688 -1.37644 40.49
      vertex -20.5453 -1.31653 40.49
    endloop
  endfacet
  facet normal 0.751852 0.659331 -5.87193e-19
    outer loop
      vertex -21.0076 -1.00763 46
      vertex -21.1305 -0.867484 40.49
      vertex -21.1305 -0.867484 46
    endloop
  endfacet
  facet normal 0.751852 0.659331 -5.87193e-19
    outer loop
      vertex -21.1305 -0.867484 40.49
      vertex -21.0076 -1.00763 46
      vertex -21.0076 -1.00763 40.49
    endloop
  endfacet
  facet normal 0.997856 0.0654511 -1.3814e-20
    outer loop
      vertex -21.4128 -0.185999 46
      vertex -21.425 0 40.49
      vertex -21.425 0 46
    endloop
  endfacet
  facet normal 0.997856 0.0654511 -1.3814e-20
    outer loop
      vertex -21.425 0 40.49
      vertex -21.4128 -0.185999 46
      vertex -21.4128 -0.185999 40.49
    endloop
  endfacet
  facet normal 0.980749 0.195273 1.22054e-19
    outer loop
      vertex -21.3764 -0.368816 46
      vertex -21.4128 -0.185999 40.49
      vertex -21.4128 -0.185999 46
    endloop
  endfacet
  facet normal 0.980749 0.195273 1.22054e-19
    outer loop
      vertex -21.4128 -0.185999 40.49
      vertex -21.3764 -0.368816 46
      vertex -21.3764 -0.368816 40.49
    endloop
  endfacet
  facet normal 0.946956 0.321362 -7.09276e-19
    outer loop
      vertex -21.3165 -0.545323 46
      vertex -21.3764 -0.368816 40.49
      vertex -21.3764 -0.368816 46
    endloop
  endfacet
  facet normal 0.946956 0.321362 -7.09276e-19
    outer loop
      vertex -21.3764 -0.368816 40.49
      vertex -21.3165 -0.545323 46
      vertex -21.3165 -0.545323 40.49
    endloop
  endfacet
  facet normal -0.659454 0.751745 0
    outer loop
      vertex -18.9924 -1.00763 40.49
      vertex -19.1325 -1.13053 46
      vertex -18.9924 -1.00763 46
    endloop
  endfacet
  facet normal -0.659454 0.751745 0
    outer loop
      vertex -19.1325 -1.13053 46
      vertex -18.9924 -1.00763 40.49
      vertex -19.1325 -1.13053 40.49
    endloop
  endfacet
  facet normal -0.321422 0.946936 0
    outer loop
      vertex -19.4547 -1.31653 40.49
      vertex -19.6312 -1.37644 46
      vertex -19.4547 -1.31653 46
    endloop
  endfacet
  facet normal -0.321422 0.946936 0
    outer loop
      vertex -19.6312 -1.37644 46
      vertex -19.4547 -1.31653 40.49
      vertex -19.6312 -1.37644 40.49
    endloop
  endfacet
  facet normal -0.896963 0.442105 -3.89304e-19
    outer loop
      vertex -18.7659 -0.7125 40.49
      vertex -18.6835 -0.545323 46
      vertex -18.6835 -0.545323 40.49
    endloop
  endfacet
  facet normal -0.896963 0.442105 -3.89304e-19
    outer loop
      vertex -18.6835 -0.545323 46
      vertex -18.7659 -0.7125 40.49
      vertex -18.7659 -0.7125 46
    endloop
  endfacet
  facet normal -0.831363 0.55573 1.6212e-18
    outer loop
      vertex -18.8695 -0.867484 40.49
      vertex -18.7659 -0.7125 46
      vertex -18.7659 -0.7125 40.49
    endloop
  endfacet
  facet normal -0.831363 0.55573 1.6212e-18
    outer loop
      vertex -18.7659 -0.7125 46
      vertex -18.8695 -0.867484 40.49
      vertex -18.8695 -0.867484 46
    endloop
  endfacet
  facet normal 0.0653973 0.997859 -0
    outer loop
      vertex -20 -1.425 40.49
      vertex -20.186 -1.41281 46
      vertex -20 -1.425 46
    endloop
  endfacet
  facet normal 0.0653973 0.997859 0
    outer loop
      vertex -20.186 -1.41281 46
      vertex -20 -1.425 40.49
      vertex -20.186 -1.41281 40.49
    endloop
  endfacet
  facet normal 0.195136 0.980776 -0
    outer loop
      vertex -20.186 -1.41281 40.49
      vertex -20.3688 -1.37644 46
      vertex -20.186 -1.41281 46
    endloop
  endfacet
  facet normal 0.195136 0.980776 0
    outer loop
      vertex -20.3688 -1.37644 46
      vertex -20.186 -1.41281 40.49
      vertex -20.3688 -1.37644 40.49
    endloop
  endfacet
  facet normal 0.659454 0.751745 -0
    outer loop
      vertex -20.8675 -1.13053 40.49
      vertex -21.0076 -1.00763 46
      vertex -20.8675 -1.13053 46
    endloop
  endfacet
  facet normal 0.659454 0.751745 0
    outer loop
      vertex -21.0076 -1.00763 46
      vertex -20.8675 -1.13053 40.49
      vertex -21.0076 -1.00763 40.49
    endloop
  endfacet
  facet normal -0.751852 0.659331 5.87193e-19
    outer loop
      vertex -18.9924 -1.00763 40.49
      vertex -18.8695 -0.867484 46
      vertex -18.8695 -0.867484 40.49
    endloop
  endfacet
  facet normal -0.751852 0.659331 5.87193e-19
    outer loop
      vertex -18.8695 -0.867484 46
      vertex -18.9924 -1.00763 40.49
      vertex -18.9924 -1.00763 46
    endloop
  endfacet
  facet normal 0.555542 0.831489 -0
    outer loop
      vertex -20.7125 -1.23409 40.49
      vertex -20.8675 -1.13053 46
      vertex -20.7125 -1.23409 46
    endloop
  endfacet
  facet normal 0.555542 0.831489 0
    outer loop
      vertex -20.8675 -1.13053 46
      vertex -20.7125 -1.23409 40.49
      vertex -20.8675 -1.13053 40.49
    endloop
  endfacet
  facet normal 0.442229 0.896902 -0
    outer loop
      vertex -20.5453 -1.31653 40.49
      vertex -20.7125 -1.23409 46
      vertex -20.5453 -1.31653 46
    endloop
  endfacet
  facet normal 0.442229 0.896902 0
    outer loop
      vertex -20.7125 -1.23409 46
      vertex -20.5453 -1.31653 40.49
      vertex -20.7125 -1.23409 40.49
    endloop
  endfacet
  facet normal 0.831363 0.55573 -1.6212e-18
    outer loop
      vertex -21.1305 -0.867484 46
      vertex -21.2341 -0.7125 40.49
      vertex -21.2341 -0.7125 46
    endloop
  endfacet
  facet normal 0.831363 0.55573 -1.6212e-18
    outer loop
      vertex -21.2341 -0.7125 40.49
      vertex -21.1305 -0.867484 46
      vertex -21.1305 -0.867484 40.49
    endloop
  endfacet
  facet normal 0.896963 0.442105 3.89304e-19
    outer loop
      vertex -21.2341 -0.7125 46
      vertex -21.3165 -0.545323 40.49
      vertex -21.3165 -0.545323 46
    endloop
  endfacet
  facet normal 0.896963 0.442105 3.89304e-19
    outer loop
      vertex -21.3165 -0.545323 40.49
      vertex -21.2341 -0.7125 46
      vertex -21.2341 -0.7125 40.49
    endloop
  endfacet
  facet normal -0.896963 -0.442105 3.89304e-19
    outer loop
      vertex 21.3165 0.545323 40.49
      vertex 21.2341 0.7125 46
      vertex 21.2341 0.7125 40.49
    endloop
  endfacet
  facet normal -0.896963 -0.442105 3.89304e-19
    outer loop
      vertex 21.2341 0.7125 46
      vertex 21.3165 0.545323 40.49
      vertex 21.3165 0.545323 46
    endloop
  endfacet
  facet normal -0.831363 -0.55573 -1.6212e-18
    outer loop
      vertex 21.2341 0.7125 40.49
      vertex 21.1305 0.867484 46
      vertex 21.1305 0.867484 40.49
    endloop
  endfacet
  facet normal -0.831363 -0.55573 -1.6212e-18
    outer loop
      vertex 21.1305 0.867484 46
      vertex 21.2341 0.7125 40.49
      vertex 21.2341 0.7125 46
    endloop
  endfacet
  facet normal -0.321422 -0.946936 0
    outer loop
      vertex 20.3688 1.37644 40.49
      vertex 20.5453 1.31653 46
      vertex 20.3688 1.37644 46
    endloop
  endfacet
  facet normal -0.321422 -0.946936 -0
    outer loop
      vertex 20.5453 1.31653 46
      vertex 20.3688 1.37644 40.49
      vertex 20.5453 1.31653 40.49
    endloop
  endfacet
  facet normal 0.442229 -0.896902 0
    outer loop
      vertex 19.2875 1.23409 40.49
      vertex 19.4547 1.31653 46
      vertex 19.2875 1.23409 46
    endloop
  endfacet
  facet normal 0.442229 -0.896902 0
    outer loop
      vertex 19.4547 1.31653 46
      vertex 19.2875 1.23409 40.49
      vertex 19.4547 1.31653 40.49
    endloop
  endfacet
  facet normal 0.896963 -0.442105 -3.89304e-19
    outer loop
      vertex 18.6835 0.545323 46
      vertex 18.7659 0.7125 40.49
      vertex 18.7659 0.7125 46
    endloop
  endfacet
  facet normal 0.896963 -0.442105 -3.89304e-19
    outer loop
      vertex 18.7659 0.7125 40.49
      vertex 18.6835 0.545323 46
      vertex 18.6835 0.545323 40.49
    endloop
  endfacet
  facet normal -0.980749 0.195273 -1.22054e-19
    outer loop
      vertex 21.3764 -0.368816 40.49
      vertex 21.4128 -0.185999 46
      vertex 21.4128 -0.185999 40.49
    endloop
  endfacet
  facet normal -0.980749 0.195273 -1.22054e-19
    outer loop
      vertex 21.4128 -0.185999 46
      vertex 21.3764 -0.368816 40.49
      vertex 21.3764 -0.368816 46
    endloop
  endfacet
  facet normal -0.442229 0.896902 0
    outer loop
      vertex 20.7125 -1.23409 40.49
      vertex 20.5453 -1.31653 46
      vertex 20.7125 -1.23409 46
    endloop
  endfacet
  facet normal -0.442229 0.896902 0
    outer loop
      vertex 20.5453 -1.31653 46
      vertex 20.7125 -1.23409 40.49
      vertex 20.5453 -1.31653 40.49
    endloop
  endfacet
  facet normal -0.0653973 -0.997859 0
    outer loop
      vertex 20 1.425 40.49
      vertex 20.186 1.41281 46
      vertex 20 1.425 46
    endloop
  endfacet
  facet normal -0.0653973 -0.997859 -0
    outer loop
      vertex 20.186 1.41281 46
      vertex 20 1.425 40.49
      vertex 20.186 1.41281 40.49
    endloop
  endfacet
  facet normal 0.997856 -0.0654511 1.3814e-20
    outer loop
      vertex 18.575 0 46
      vertex 18.5872 0.185999 40.49
      vertex 18.5872 0.185999 46
    endloop
  endfacet
  facet normal 0.997856 -0.0654511 1.3814e-20
    outer loop
      vertex 18.5872 0.185999 40.49
      vertex 18.575 0 46
      vertex 18.575 0 40.49
    endloop
  endfacet
  facet normal 0.980749 -0.195273 -1.22054e-19
    outer loop
      vertex 18.5872 0.185999 46
      vertex 18.6236 0.368816 40.49
      vertex 18.6236 0.368816 46
    endloop
  endfacet
  facet normal 0.980749 -0.195273 -1.22054e-19
    outer loop
      vertex 18.6236 0.368816 40.49
      vertex 18.5872 0.185999 46
      vertex 18.5872 0.185999 40.49
    endloop
  endfacet
  facet normal 0.831363 -0.55573 1.6212e-18
    outer loop
      vertex 18.7659 0.7125 46
      vertex 18.8695 0.867484 40.49
      vertex 18.8695 0.867484 46
    endloop
  endfacet
  facet normal 0.831363 -0.55573 1.6212e-18
    outer loop
      vertex 18.8695 0.867484 40.49
      vertex 18.7659 0.7125 46
      vertex 18.7659 0.7125 40.49
    endloop
  endfacet
  facet normal 0.555542 -0.831489 0
    outer loop
      vertex 19.1325 1.13053 40.49
      vertex 19.2875 1.23409 46
      vertex 19.1325 1.13053 46
    endloop
  endfacet
  facet normal 0.555542 -0.831489 0
    outer loop
      vertex 19.2875 1.23409 46
      vertex 19.1325 1.13053 40.49
      vertex 19.2875 1.23409 40.49
    endloop
  endfacet
  facet normal 0.659454 -0.751745 0
    outer loop
      vertex 18.9924 1.00763 40.49
      vertex 19.1325 1.13053 46
      vertex 18.9924 1.00763 46
    endloop
  endfacet
  facet normal 0.659454 -0.751745 0
    outer loop
      vertex 19.1325 1.13053 46
      vertex 18.9924 1.00763 40.49
      vertex 19.1325 1.13053 40.49
    endloop
  endfacet
  facet normal -0.555542 0.831489 0
    outer loop
      vertex 20.8675 -1.13053 40.49
      vertex 20.7125 -1.23409 46
      vertex 20.8675 -1.13053 46
    endloop
  endfacet
  facet normal -0.555542 0.831489 0
    outer loop
      vertex 20.7125 -1.23409 46
      vertex 20.8675 -1.13053 40.49
      vertex 20.7125 -1.23409 40.49
    endloop
  endfacet
  facet normal -0.946956 0.321362 7.09276e-19
    outer loop
      vertex 21.3165 -0.545323 40.49
      vertex 21.3764 -0.368816 46
      vertex 21.3764 -0.368816 40.49
    endloop
  endfacet
  facet normal -0.946956 0.321362 7.09276e-19
    outer loop
      vertex 21.3764 -0.368816 46
      vertex 21.3165 -0.545323 40.49
      vertex 21.3165 -0.545323 46
    endloop
  endfacet
  facet normal -0.321422 0.946936 0
    outer loop
      vertex 20.5453 -1.31653 40.49
      vertex 20.3688 -1.37644 46
      vertex 20.5453 -1.31653 46
    endloop
  endfacet
  facet normal -0.321422 0.946936 0
    outer loop
      vertex 20.3688 -1.37644 46
      vertex 20.5453 -1.31653 40.49
      vertex 20.3688 -1.37644 40.49
    endloop
  endfacet
  facet normal -0.980749 -0.195273 1.22054e-19
    outer loop
      vertex 21.4128 0.185999 40.49
      vertex 21.3764 0.368816 46
      vertex 21.3764 0.368816 40.49
    endloop
  endfacet
  facet normal -0.980749 -0.195273 1.22054e-19
    outer loop
      vertex 21.3764 0.368816 46
      vertex 21.4128 0.185999 40.49
      vertex 21.4128 0.185999 46
    endloop
  endfacet
  facet normal -0.946956 -0.321362 -7.09276e-19
    outer loop
      vertex 21.3764 0.368816 40.49
      vertex 21.3165 0.545323 46
      vertex 21.3165 0.545323 40.49
    endloop
  endfacet
  facet normal -0.946956 -0.321362 -7.09276e-19
    outer loop
      vertex 21.3165 0.545323 46
      vertex 21.3764 0.368816 40.49
      vertex 21.3764 0.368816 46
    endloop
  endfacet
  facet normal -0.659454 -0.751745 0
    outer loop
      vertex 20.8675 1.13053 40.49
      vertex 21.0076 1.00763 46
      vertex 20.8675 1.13053 46
    endloop
  endfacet
  facet normal -0.659454 -0.751745 -0
    outer loop
      vertex 21.0076 1.00763 46
      vertex 20.8675 1.13053 40.49
      vertex 21.0076 1.00763 40.49
    endloop
  endfacet
  facet normal -0.751852 -0.659331 -5.87193e-19
    outer loop
      vertex 21.1305 0.867484 40.49
      vertex 21.0076 1.00763 46
      vertex 21.0076 1.00763 40.49
    endloop
  endfacet
  facet normal -0.751852 -0.659331 -5.87193e-19
    outer loop
      vertex 21.0076 1.00763 46
      vertex 21.1305 0.867484 40.49
      vertex 21.1305 0.867484 46
    endloop
  endfacet
  facet normal 0.0653973 -0.997859 0
    outer loop
      vertex 19.814 1.41281 40.49
      vertex 20 1.425 46
      vertex 19.814 1.41281 46
    endloop
  endfacet
  facet normal 0.0653973 -0.997859 0
    outer loop
      vertex 20 1.425 46
      vertex 19.814 1.41281 40.49
      vertex 20 1.425 40.49
    endloop
  endfacet
  facet normal -0.195136 -0.980776 0
    outer loop
      vertex 20.186 1.41281 40.49
      vertex 20.3688 1.37644 46
      vertex 20.186 1.41281 46
    endloop
  endfacet
  facet normal -0.195136 -0.980776 -0
    outer loop
      vertex 20.3688 1.37644 46
      vertex 20.186 1.41281 40.49
      vertex 20.3688 1.37644 40.49
    endloop
  endfacet
  facet normal -0.555542 -0.831489 0
    outer loop
      vertex 20.7125 1.23409 40.49
      vertex 20.8675 1.13053 46
      vertex 20.7125 1.23409 46
    endloop
  endfacet
  facet normal -0.555542 -0.831489 -0
    outer loop
      vertex 20.8675 1.13053 46
      vertex 20.7125 1.23409 40.49
      vertex 20.8675 1.13053 40.49
    endloop
  endfacet
  facet normal -0.442229 -0.896902 0
    outer loop
      vertex 20.5453 1.31653 40.49
      vertex 20.7125 1.23409 46
      vertex 20.5453 1.31653 46
    endloop
  endfacet
  facet normal -0.442229 -0.896902 -0
    outer loop
      vertex 20.7125 1.23409 46
      vertex 20.5453 1.31653 40.49
      vertex 20.7125 1.23409 40.49
    endloop
  endfacet
  facet normal 0.946956 -0.321362 7.09276e-19
    outer loop
      vertex 18.6236 0.368816 46
      vertex 18.6835 0.545323 40.49
      vertex 18.6835 0.545323 46
    endloop
  endfacet
  facet normal 0.946956 -0.321362 7.09276e-19
    outer loop
      vertex 18.6835 0.545323 40.49
      vertex 18.6236 0.368816 46
      vertex 18.6236 0.368816 40.49
    endloop
  endfacet
  facet normal 0 0 -1
    outer loop
      vertex 21.4128 -0.185999 46
      vertex 21.4128 0.185999 46
      vertex 21.425 0 46
    endloop
  endfacet
  facet normal 0 0 -1
    outer loop
      vertex 21.3764 -0.368816 46
      vertex 21.4128 0.185999 46
      vertex 21.4128 -0.185999 46
    endloop
  endfacet
  facet normal 0 0 -1
    outer loop
      vertex 21.3764 -0.368816 46
      vertex 21.3764 0.368816 46
      vertex 21.4128 0.185999 46
    endloop
  endfacet
  facet normal 0 0 -1
    outer loop
      vertex 21.3165 -0.545323 46
      vertex 21.3764 0.368816 46
      vertex 21.3764 -0.368816 46
    endloop
  endfacet
  facet normal 0 0 -1
    outer loop
      vertex 21.3165 -0.545323 46
      vertex 21.3165 0.545323 46
      vertex 21.3764 0.368816 46
    endloop
  endfacet
  facet normal 0 0 -1
    outer loop
      vertex 21.2341 -0.7125 46
      vertex 21.3165 0.545323 46
      vertex 21.3165 -0.545323 46
    endloop
  endfacet
  facet normal 0 0 -1
    outer loop
      vertex 21.2341 -0.7125 46
      vertex 21.2341 0.7125 46
      vertex 21.3165 0.545323 46
    endloop
  endfacet
  facet normal 0 0 -1
    outer loop
      vertex 21.1305 -0.867484 46
      vertex 21.2341 0.7125 46
      vertex 21.2341 -0.7125 46
    endloop
  endfacet
  facet normal 0 0 -1
    outer loop
      vertex 21.1305 -0.867484 46
      vertex 21.1305 0.867484 46
      vertex 21.2341 0.7125 46
    endloop
  endfacet
  facet normal 0 0 -1
    outer loop
      vertex 21.0076 -1.00763 46
      vertex 21.1305 0.867484 46
      vertex 21.1305 -0.867484 46
    endloop
  endfacet
  facet normal 0 0 -1
    outer loop
      vertex 21.0076 -1.00763 46
      vertex 21.0076 1.00763 46
      vertex 21.1305 0.867484 46
    endloop
  endfacet
  facet normal 0 0 -1
    outer loop
      vertex 20.8675 -1.13053 46
      vertex 21.0076 1.00763 46
      vertex 21.0076 -1.00763 46
    endloop
  endfacet
  facet normal 0 0 -1
    outer loop
      vertex 20.8675 -1.13053 46
      vertex 20.8675 1.13053 46
      vertex 21.0076 1.00763 46
    endloop
  endfacet
  facet normal 0 0 -1
    outer loop
      vertex 20.7125 -1.23409 46
      vertex 20.8675 1.13053 46
      vertex 20.8675 -1.13053 46
    endloop
  endfacet
  facet normal 0 0 -1
    outer loop
      vertex 20.7125 -1.23409 46
      vertex 20.7125 1.23409 46
      vertex 20.8675 1.13053 46
    endloop
  endfacet
  facet normal 0 0 -1
    outer loop
      vertex 20.5453 -1.31653 46
      vertex 20.7125 1.23409 46
      vertex 20.7125 -1.23409 46
    endloop
  endfacet
  facet normal 0 0 -1
    outer loop
      vertex 20.5453 -1.31653 46
      vertex 20.5453 1.31653 46
      vertex 20.7125 1.23409 46
    endloop
  endfacet
  facet normal 0 0 -1
    outer loop
      vertex 20.3688 -1.37644 46
      vertex 20.5453 1.31653 46
      vertex 20.5453 -1.31653 46
    endloop
  endfacet
  facet normal 0 0 -1
    outer loop
      vertex 20.3688 -1.37644 46
      vertex 20.3688 1.37644 46
      vertex 20.5453 1.31653 46
    endloop
  endfacet
  facet normal 0 0 -1
    outer loop
      vertex 20.186 -1.41281 46
      vertex 20.3688 1.37644 46
      vertex 20.3688 -1.37644 46
    endloop
  endfacet
  facet normal 0 0 -1
    outer loop
      vertex 20.186 -1.41281 46
      vertex 20.186 1.41281 46
      vertex 20.3688 1.37644 46
    endloop
  endfacet
  facet normal 0 0 -1
    outer loop
      vertex 20 -1.425 46
      vertex 20.186 1.41281 46
      vertex 20.186 -1.41281 46
    endloop
  endfacet
  facet normal 0 0 -1
    outer loop
      vertex 20 -1.425 46
      vertex 20 1.425 46
      vertex 20.186 1.41281 46
    endloop
  endfacet
  facet normal 0 0 -1
    outer loop
      vertex 19.814 -1.41281 46
      vertex 20 1.425 46
      vertex 20 -1.425 46
    endloop
  endfacet
  facet normal 0 0 -1
    outer loop
      vertex 19.814 -1.41281 46
      vertex 19.814 1.41281 46
      vertex 20 1.425 46
    endloop
  endfacet
  facet normal 0 0 -1
    outer loop
      vertex 19.6312 -1.37644 46
      vertex 19.814 1.41281 46
      vertex 19.814 -1.41281 46
    endloop
  endfacet
  facet normal 0 0 -1
    outer loop
      vertex 19.6312 -1.37644 46
      vertex 19.6312 1.37644 46
      vertex 19.814 1.41281 46
    endloop
  endfacet
  facet normal 0 0 -1
    outer loop
      vertex 19.4547 -1.31653 46
      vertex 19.6312 1.37644 46
      vertex 19.6312 -1.37644 46
    endloop
  endfacet
  facet normal 0 0 -1
    outer loop
      vertex 19.4547 -1.31653 46
      vertex 19.4547 1.31653 46
      vertex 19.6312 1.37644 46
    endloop
  endfacet
  facet normal 0 0 -1
    outer loop
      vertex 19.2875 -1.23409 46
      vertex 19.4547 1.31653 46
      vertex 19.4547 -1.31653 46
    endloop
  endfacet
  facet normal 0 0 -1
    outer loop
      vertex 19.2875 -1.23409 46
      vertex 19.2875 1.23409 46
      vertex 19.4547 1.31653 46
    endloop
  endfacet
  facet normal 0 0 -1
    outer loop
      vertex 19.1325 -1.13053 46
      vertex 19.2875 1.23409 46
      vertex 19.2875 -1.23409 46
    endloop
  endfacet
  facet normal 0 0 -1
    outer loop
      vertex 19.1325 -1.13053 46
      vertex 19.1325 1.13053 46
      vertex 19.2875 1.23409 46
    endloop
  endfacet
  facet normal 0 0 -1
    outer loop
      vertex 18.9924 -1.00763 46
      vertex 19.1325 1.13053 46
      vertex 19.1325 -1.13053 46
    endloop
  endfacet
  facet normal 0 0 -1
    outer loop
      vertex 18.9924 -1.00763 46
      vertex 18.9924 1.00763 46
      vertex 19.1325 1.13053 46
    endloop
  endfacet
  facet normal 0 0 -1
    outer loop
      vertex 18.8695 -0.867484 46
      vertex 18.9924 1.00763 46
      vertex 18.9924 -1.00763 46
    endloop
  endfacet
  facet normal 0 0 -1
    outer loop
      vertex 18.8695 -0.867484 46
      vertex 18.8695 0.867484 46
      vertex 18.9924 1.00763 46
    endloop
  endfacet
  facet normal 0 0 -1
    outer loop
      vertex 18.7659 -0.7125 46
      vertex 18.8695 0.867484 46
      vertex 18.8695 -0.867484 46
    endloop
  endfacet
  facet normal 0 0 -1
    outer loop
      vertex 18.7659 -0.7125 46
      vertex 18.7659 0.7125 46
      vertex 18.8695 0.867484 46
    endloop
  endfacet
  facet normal 0 0 -1
    outer loop
      vertex 18.6835 -0.545323 46
      vertex 18.7659 0.7125 46
      vertex 18.7659 -0.7125 46
    endloop
  endfacet
  facet normal 0 0 -1
    outer loop
      vertex 18.6835 -0.545323 46
      vertex 18.6835 0.545323 46
      vertex 18.7659 0.7125 46
    endloop
  endfacet
  facet normal 0 0 -1
    outer loop
      vertex 18.6236 -0.368816 46
      vertex 18.6835 0.545323 46
      vertex 18.6835 -0.545323 46
    endloop
  endfacet
  facet normal 0 0 -1
    outer loop
      vertex 18.6236 -0.368816 46
      vertex 18.6236 0.368816 46
      vertex 18.6835 0.545323 46
    endloop
  endfacet
  facet normal 0 0 -1
    outer loop
      vertex 18.5872 -0.185999 46
      vertex 18.6236 0.368816 46
      vertex 18.6236 -0.368816 46
    endloop
  endfacet
  facet normal 0 0 -1
    outer loop
      vertex 18.5872 -0.185999 46
      vertex 18.5872 0.185999 46
      vertex 18.6236 0.368816 46
    endloop
  endfacet
  facet normal 0 -0 -1
    outer loop
      vertex 18.5872 0.185999 46
      vertex 18.5872 -0.185999 46
      vertex 18.575 0 46
    endloop
  endfacet
  facet normal 0.195136 -0.980776 0
    outer loop
      vertex 19.6312 1.37644 40.49
      vertex 19.814 1.41281 46
      vertex 19.6312 1.37644 46
    endloop
  endfacet
  facet normal 0.195136 -0.980776 0
    outer loop
      vertex 19.814 1.41281 46
      vertex 19.6312 1.37644 40.49
      vertex 19.814 1.41281 40.49
    endloop
  endfacet
  facet normal 0.321422 -0.946936 0
    outer loop
      vertex 19.4547 1.31653 40.49
      vertex 19.6312 1.37644 46
      vertex 19.4547 1.31653 46
    endloop
  endfacet
  facet normal 0.321422 -0.946936 0
    outer loop
      vertex 19.6312 1.37644 46
      vertex 19.4547 1.31653 40.49
      vertex 19.6312 1.37644 40.49
    endloop
  endfacet
  facet normal 0.751852 -0.659331 5.87193e-19
    outer loop
      vertex 18.8695 0.867484 46
      vertex 18.9924 1.00763 40.49
      vertex 18.9924 1.00763 46
    endloop
  endfacet
  facet normal 0.751852 -0.659331 5.87193e-19
    outer loop
      vertex 18.9924 1.00763 40.49
      vertex 18.8695 0.867484 46
      vertex 18.8695 0.867484 40.49
    endloop
  endfacet
  facet normal -0.997856 -0.0654511 -1.3814e-20
    outer loop
      vertex 21.425 0 40.49
      vertex 21.4128 0.185999 46
      vertex 21.4128 0.185999 40.49
    endloop
  endfacet
  facet normal -0.997856 -0.0654511 -1.3814e-20
    outer loop
      vertex 21.4128 0.185999 46
      vertex 21.425 0 40.49
      vertex 21.425 0 46
    endloop
  endfacet
  facet normal -0.831363 0.55573 1.6212e-18
    outer loop
      vertex 21.1305 -0.867484 40.49
      vertex 21.2341 -0.7125 46
      vertex 21.2341 -0.7125 40.49
    endloop
  endfacet
  facet normal -0.831363 0.55573 1.6212e-18
    outer loop
      vertex 21.2341 -0.7125 46
      vertex 21.1305 -0.867484 40.49
      vertex 21.1305 -0.867484 46
    endloop
  endfacet
  facet normal -0.896963 0.442105 -3.89304e-19
    outer loop
      vertex 21.2341 -0.7125 40.49
      vertex 21.3165 -0.545323 46
      vertex 21.3165 -0.545323 40.49
    endloop
  endfacet
  facet normal -0.896963 0.442105 -3.89304e-19
    outer loop
      vertex 21.3165 -0.545323 46
      vertex 21.2341 -0.7125 40.49
      vertex 21.2341 -0.7125 46
    endloop
  endfacet
  facet normal 0.997856 0.0654511 -1.3814e-20
    outer loop
      vertex 18.5872 -0.185999 46
      vertex 18.575 0 40.49
      vertex 18.575 0 46
    endloop
  endfacet
  facet normal 0.997856 0.0654511 -1.3814e-20
    outer loop
      vertex 18.575 0 40.49
      vertex 18.5872 -0.185999 46
      vertex 18.5872 -0.185999 40.49
    endloop
  endfacet
  facet normal 0.980749 0.195273 1.22054e-19
    outer loop
      vertex 18.6236 -0.368816 46
      vertex 18.5872 -0.185999 40.49
      vertex 18.5872 -0.185999 46
    endloop
  endfacet
  facet normal 0.980749 0.195273 1.22054e-19
    outer loop
      vertex 18.5872 -0.185999 40.49
      vertex 18.6236 -0.368816 46
      vertex 18.6236 -0.368816 40.49
    endloop
  endfacet
  facet normal -0.195136 0.980776 0
    outer loop
      vertex 20.3688 -1.37644 40.49
      vertex 20.186 -1.41281 46
      vertex 20.3688 -1.37644 46
    endloop
  endfacet
  facet normal -0.195136 0.980776 0
    outer loop
      vertex 20.186 -1.41281 46
      vertex 20.3688 -1.37644 40.49
      vertex 20.186 -1.41281 40.49
    endloop
  endfacet
  facet normal -0.997856 0.0654511 1.3814e-20
    outer loop
      vertex 21.4128 -0.185999 40.49
      vertex 21.425 0 46
      vertex 21.425 0 40.49
    endloop
  endfacet
  facet normal -0.997856 0.0654511 1.3814e-20
    outer loop
      vertex 21.425 0 46
      vertex 21.4128 -0.185999 40.49
      vertex 21.4128 -0.185999 46
    endloop
  endfacet
  facet normal 0.321422 0.946936 -0
    outer loop
      vertex 19.6312 -1.37644 40.49
      vertex 19.4547 -1.31653 46
      vertex 19.6312 -1.37644 46
    endloop
  endfacet
  facet normal 0.321422 0.946936 0
    outer loop
      vertex 19.4547 -1.31653 46
      vertex 19.6312 -1.37644 40.49
      vertex 19.4547 -1.31653 40.49
    endloop
  endfacet
  facet normal 0.946956 0.321362 -7.09276e-19
    outer loop
      vertex 18.6835 -0.545323 46
      vertex 18.6236 -0.368816 40.49
      vertex 18.6236 -0.368816 46
    endloop
  endfacet
  facet normal 0.946956 0.321362 -7.09276e-19
    outer loop
      vertex 18.6236 -0.368816 40.49
      vertex 18.6835 -0.545323 46
      vertex 18.6835 -0.545323 40.49
    endloop
  endfacet
  facet normal 0.751852 0.659331 -5.87193e-19
    outer loop
      vertex 18.9924 -1.00763 46
      vertex 18.8695 -0.867484 40.49
      vertex 18.8695 -0.867484 46
    endloop
  endfacet
  facet normal 0.751852 0.659331 -5.87193e-19
    outer loop
      vertex 18.8695 -0.867484 40.49
      vertex 18.9924 -1.00763 46
      vertex 18.9924 -1.00763 40.49
    endloop
  endfacet
  facet normal -0.659454 0.751745 0
    outer loop
      vertex 21.0076 -1.00763 40.49
      vertex 20.8675 -1.13053 46
      vertex 21.0076 -1.00763 46
    endloop
  endfacet
  facet normal -0.659454 0.751745 0
    outer loop
      vertex 20.8675 -1.13053 46
      vertex 21.0076 -1.00763 40.49
      vertex 20.8675 -1.13053 40.49
    endloop
  endfacet
  facet normal -0.751852 0.659331 5.87193e-19
    outer loop
      vertex 21.0076 -1.00763 40.49
      vertex 21.1305 -0.867484 46
      vertex 21.1305 -0.867484 40.49
    endloop
  endfacet
  facet normal -0.751852 0.659331 5.87193e-19
    outer loop
      vertex 21.1305 -0.867484 46
      vertex 21.0076 -1.00763 40.49
      vertex 21.0076 -1.00763 46
    endloop
  endfacet
  facet normal -0.0653973 0.997859 0
    outer loop
      vertex 20.186 -1.41281 40.49
      vertex 20 -1.425 46
      vertex 20.186 -1.41281 46
    endloop
  endfacet
  facet normal -0.0653973 0.997859 0
    outer loop
      vertex 20 -1.425 46
      vertex 20.186 -1.41281 40.49
      vertex 20 -1.425 40.49
    endloop
  endfacet
  facet normal 0.0653973 0.997859 -0
    outer loop
      vertex 20 -1.425 40.49
      vertex 19.814 -1.41281 46
      vertex 20 -1.425 46
    endloop
  endfacet
  facet normal 0.0653973 0.997859 0
    outer loop
      vertex 19.814 -1.41281 46
      vertex 20 -1.425 40.49
      vertex 19.814 -1.41281 40.49
    endloop
  endfacet
  facet normal 0.195136 0.980776 -0
    outer loop
      vertex 19.814 -1.41281 40.49
      vertex 19.6312 -1.37644 46
      vertex 19.814 -1.41281 46
    endloop
  endfacet
  facet normal 0.195136 0.980776 0
    outer loop
      vertex 19.6312 -1.37644 46
      vertex 19.814 -1.41281 40.49
      vertex 19.6312 -1.37644 40.49
    endloop
  endfacet
  facet normal 0.659454 0.751745 -0
    outer loop
      vertex 19.1325 -1.13053 40.49
      vertex 18.9924 -1.00763 46
      vertex 19.1325 -1.13053 46
    endloop
  endfacet
  facet normal 0.659454 0.751745 0
    outer loop
      vertex 18.9924 -1.00763 46
      vertex 19.1325 -1.13053 40.49
      vertex 18.9924 -1.00763 40.49
    endloop
  endfacet
  facet normal 0.896963 0.442105 3.89304e-19
    outer loop
      vertex 18.7659 -0.7125 46
      vertex 18.6835 -0.545323 40.49
      vertex 18.6835 -0.545323 46
    endloop
  endfacet
  facet normal 0.896963 0.442105 3.89304e-19
    outer loop
      vertex 18.6835 -0.545323 40.49
      vertex 18.7659 -0.7125 46
      vertex 18.7659 -0.7125 40.49
    endloop
  endfacet
  facet normal 0.555542 0.831489 -0
    outer loop
      vertex 19.2875 -1.23409 40.49
      vertex 19.1325 -1.13053 46
      vertex 19.2875 -1.23409 46
    endloop
  endfacet
  facet normal 0.555542 0.831489 0
    outer loop
      vertex 19.1325 -1.13053 46
      vertex 19.2875 -1.23409 40.49
      vertex 19.1325 -1.13053 40.49
    endloop
  endfacet
  facet normal 0.442229 0.896902 -0
    outer loop
      vertex 19.4547 -1.31653 40.49
      vertex 19.2875 -1.23409 46
      vertex 19.4547 -1.31653 46
    endloop
  endfacet
  facet normal 0.442229 0.896902 0
    outer loop
      vertex 19.2875 -1.23409 46
      vertex 19.4547 -1.31653 40.49
      vertex 19.2875 -1.23409 40.49
    endloop
  endfacet
  facet normal 0.831363 0.55573 -1.6212e-18
    outer loop
      vertex 18.8695 -0.867484 46
      vertex 18.7659 -0.7125 40.49
      vertex 18.7659 -0.7125 46
    endloop
  endfacet
  facet normal 0.831363 0.55573 -1.6212e-18
    outer loop
      vertex 18.7659 -0.7125 40.49
      vertex 18.8695 -0.867484 46
      vertex 18.8695 -0.867484 40.49
    endloop
  endfacet
  facet normal -0.997856 -0.0654403 5.32602e-19
    outer loop
      vertex -16.25 0 38
      vertex -16.2821 0.489472 40.49
      vertex -16.2821 0.489472 38
    endloop
  endfacet
  facet normal -0.997856 -0.0654403 5.32602e-19
    outer loop
      vertex -16.2821 0.489472 40.49
      vertex -16.25 0 38
      vertex -16.25 0 40.49
    endloop
  endfacet
  facet normal 0.997856 -0.0654403 -5.32602e-19
    outer loop
      vertex -23.75 0 40.49
      vertex -23.7179 0.489472 38
      vertex -23.7179 0.489472 40.49
    endloop
  endfacet
  facet normal 0.997856 -0.0654403 -5.32602e-19
    outer loop
      vertex -23.7179 0.489472 38
      vertex -23.75 0 40.49
      vertex -23.75 0 38
    endloop
  endfacet
  facet normal -0.065396 -0.997859 0
    outer loop
      vertex -20 3.75 38
      vertex -19.5105 3.71792 40.49
      vertex -20 3.75 40.49
    endloop
  endfacet
  facet normal -0.065396 -0.997859 -0
    outer loop
      vertex -19.5105 3.71792 40.49
      vertex -20 3.75 38
      vertex -19.5105 3.71792 38
    endloop
  endfacet
  facet normal 0.065396 0.997859 -0
    outer loop
      vertex -20 -3.75 38
      vertex -20.4895 -3.71792 40.49
      vertex -20 -3.75 40.49
    endloop
  endfacet
  facet normal 0.065396 0.997859 0
    outer loop
      vertex -20.4895 -3.71792 40.49
      vertex -20 -3.75 38
      vertex -20.4895 -3.71792 38
    endloop
  endfacet
  facet normal -0.75186 -0.659323 8.10031e-19
    outer loop
      vertex -17.0249 2.28286 38
      vertex -17.3483 2.65165 40.49
      vertex -17.3483 2.65165 38
    endloop
  endfacet
  facet normal -0.75186 -0.659323 8.10031e-19
    outer loop
      vertex -17.3483 2.65165 40.49
      vertex -17.0249 2.28286 38
      vertex -17.0249 2.28286 40.49
    endloop
  endfacet
  facet normal 0.659437 -0.75176 0
    outer loop
      vertex -22.6516 2.65165 38
      vertex -22.2829 2.97507 40.49
      vertex -22.6516 2.65165 40.49
    endloop
  endfacet
  facet normal 0.659437 -0.75176 0
    outer loop
      vertex -22.2829 2.97507 40.49
      vertex -22.6516 2.65165 38
      vertex -22.2829 2.97507 38
    endloop
  endfacet
  facet normal 0.321428 -0.946934 0
    outer loop
      vertex -21.4351 3.46455 38
      vertex -20.9706 3.62222 40.49
      vertex -21.4351 3.46455 40.49
    endloop
  endfacet
  facet normal 0.321428 -0.946934 0
    outer loop
      vertex -20.9706 3.62222 40.49
      vertex -21.4351 3.46455 38
      vertex -20.9706 3.62222 38
    endloop
  endfacet
  facet normal -0.946975 -0.321306 -4.54955e-18
    outer loop
      vertex -16.3778 0.970571 38
      vertex -16.5354 1.43506 40.49
      vertex -16.5354 1.43506 38
    endloop
  endfacet
  facet normal -0.946975 -0.321306 -4.54955e-18
    outer loop
      vertex -16.5354 1.43506 40.49
      vertex -16.3778 0.970571 38
      vertex -16.3778 0.970571 40.49
    endloop
  endfacet
  facet normal -0.980784 -0.195097 2.4494e-18
    outer loop
      vertex -16.2821 0.489472 38
      vertex -16.3778 0.970571 40.49
      vertex -16.3778 0.970571 38
    endloop
  endfacet
  facet normal -0.980784 -0.195097 2.4494e-18
    outer loop
      vertex -16.3778 0.970571 40.49
      vertex -16.2821 0.489472 38
      vertex -16.2821 0.489472 40.49
    endloop
  endfacet
  facet normal -0.896836 -0.442363 5.14269e-18
    outer loop
      vertex -16.5354 1.43506 38
      vertex -16.7524 1.875 40.49
      vertex -16.7524 1.875 38
    endloop
  endfacet
  facet normal -0.896836 -0.442363 5.14269e-18
    outer loop
      vertex -16.7524 1.875 40.49
      vertex -16.5354 1.43506 38
      vertex -16.5354 1.43506 40.49
    endloop
  endfacet
  facet normal -0.44233 -0.896852 0
    outer loop
      vertex -18.5649 3.46455 38
      vertex -18.125 3.24759 40.49
      vertex -18.5649 3.46455 40.49
    endloop
  endfacet
  facet normal -0.44233 -0.896852 -0
    outer loop
      vertex -18.125 3.24759 40.49
      vertex -18.5649 3.46455 38
      vertex -18.125 3.24759 38
    endloop
  endfacet
  facet normal -0.659336 -0.751849 0
    outer loop
      vertex -17.7171 2.97507 38
      vertex -17.3483 2.65165 40.49
      vertex -17.7171 2.97507 40.49
    endloop
  endfacet
  facet normal -0.659336 -0.751849 -0
    outer loop
      vertex -17.3483 2.65165 40.49
      vertex -17.7171 2.97507 38
      vertex -17.3483 2.65165 38
    endloop
  endfacet
  facet normal 0.896917 -0.442199 -2.7186e-18
    outer loop
      vertex -23.4645 1.43506 40.49
      vertex -23.2476 1.875 38
      vertex -23.2476 1.875 40.49
    endloop
  endfacet
  facet normal 0.896917 -0.442199 -2.7186e-18
    outer loop
      vertex -23.2476 1.875 38
      vertex -23.4645 1.43506 40.49
      vertex -23.4645 1.43506 38
    endloop
  endfacet
  facet normal 0.831492 -0.555537 -5.07643e-18
    outer loop
      vertex -23.2476 1.875 40.49
      vertex -22.9751 2.28286 38
      vertex -22.9751 2.28286 40.49
    endloop
  endfacet
  facet normal 0.831492 -0.555537 -5.07643e-18
    outer loop
      vertex -22.9751 2.28286 38
      vertex -23.2476 1.875 40.49
      vertex -23.2476 1.875 38
    endloop
  endfacet
  facet normal 0.946913 -0.321489 -1.25382e-18
    outer loop
      vertex -23.6222 0.970571 40.49
      vertex -23.4645 1.43506 38
      vertex -23.4645 1.43506 40.49
    endloop
  endfacet
  facet normal 0.946913 -0.321489 -1.25382e-18
    outer loop
      vertex -23.4645 1.43506 38
      vertex -23.6222 0.970571 40.49
      vertex -23.6222 0.970571 38
    endloop
  endfacet
  facet normal 0.44233 -0.896852 0
    outer loop
      vertex -21.875 3.24759 38
      vertex -21.4351 3.46455 40.49
      vertex -21.875 3.24759 40.49
    endloop
  endfacet
  facet normal 0.44233 -0.896852 0
    outer loop
      vertex -21.4351 3.46455 40.49
      vertex -21.875 3.24759 38
      vertex -21.4351 3.46455 38
    endloop
  endfacet
  facet normal 0.195097 -0.980784 0
    outer loop
      vertex -20.9706 3.62222 38
      vertex -20.4895 3.71792 40.49
      vertex -20.9706 3.62222 40.49
    endloop
  endfacet
  facet normal 0.195097 -0.980784 0
    outer loop
      vertex -20.4895 3.71792 40.49
      vertex -20.9706 3.62222 38
      vertex -20.4895 3.71792 38
    endloop
  endfacet
  facet normal -0.195097 0.980784 0
    outer loop
      vertex -19.0294 -3.62222 38
      vertex -19.5105 -3.71792 40.49
      vertex -19.0294 -3.62222 40.49
    endloop
  endfacet
  facet normal -0.195097 0.980784 0
    outer loop
      vertex -19.5105 -3.71792 40.49
      vertex -19.0294 -3.62222 38
      vertex -19.5105 -3.71792 38
    endloop
  endfacet
  facet normal -0.065396 0.997859 0
    outer loop
      vertex -19.5105 -3.71792 38
      vertex -20 -3.75 40.49
      vertex -19.5105 -3.71792 40.49
    endloop
  endfacet
  facet normal -0.065396 0.997859 0
    outer loop
      vertex -20 -3.75 40.49
      vertex -19.5105 -3.71792 38
      vertex -20 -3.75 38
    endloop
  endfacet
  facet normal -0.946975 0.321306 4.54955e-18
    outer loop
      vertex -16.5354 -1.43506 38
      vertex -16.3778 -0.970571 40.49
      vertex -16.3778 -0.970571 38
    endloop
  endfacet
  facet normal -0.946975 0.321306 4.54955e-18
    outer loop
      vertex -16.3778 -0.970571 40.49
      vertex -16.5354 -1.43506 38
      vertex -16.5354 -1.43506 40.49
    endloop
  endfacet
  facet normal 0.44233 0.896852 -0
    outer loop
      vertex -21.4351 -3.46455 38
      vertex -21.875 -3.24759 40.49
      vertex -21.4351 -3.46455 40.49
    endloop
  endfacet
  facet normal 0.44233 0.896852 0
    outer loop
      vertex -21.875 -3.24759 40.49
      vertex -21.4351 -3.46455 38
      vertex -21.875 -3.24759 38
    endloop
  endfacet
  facet normal 0.321428 0.946934 -0
    outer loop
      vertex -20.9706 -3.62222 38
      vertex -21.4351 -3.46455 40.49
      vertex -20.9706 -3.62222 40.49
    endloop
  endfacet
  facet normal 0.321428 0.946934 0
    outer loop
      vertex -21.4351 -3.46455 40.49
      vertex -20.9706 -3.62222 38
      vertex -21.4351 -3.46455 38
    endloop
  endfacet
  facet normal 0.896917 0.442199 2.7186e-18
    outer loop
      vertex -23.2476 -1.875 40.49
      vertex -23.4645 -1.43506 38
      vertex -23.4645 -1.43506 40.49
    endloop
  endfacet
  facet normal 0.896917 0.442199 2.7186e-18
    outer loop
      vertex -23.4645 -1.43506 38
      vertex -23.2476 -1.875 40.49
      vertex -23.2476 -1.875 38
    endloop
  endfacet
  facet normal 0.831492 0.555537 5.07643e-18
    outer loop
      vertex -22.9751 -2.28286 40.49
      vertex -23.2476 -1.875 38
      vertex -23.2476 -1.875 40.49
    endloop
  endfacet
  facet normal 0.831492 0.555537 5.07643e-18
    outer loop
      vertex -23.2476 -1.875 38
      vertex -22.9751 -2.28286 40.49
      vertex -22.9751 -2.28286 38
    endloop
  endfacet
  facet normal -0.831492 -0.555537 5.07643e-18
    outer loop
      vertex -16.7524 1.875 38
      vertex -17.0249 2.28286 40.49
      vertex -17.0249 2.28286 38
    endloop
  endfacet
  facet normal -0.831492 -0.555537 5.07643e-18
    outer loop
      vertex -17.0249 2.28286 40.49
      vertex -16.7524 1.875 38
      vertex -16.7524 1.875 40.49
    endloop
  endfacet
  facet normal -0.321428 -0.946934 0
    outer loop
      vertex -19.0294 3.62222 38
      vertex -18.5649 3.46455 40.49
      vertex -19.0294 3.62222 40.49
    endloop
  endfacet
  facet normal -0.321428 -0.946934 -0
    outer loop
      vertex -18.5649 3.46455 40.49
      vertex -19.0294 3.62222 38
      vertex -18.5649 3.46455 38
    endloop
  endfacet
  facet normal -0.195097 -0.980784 0
    outer loop
      vertex -19.5105 3.71792 38
      vertex -19.0294 3.62222 40.49
      vertex -19.5105 3.71792 40.49
    endloop
  endfacet
  facet normal -0.195097 -0.980784 -0
    outer loop
      vertex -19.0294 3.62222 40.49
      vertex -19.5105 3.71792 38
      vertex -19.0294 3.62222 38
    endloop
  endfacet
  facet normal -0.555528 -0.831498 0
    outer loop
      vertex -18.125 3.24759 38
      vertex -17.7171 2.97507 40.49
      vertex -18.125 3.24759 40.49
    endloop
  endfacet
  facet normal -0.555528 -0.831498 -0
    outer loop
      vertex -17.7171 2.97507 40.49
      vertex -18.125 3.24759 38
      vertex -17.7171 2.97507 38
    endloop
  endfacet
  facet normal 0.751759 -0.659438 -3.82772e-19
    outer loop
      vertex -22.9751 2.28286 40.49
      vertex -22.6516 2.65165 38
      vertex -22.6516 2.65165 40.49
    endloop
  endfacet
  facet normal 0.751759 -0.659438 -3.82772e-19
    outer loop
      vertex -22.6516 2.65165 38
      vertex -22.9751 2.28286 40.49
      vertex -22.9751 2.28286 38
    endloop
  endfacet
  facet normal 0.980784 -0.195097 -2.4494e-18
    outer loop
      vertex -23.7179 0.489472 40.49
      vertex -23.6222 0.970571 38
      vertex -23.6222 0.970571 40.49
    endloop
  endfacet
  facet normal 0.980784 -0.195097 -2.4494e-18
    outer loop
      vertex -23.6222 0.970571 38
      vertex -23.7179 0.489472 40.49
      vertex -23.7179 0.489472 38
    endloop
  endfacet
  facet normal 0 0 -1
    outer loop
      vertex -18.575 0 40.49
      vertex -16.25 0 40.49
      vertex -16.2821 -0.489472 40.49
    endloop
  endfacet
  facet normal 0 0 -1
    outer loop
      vertex -18.5872 -0.185999 40.49
      vertex -16.2821 -0.489472 40.49
      vertex -16.3778 -0.970571 40.49
    endloop
  endfacet
  facet normal 0 0 -1
    outer loop
      vertex -16.25 0 40.49
      vertex -18.575 0 40.49
      vertex -16.2821 0.489472 40.49
    endloop
  endfacet
  facet normal 0 0 -1
    outer loop
      vertex -18.6236 -0.368816 40.49
      vertex -16.3778 -0.970571 40.49
      vertex -16.5354 -1.43506 40.49
    endloop
  endfacet
  facet normal 0 0 -1
    outer loop
      vertex -18.5872 0.185999 40.49
      vertex -16.2821 0.489472 40.49
      vertex -18.575 0 40.49
    endloop
  endfacet
  facet normal 0 0 -1
    outer loop
      vertex -18.6835 -0.545323 40.49
      vertex -16.5354 -1.43506 40.49
      vertex -16.7524 -1.875 40.49
    endloop
  endfacet
  facet normal -0 0 -1
    outer loop
      vertex -16.2821 0.489472 40.49
      vertex -18.5872 0.185999 40.49
      vertex -16.3778 0.970571 40.49
    endloop
  endfacet
  facet normal 0 0 -1
    outer loop
      vertex -18.7659 -0.7125 40.49
      vertex -16.7524 -1.875 40.49
      vertex -17.0249 -2.28286 40.49
    endloop
  endfacet
  facet normal 0 0 -1
    outer loop
      vertex -18.6236 0.368816 40.49
      vertex -16.3778 0.970571 40.49
      vertex -18.5872 0.185999 40.49
    endloop
  endfacet
  facet normal 0 0 -1
    outer loop
      vertex -18.8695 -0.867484 40.49
      vertex -17.0249 -2.28286 40.49
      vertex -17.3483 -2.65165 40.49
    endloop
  endfacet
  facet normal -0 0 -1
    outer loop
      vertex -16.3778 0.970571 40.49
      vertex -18.6236 0.368816 40.49
      vertex -16.5354 1.43506 40.49
    endloop
  endfacet
  facet normal 0 0 -1
    outer loop
      vertex -18.9924 -1.00763 40.49
      vertex -17.3483 -2.65165 40.49
      vertex -17.7171 -2.97507 40.49
    endloop
  endfacet
  facet normal 0 0 -1
    outer loop
      vertex -18.6835 0.545323 40.49
      vertex -16.5354 1.43506 40.49
      vertex -18.6236 0.368816 40.49
    endloop
  endfacet
  facet normal 0 0 -1
    outer loop
      vertex -19.1325 -1.13053 40.49
      vertex -17.7171 -2.97507 40.49
      vertex -18.125 -3.24759 40.49
    endloop
  endfacet
  facet normal -0 0 -1
    outer loop
      vertex -16.5354 1.43506 40.49
      vertex -18.6835 0.545323 40.49
      vertex -16.7524 1.875 40.49
    endloop
  endfacet
  facet normal 0 0 -1
    outer loop
      vertex -19.2875 -1.23409 40.49
      vertex -18.125 -3.24759 40.49
      vertex -18.5649 -3.46455 40.49
    endloop
  endfacet
  facet normal 0 0 -1
    outer loop
      vertex -18.7659 0.7125 40.49
      vertex -16.7524 1.875 40.49
      vertex -18.6835 0.545323 40.49
    endloop
  endfacet
  facet normal -0 0 -1
    outer loop
      vertex -16.7524 1.875 40.49
      vertex -18.7659 0.7125 40.49
      vertex -17.0249 2.28286 40.49
    endloop
  endfacet
  facet normal 0 0 -1
    outer loop
      vertex -16.2821 -0.489472 40.49
      vertex -18.5872 -0.185999 40.49
      vertex -18.575 0 40.49
    endloop
  endfacet
  facet normal 0 0 -1
    outer loop
      vertex -16.3778 -0.970571 40.49
      vertex -18.6236 -0.368816 40.49
      vertex -18.5872 -0.185999 40.49
    endloop
  endfacet
  facet normal 0 0 -1
    outer loop
      vertex -16.5354 -1.43506 40.49
      vertex -18.6835 -0.545323 40.49
      vertex -18.6236 -0.368816 40.49
    endloop
  endfacet
  facet normal 0 0 -1
    outer loop
      vertex -16.7524 -1.875 40.49
      vertex -18.7659 -0.7125 40.49
      vertex -18.6835 -0.545323 40.49
    endloop
  endfacet
  facet normal 0 0 -1
    outer loop
      vertex -17.0249 -2.28286 40.49
      vertex -18.8695 -0.867484 40.49
      vertex -18.7659 -0.7125 40.49
    endloop
  endfacet
  facet normal 0 0 -1
    outer loop
      vertex -17.3483 -2.65165 40.49
      vertex -18.9924 -1.00763 40.49
      vertex -18.8695 -0.867484 40.49
    endloop
  endfacet
  facet normal 0 0 -1
    outer loop
      vertex -19.4547 -1.31653 40.49
      vertex -18.5649 -3.46455 40.49
      vertex -19.0294 -3.62222 40.49
    endloop
  endfacet
  facet normal 0 0 -1
    outer loop
      vertex -17.7171 -2.97507 40.49
      vertex -19.1325 -1.13053 40.49
      vertex -18.9924 -1.00763 40.49
    endloop
  endfacet
  facet normal 0 0 -1
    outer loop
      vertex -18.125 -3.24759 40.49
      vertex -19.2875 -1.23409 40.49
      vertex -19.1325 -1.13053 40.49
    endloop
  endfacet
  facet normal 0 0 -1
    outer loop
      vertex -18.5649 -3.46455 40.49
      vertex -19.4547 -1.31653 40.49
      vertex -19.2875 -1.23409 40.49
    endloop
  endfacet
  facet normal 0 0 -1
    outer loop
      vertex -19.6312 -1.37644 40.49
      vertex -19.0294 -3.62222 40.49
      vertex -19.5105 -3.71792 40.49
    endloop
  endfacet
  facet normal 0 0 -1
    outer loop
      vertex -19.0294 -3.62222 40.49
      vertex -19.6312 -1.37644 40.49
      vertex -19.4547 -1.31653 40.49
    endloop
  endfacet
  facet normal 0 0 -1
    outer loop
      vertex -19.5105 -3.71792 40.49
      vertex -19.814 -1.41281 40.49
      vertex -19.6312 -1.37644 40.49
    endloop
  endfacet
  facet normal 0 0 -1
    outer loop
      vertex -20 -3.75 40.49
      vertex -19.814 -1.41281 40.49
      vertex -19.5105 -3.71792 40.49
    endloop
  endfacet
  facet normal 0 0 -1
    outer loop
      vertex -20 -3.75 40.49
      vertex -20 -1.425 40.49
      vertex -19.814 -1.41281 40.49
    endloop
  endfacet
  facet normal 0 0 -1
    outer loop
      vertex -20 -3.75 40.49
      vertex -20.186 -1.41281 40.49
      vertex -20 -1.425 40.49
    endloop
  endfacet
  facet normal 0 0 -1
    outer loop
      vertex -20.4895 -3.71792 40.49
      vertex -20.186 -1.41281 40.49
      vertex -20 -3.75 40.49
    endloop
  endfacet
  facet normal -0 0 -1
    outer loop
      vertex -20.186 -1.41281 40.49
      vertex -20.4895 -3.71792 40.49
      vertex -20.3688 -1.37644 40.49
    endloop
  endfacet
  facet normal 0 0 -1
    outer loop
      vertex -20.9706 -3.62222 40.49
      vertex -20.3688 -1.37644 40.49
      vertex -20.4895 -3.71792 40.49
    endloop
  endfacet
  facet normal -0 0 -1
    outer loop
      vertex -20.3688 -1.37644 40.49
      vertex -20.9706 -3.62222 40.49
      vertex -20.5453 -1.31653 40.49
    endloop
  endfacet
  facet normal 0 0 -1
    outer loop
      vertex -21.4351 -3.46455 40.49
      vertex -20.5453 -1.31653 40.49
      vertex -20.9706 -3.62222 40.49
    endloop
  endfacet
  facet normal -0 0 -1
    outer loop
      vertex -20.5453 -1.31653 40.49
      vertex -21.4351 -3.46455 40.49
      vertex -20.7125 -1.23409 40.49
    endloop
  endfacet
  facet normal 0 0 -1
    outer loop
      vertex -21.875 -3.24759 40.49
      vertex -20.7125 -1.23409 40.49
      vertex -21.4351 -3.46455 40.49
    endloop
  endfacet
  facet normal -0 0 -1
    outer loop
      vertex -20.7125 -1.23409 40.49
      vertex -21.875 -3.24759 40.49
      vertex -20.8675 -1.13053 40.49
    endloop
  endfacet
  facet normal 0 0 -1
    outer loop
      vertex -22.2829 -2.97507 40.49
      vertex -20.8675 -1.13053 40.49
      vertex -21.875 -3.24759 40.49
    endloop
  endfacet
  facet normal -0 0 -1
    outer loop
      vertex -20.8675 -1.13053 40.49
      vertex -22.2829 -2.97507 40.49
      vertex -21.0076 -1.00763 40.49
    endloop
  endfacet
  facet normal 0 0 -1
    outer loop
      vertex -22.6516 -2.65165 40.49
      vertex -21.0076 -1.00763 40.49
      vertex -22.2829 -2.97507 40.49
    endloop
  endfacet
  facet normal -0 0 -1
    outer loop
      vertex -21.0076 -1.00763 40.49
      vertex -22.6516 -2.65165 40.49
      vertex -21.1305 -0.867484 40.49
    endloop
  endfacet
  facet normal -0 0 -1
    outer loop
      vertex -21.1305 -0.867484 40.49
      vertex -22.9751 -2.28286 40.49
      vertex -21.2341 -0.7125 40.49
    endloop
  endfacet
  facet normal 0 0 -1
    outer loop
      vertex -22.9751 -2.28286 40.49
      vertex -21.1305 -0.867484 40.49
      vertex -22.6516 -2.65165 40.49
    endloop
  endfacet
  facet normal 0 0 -1
    outer loop
      vertex -18.8695 0.867484 40.49
      vertex -17.0249 2.28286 40.49
      vertex -18.7659 0.7125 40.49
    endloop
  endfacet
  facet normal -0 0 -1
    outer loop
      vertex -17.0249 2.28286 40.49
      vertex -18.8695 0.867484 40.49
      vertex -17.3483 2.65165 40.49
    endloop
  endfacet
  facet normal 0 0 -1
    outer loop
      vertex -18.9924 1.00763 40.49
      vertex -17.3483 2.65165 40.49
      vertex -18.8695 0.867484 40.49
    endloop
  endfacet
  facet normal -0 0 -1
    outer loop
      vertex -17.3483 2.65165 40.49
      vertex -18.9924 1.00763 40.49
      vertex -17.7171 2.97507 40.49
    endloop
  endfacet
  facet normal 0 0 -1
    outer loop
      vertex -19.1325 1.13053 40.49
      vertex -17.7171 2.97507 40.49
      vertex -18.9924 1.00763 40.49
    endloop
  endfacet
  facet normal -0 0 -1
    outer loop
      vertex -17.7171 2.97507 40.49
      vertex -19.1325 1.13053 40.49
      vertex -18.125 3.24759 40.49
    endloop
  endfacet
  facet normal 0 0 -1
    outer loop
      vertex -19.2875 1.23409 40.49
      vertex -18.125 3.24759 40.49
      vertex -19.1325 1.13053 40.49
    endloop
  endfacet
  facet normal -0 0 -1
    outer loop
      vertex -18.125 3.24759 40.49
      vertex -19.2875 1.23409 40.49
      vertex -18.5649 3.46455 40.49
    endloop
  endfacet
  facet normal 0 0 -1
    outer loop
      vertex -19.4547 1.31653 40.49
      vertex -18.5649 3.46455 40.49
      vertex -19.2875 1.23409 40.49
    endloop
  endfacet
  facet normal -0 0 -1
    outer loop
      vertex -18.5649 3.46455 40.49
      vertex -19.4547 1.31653 40.49
      vertex -19.0294 3.62222 40.49
    endloop
  endfacet
  facet normal 0 0 -1
    outer loop
      vertex -19.6312 1.37644 40.49
      vertex -19.0294 3.62222 40.49
      vertex -19.4547 1.31653 40.49
    endloop
  endfacet
  facet normal -0 0 -1
    outer loop
      vertex -19.0294 3.62222 40.49
      vertex -19.6312 1.37644 40.49
      vertex -19.5105 3.71792 40.49
    endloop
  endfacet
  facet normal 0 0 -1
    outer loop
      vertex -19.814 1.41281 40.49
      vertex -19.5105 3.71792 40.49
      vertex -19.6312 1.37644 40.49
    endloop
  endfacet
  facet normal 0 0 -1
    outer loop
      vertex -20 1.425 40.49
      vertex -19.5105 3.71792 40.49
      vertex -19.814 1.41281 40.49
    endloop
  endfacet
  facet normal 0 0 -1
    outer loop
      vertex -20 1.425 40.49
      vertex -20 3.75 40.49
      vertex -19.5105 3.71792 40.49
    endloop
  endfacet
  facet normal 0 0 -1
    outer loop
      vertex -20.186 1.41281 40.49
      vertex -20 3.75 40.49
      vertex -20 1.425 40.49
    endloop
  endfacet
  facet normal 0 0 -1
    outer loop
      vertex -20.4895 3.71792 40.49
      vertex -20.186 1.41281 40.49
      vertex -20.3688 1.37644 40.49
    endloop
  endfacet
  facet normal 0 0 -1
    outer loop
      vertex -20.186 1.41281 40.49
      vertex -20.4895 3.71792 40.49
      vertex -20 3.75 40.49
    endloop
  endfacet
  facet normal 0 0 -1
    outer loop
      vertex -20.9706 3.62222 40.49
      vertex -20.3688 1.37644 40.49
      vertex -20.5453 1.31653 40.49
    endloop
  endfacet
  facet normal 0 0 -1
    outer loop
      vertex -21.4351 3.46455 40.49
      vertex -20.5453 1.31653 40.49
      vertex -20.7125 1.23409 40.49
    endloop
  endfacet
  facet normal 0 0 -1
    outer loop
      vertex -21.875 3.24759 40.49
      vertex -20.7125 1.23409 40.49
      vertex -20.8675 1.13053 40.49
    endloop
  endfacet
  facet normal 0 0 -1
    outer loop
      vertex -20.3688 1.37644 40.49
      vertex -20.9706 3.62222 40.49
      vertex -20.4895 3.71792 40.49
    endloop
  endfacet
  facet normal 0 0 -1
    outer loop
      vertex -22.2829 2.97507 40.49
      vertex -20.8675 1.13053 40.49
      vertex -21.0076 1.00763 40.49
    endloop
  endfacet
  facet normal 0 0 -1
    outer loop
      vertex -22.6516 2.65165 40.49
      vertex -21.0076 1.00763 40.49
      vertex -21.1305 0.867484 40.49
    endloop
  endfacet
  facet normal 0 0 -1
    outer loop
      vertex -22.9751 2.28286 40.49
      vertex -21.1305 0.867484 40.49
      vertex -21.2341 0.7125 40.49
    endloop
  endfacet
  facet normal 0 0 -1
    outer loop
      vertex -23.2476 1.875 40.49
      vertex -21.2341 0.7125 40.49
      vertex -21.3165 0.545323 40.49
    endloop
  endfacet
  facet normal 0 0 -1
    outer loop
      vertex -23.4645 1.43506 40.49
      vertex -21.3165 0.545323 40.49
      vertex -21.3764 0.368816 40.49
    endloop
  endfacet
  facet normal 0 0 -1
    outer loop
      vertex -23.6222 0.970571 40.49
      vertex -21.3764 0.368816 40.49
      vertex -21.4128 0.185999 40.49
    endloop
  endfacet
  facet normal 0 0 -1
    outer loop
      vertex -20.5453 1.31653 40.49
      vertex -21.4351 3.46455 40.49
      vertex -20.9706 3.62222 40.49
    endloop
  endfacet
  facet normal 0 0 -1
    outer loop
      vertex -23.7179 0.489472 40.49
      vertex -21.4128 0.185999 40.49
      vertex -21.425 0 40.49
    endloop
  endfacet
  facet normal 0 0 -1
    outer loop
      vertex -23.2476 -1.875 40.49
      vertex -21.2341 -0.7125 40.49
      vertex -22.9751 -2.28286 40.49
    endloop
  endfacet
  facet normal -0 0 -1
    outer loop
      vertex -21.2341 -0.7125 40.49
      vertex -23.2476 -1.875 40.49
      vertex -21.3165 -0.545323 40.49
    endloop
  endfacet
  facet normal 0 0 -1
    outer loop
      vertex -20.7125 1.23409 40.49
      vertex -21.875 3.24759 40.49
      vertex -21.4351 3.46455 40.49
    endloop
  endfacet
  facet normal 0 0 -1
    outer loop
      vertex -23.4645 -1.43506 40.49
      vertex -21.3165 -0.545323 40.49
      vertex -23.2476 -1.875 40.49
    endloop
  endfacet
  facet normal 0 0 -1
    outer loop
      vertex -20.8675 1.13053 40.49
      vertex -22.2829 2.97507 40.49
      vertex -21.875 3.24759 40.49
    endloop
  endfacet
  facet normal -0 0 -1
    outer loop
      vertex -21.3165 -0.545323 40.49
      vertex -23.4645 -1.43506 40.49
      vertex -21.3764 -0.368816 40.49
    endloop
  endfacet
  facet normal 0 0 -1
    outer loop
      vertex -21.0076 1.00763 40.49
      vertex -22.6516 2.65165 40.49
      vertex -22.2829 2.97507 40.49
    endloop
  endfacet
  facet normal 0 0 -1
    outer loop
      vertex -23.6222 -0.970571 40.49
      vertex -21.3764 -0.368816 40.49
      vertex -23.4645 -1.43506 40.49
    endloop
  endfacet
  facet normal 0 0 -1
    outer loop
      vertex -21.1305 0.867484 40.49
      vertex -22.9751 2.28286 40.49
      vertex -22.6516 2.65165 40.49
    endloop
  endfacet
  facet normal -0 0 -1
    outer loop
      vertex -21.3764 -0.368816 40.49
      vertex -23.6222 -0.970571 40.49
      vertex -21.4128 -0.185999 40.49
    endloop
  endfacet
  facet normal 0 0 -1
    outer loop
      vertex -21.2341 0.7125 40.49
      vertex -23.2476 1.875 40.49
      vertex -22.9751 2.28286 40.49
    endloop
  endfacet
  facet normal 0 0 -1
    outer loop
      vertex -23.7179 -0.489472 40.49
      vertex -21.4128 -0.185999 40.49
      vertex -23.6222 -0.970571 40.49
    endloop
  endfacet
  facet normal 0 0 -1
    outer loop
      vertex -21.3165 0.545323 40.49
      vertex -23.4645 1.43506 40.49
      vertex -23.2476 1.875 40.49
    endloop
  endfacet
  facet normal -0 0 -1
    outer loop
      vertex -21.4128 -0.185999 40.49
      vertex -23.7179 -0.489472 40.49
      vertex -21.425 0 40.49
    endloop
  endfacet
  facet normal 0 0 -1
    outer loop
      vertex -21.3764 0.368816 40.49
      vertex -23.6222 0.970571 40.49
      vertex -23.4645 1.43506 40.49
    endloop
  endfacet
  facet normal 0 0 -1
    outer loop
      vertex -23.75 0 40.49
      vertex -21.425 0 40.49
      vertex -23.7179 -0.489472 40.49
    endloop
  endfacet
  facet normal 0 0 -1
    outer loop
      vertex -21.4128 0.185999 40.49
      vertex -23.7179 0.489472 40.49
      vertex -23.6222 0.970571 40.49
    endloop
  endfacet
  facet normal 0 0 -1
    outer loop
      vertex -21.425 0 40.49
      vertex -23.75 0 40.49
      vertex -23.7179 0.489472 40.49
    endloop
  endfacet
  facet normal 0.555528 -0.831498 0
    outer loop
      vertex -22.2829 2.97507 38
      vertex -21.875 3.24759 40.49
      vertex -22.2829 2.97507 40.49
    endloop
  endfacet
  facet normal 0.555528 -0.831498 0
    outer loop
      vertex -21.875 3.24759 40.49
      vertex -22.2829 2.97507 38
      vertex -21.875 3.24759 38
    endloop
  endfacet
  facet normal 0.065396 -0.997859 0
    outer loop
      vertex -20.4895 3.71792 38
      vertex -20 3.75 40.49
      vertex -20.4895 3.71792 40.49
    endloop
  endfacet
  facet normal 0.065396 -0.997859 0
    outer loop
      vertex -20 3.75 40.49
      vertex -20.4895 3.71792 38
      vertex -20 3.75 38
    endloop
  endfacet
  facet normal -0.44233 0.896852 0
    outer loop
      vertex -18.125 -3.24759 38
      vertex -18.5649 -3.46455 40.49
      vertex -18.125 -3.24759 40.49
    endloop
  endfacet
  facet normal -0.44233 0.896852 0
    outer loop
      vertex -18.5649 -3.46455 40.49
      vertex -18.125 -3.24759 38
      vertex -18.5649 -3.46455 38
    endloop
  endfacet
  facet normal -0.659336 0.751849 0
    outer loop
      vertex -17.3483 -2.65165 38
      vertex -17.7171 -2.97507 40.49
      vertex -17.3483 -2.65165 40.49
    endloop
  endfacet
  facet normal -0.659336 0.751849 0
    outer loop
      vertex -17.7171 -2.97507 40.49
      vertex -17.3483 -2.65165 38
      vertex -17.7171 -2.97507 38
    endloop
  endfacet
  facet normal -0.896836 0.442363 -5.14269e-18
    outer loop
      vertex -16.7524 -1.875 38
      vertex -16.5354 -1.43506 40.49
      vertex -16.5354 -1.43506 38
    endloop
  endfacet
  facet normal -0.896836 0.442363 -5.14269e-18
    outer loop
      vertex -16.5354 -1.43506 40.49
      vertex -16.7524 -1.875 38
      vertex -16.7524 -1.875 40.49
    endloop
  endfacet
  facet normal -0.75186 0.659323 -8.10031e-19
    outer loop
      vertex -17.3483 -2.65165 38
      vertex -17.0249 -2.28286 40.49
      vertex -17.0249 -2.28286 38
    endloop
  endfacet
  facet normal -0.75186 0.659323 -8.10031e-19
    outer loop
      vertex -17.0249 -2.28286 40.49
      vertex -17.3483 -2.65165 38
      vertex -17.3483 -2.65165 40.49
    endloop
  endfacet
  facet normal -0.831492 0.555537 -5.07643e-18
    outer loop
      vertex -17.0249 -2.28286 38
      vertex -16.7524 -1.875 40.49
      vertex -16.7524 -1.875 38
    endloop
  endfacet
  facet normal -0.831492 0.555537 -5.07643e-18
    outer loop
      vertex -16.7524 -1.875 40.49
      vertex -17.0249 -2.28286 38
      vertex -17.0249 -2.28286 40.49
    endloop
  endfacet
  facet normal 0.659437 0.75176 -0
    outer loop
      vertex -22.2829 -2.97507 38
      vertex -22.6516 -2.65165 40.49
      vertex -22.2829 -2.97507 40.49
    endloop
  endfacet
  facet normal 0.659437 0.75176 0
    outer loop
      vertex -22.6516 -2.65165 40.49
      vertex -22.2829 -2.97507 38
      vertex -22.6516 -2.65165 38
    endloop
  endfacet
  facet normal 0.555528 0.831498 -0
    outer loop
      vertex -21.875 -3.24759 38
      vertex -22.2829 -2.97507 40.49
      vertex -21.875 -3.24759 40.49
    endloop
  endfacet
  facet normal 0.555528 0.831498 0
    outer loop
      vertex -22.2829 -2.97507 40.49
      vertex -21.875 -3.24759 38
      vertex -22.2829 -2.97507 38
    endloop
  endfacet
  facet normal 0.195097 0.980784 -0
    outer loop
      vertex -20.4895 -3.71792 38
      vertex -20.9706 -3.62222 40.49
      vertex -20.4895 -3.71792 40.49
    endloop
  endfacet
  facet normal 0.195097 0.980784 0
    outer loop
      vertex -20.9706 -3.62222 40.49
      vertex -20.4895 -3.71792 38
      vertex -20.9706 -3.62222 38
    endloop
  endfacet
  facet normal 0.751759 0.659438 3.82772e-19
    outer loop
      vertex -22.6516 -2.65165 40.49
      vertex -22.9751 -2.28286 38
      vertex -22.9751 -2.28286 40.49
    endloop
  endfacet
  facet normal 0.751759 0.659438 3.82772e-19
    outer loop
      vertex -22.9751 -2.28286 38
      vertex -22.6516 -2.65165 40.49
      vertex -22.6516 -2.65165 38
    endloop
  endfacet
  facet normal 0.946913 0.321489 1.25382e-18
    outer loop
      vertex -23.4645 -1.43506 40.49
      vertex -23.6222 -0.970571 38
      vertex -23.6222 -0.970571 40.49
    endloop
  endfacet
  facet normal 0.946913 0.321489 1.25382e-18
    outer loop
      vertex -23.6222 -0.970571 38
      vertex -23.4645 -1.43506 40.49
      vertex -23.4645 -1.43506 38
    endloop
  endfacet
  facet normal 0.997856 0.0654403 5.32602e-19
    outer loop
      vertex -23.7179 -0.489472 40.49
      vertex -23.75 0 38
      vertex -23.75 0 40.49
    endloop
  endfacet
  facet normal 0.997856 0.0654403 5.32602e-19
    outer loop
      vertex -23.75 0 38
      vertex -23.7179 -0.489472 40.49
      vertex -23.7179 -0.489472 38
    endloop
  endfacet
  facet normal -0.321428 0.946934 0
    outer loop
      vertex -18.5649 -3.46455 38
      vertex -19.0294 -3.62222 40.49
      vertex -18.5649 -3.46455 40.49
    endloop
  endfacet
  facet normal -0.321428 0.946934 0
    outer loop
      vertex -19.0294 -3.62222 40.49
      vertex -18.5649 -3.46455 38
      vertex -19.0294 -3.62222 38
    endloop
  endfacet
  facet normal -0.555528 0.831498 0
    outer loop
      vertex -17.7171 -2.97507 38
      vertex -18.125 -3.24759 40.49
      vertex -17.7171 -2.97507 40.49
    endloop
  endfacet
  facet normal -0.555528 0.831498 0
    outer loop
      vertex -18.125 -3.24759 40.49
      vertex -17.7171 -2.97507 38
      vertex -18.125 -3.24759 38
    endloop
  endfacet
  facet normal -0.980784 0.195097 -2.4494e-18
    outer loop
      vertex -16.3778 -0.970571 38
      vertex -16.2821 -0.489472 40.49
      vertex -16.2821 -0.489472 38
    endloop
  endfacet
  facet normal -0.980784 0.195097 -2.4494e-18
    outer loop
      vertex -16.2821 -0.489472 40.49
      vertex -16.3778 -0.970571 38
      vertex -16.3778 -0.970571 40.49
    endloop
  endfacet
  facet normal -0.997856 0.0654403 -5.32602e-19
    outer loop
      vertex -16.2821 -0.489472 38
      vertex -16.25 0 40.49
      vertex -16.25 0 38
    endloop
  endfacet
  facet normal -0.997856 0.0654403 -5.32602e-19
    outer loop
      vertex -16.25 0 40.49
      vertex -16.2821 -0.489472 38
      vertex -16.2821 -0.489472 40.49
    endloop
  endfacet
  facet normal 0.980784 0.195097 2.4494e-18
    outer loop
      vertex -23.6222 -0.970571 40.49
      vertex -23.7179 -0.489472 38
      vertex -23.7179 -0.489472 40.49
    endloop
  endfacet
  facet normal 0.980784 0.195097 2.4494e-18
    outer loop
      vertex -23.7179 -0.489472 38
      vertex -23.6222 -0.970571 40.49
      vertex -23.6222 -0.970571 38
    endloop
  endfacet
  facet normal -0.896917 -0.442199 2.7186e-18
    outer loop
      vertex 23.4645 1.43506 38
      vertex 23.2476 1.875 40.49
      vertex 23.2476 1.875 38
    endloop
  endfacet
  facet normal -0.896917 -0.442199 2.7186e-18
    outer loop
      vertex 23.2476 1.875 40.49
      vertex 23.4645 1.43506 38
      vertex 23.4645 1.43506 40.49
    endloop
  endfacet
  facet normal 0.980784 -0.195097 -2.4494e-18
    outer loop
      vertex 16.2821 0.489472 40.49
      vertex 16.3778 0.970571 38
      vertex 16.3778 0.970571 40.49
    endloop
  endfacet
  facet normal 0.980784 -0.195097 -2.4494e-18
    outer loop
      vertex 16.3778 0.970571 38
      vertex 16.2821 0.489472 40.49
      vertex 16.2821 0.489472 38
    endloop
  endfacet
  facet normal -0.831492 -0.555537 5.07643e-18
    outer loop
      vertex 23.2476 1.875 38
      vertex 22.9751 2.28286 40.49
      vertex 22.9751 2.28286 38
    endloop
  endfacet
  facet normal -0.831492 -0.555537 5.07643e-18
    outer loop
      vertex 22.9751 2.28286 40.49
      vertex 23.2476 1.875 38
      vertex 23.2476 1.875 40.49
    endloop
  endfacet
  facet normal -0.321428 -0.946934 0
    outer loop
      vertex 20.9706 3.62222 38
      vertex 21.4351 3.46455 40.49
      vertex 20.9706 3.62222 40.49
    endloop
  endfacet
  facet normal -0.321428 -0.946934 -0
    outer loop
      vertex 21.4351 3.46455 40.49
      vertex 20.9706 3.62222 38
      vertex 21.4351 3.46455 38
    endloop
  endfacet
  facet normal 0.44233 -0.896852 0
    outer loop
      vertex 18.125 3.24759 38
      vertex 18.5649 3.46455 40.49
      vertex 18.125 3.24759 40.49
    endloop
  endfacet
  facet normal 0.44233 -0.896852 0
    outer loop
      vertex 18.5649 3.46455 40.49
      vertex 18.125 3.24759 38
      vertex 18.5649 3.46455 38
    endloop
  endfacet
  facet normal 0.946975 -0.321306 4.54955e-18
    outer loop
      vertex 16.3778 0.970571 40.49
      vertex 16.5354 1.43506 38
      vertex 16.5354 1.43506 40.49
    endloop
  endfacet
  facet normal 0.946975 -0.321306 4.54955e-18
    outer loop
      vertex 16.5354 1.43506 38
      vertex 16.3778 0.970571 40.49
      vertex 16.3778 0.970571 38
    endloop
  endfacet
  facet normal -0.997856 0.0654403 -5.32602e-19
    outer loop
      vertex 23.7179 -0.489472 38
      vertex 23.75 0 40.49
      vertex 23.75 0 38
    endloop
  endfacet
  facet normal -0.997856 0.0654403 -5.32602e-19
    outer loop
      vertex 23.75 0 40.49
      vertex 23.7179 -0.489472 38
      vertex 23.7179 -0.489472 40.49
    endloop
  endfacet
  facet normal -0.44233 0.896852 0
    outer loop
      vertex 21.875 -3.24759 38
      vertex 21.4351 -3.46455 40.49
      vertex 21.875 -3.24759 40.49
    endloop
  endfacet
  facet normal -0.44233 0.896852 0
    outer loop
      vertex 21.4351 -3.46455 40.49
      vertex 21.875 -3.24759 38
      vertex 21.4351 -3.46455 38
    endloop
  endfacet
  facet normal -0.659437 -0.75176 0
    outer loop
      vertex 22.2829 2.97507 38
      vertex 22.6516 2.65165 40.49
      vertex 22.2829 2.97507 40.49
    endloop
  endfacet
  facet normal -0.659437 -0.75176 -0
    outer loop
      vertex 22.6516 2.65165 40.49
      vertex 22.2829 2.97507 38
      vertex 22.6516 2.65165 38
    endloop
  endfacet
  facet normal 0.065396 -0.997859 0
    outer loop
      vertex 19.5105 3.71792 38
      vertex 20 3.75 40.49
      vertex 19.5105 3.71792 40.49
    endloop
  endfacet
  facet normal 0.065396 -0.997859 0
    outer loop
      vertex 20 3.75 40.49
      vertex 19.5105 3.71792 38
      vertex 20 3.75 38
    endloop
  endfacet
  facet normal 0.997856 0.0654403 5.32602e-19
    outer loop
      vertex 16.2821 -0.489472 40.49
      vertex 16.25 0 38
      vertex 16.25 0 40.49
    endloop
  endfacet
  facet normal 0.997856 0.0654403 5.32602e-19
    outer loop
      vertex 16.25 0 38
      vertex 16.2821 -0.489472 40.49
      vertex 16.2821 -0.489472 38
    endloop
  endfacet
  facet normal 0.831492 -0.555537 -5.07643e-18
    outer loop
      vertex 16.7524 1.875 40.49
      vertex 17.0249 2.28286 38
      vertex 17.0249 2.28286 40.49
    endloop
  endfacet
  facet normal 0.831492 -0.555537 -5.07643e-18
    outer loop
      vertex 17.0249 2.28286 38
      vertex 16.7524 1.875 40.49
      vertex 16.7524 1.875 38
    endloop
  endfacet
  facet normal 0.75186 -0.659323 -8.10031e-19
    outer loop
      vertex 17.0249 2.28286 40.49
      vertex 17.3483 2.65165 38
      vertex 17.3483 2.65165 40.49
    endloop
  endfacet
  facet normal 0.75186 -0.659323 -8.10031e-19
    outer loop
      vertex 17.3483 2.65165 38
      vertex 17.0249 2.28286 40.49
      vertex 17.0249 2.28286 38
    endloop
  endfacet
  facet normal -0.997856 -0.0654403 5.32602e-19
    outer loop
      vertex 23.75 0 38
      vertex 23.7179 0.489472 40.49
      vertex 23.7179 0.489472 38
    endloop
  endfacet
  facet normal -0.997856 -0.0654403 5.32602e-19
    outer loop
      vertex 23.7179 0.489472 40.49
      vertex 23.75 0 38
      vertex 23.75 0 40.49
    endloop
  endfacet
  facet normal -0.946913 0.321489 -1.25382e-18
    outer loop
      vertex 23.4645 -1.43506 38
      vertex 23.6222 -0.970571 40.49
      vertex 23.6222 -0.970571 38
    endloop
  endfacet
  facet normal -0.946913 0.321489 -1.25382e-18
    outer loop
      vertex 23.6222 -0.970571 40.49
      vertex 23.4645 -1.43506 38
      vertex 23.4645 -1.43506 40.49
    endloop
  endfacet
  facet normal -0.321428 0.946934 0
    outer loop
      vertex 21.4351 -3.46455 38
      vertex 20.9706 -3.62222 40.49
      vertex 21.4351 -3.46455 40.49
    endloop
  endfacet
  facet normal -0.321428 0.946934 0
    outer loop
      vertex 20.9706 -3.62222 40.49
      vertex 21.4351 -3.46455 38
      vertex 20.9706 -3.62222 38
    endloop
  endfacet
  facet normal -0.980784 -0.195097 2.4494e-18
    outer loop
      vertex 23.7179 0.489472 38
      vertex 23.6222 0.970571 40.49
      vertex 23.6222 0.970571 38
    endloop
  endfacet
  facet normal -0.980784 -0.195097 2.4494e-18
    outer loop
      vertex 23.6222 0.970571 40.49
      vertex 23.7179 0.489472 38
      vertex 23.7179 0.489472 40.49
    endloop
  endfacet
  facet normal -0.946913 -0.321489 1.25382e-18
    outer loop
      vertex 23.6222 0.970571 38
      vertex 23.4645 1.43506 40.49
      vertex 23.4645 1.43506 38
    endloop
  endfacet
  facet normal -0.946913 -0.321489 1.25382e-18
    outer loop
      vertex 23.4645 1.43506 40.49
      vertex 23.6222 0.970571 38
      vertex 23.6222 0.970571 40.49
    endloop
  endfacet
  facet normal -0.751759 -0.659438 3.82772e-19
    outer loop
      vertex 22.9751 2.28286 38
      vertex 22.6516 2.65165 40.49
      vertex 22.6516 2.65165 38
    endloop
  endfacet
  facet normal -0.751759 -0.659438 3.82772e-19
    outer loop
      vertex 22.6516 2.65165 40.49
      vertex 22.9751 2.28286 38
      vertex 22.9751 2.28286 40.49
    endloop
  endfacet
  facet normal -0.195097 -0.980784 0
    outer loop
      vertex 20.4895 3.71792 38
      vertex 20.9706 3.62222 40.49
      vertex 20.4895 3.71792 40.49
    endloop
  endfacet
  facet normal -0.195097 -0.980784 -0
    outer loop
      vertex 20.9706 3.62222 40.49
      vertex 20.4895 3.71792 38
      vertex 20.9706 3.62222 38
    endloop
  endfacet
  facet normal -0.065396 -0.997859 0
    outer loop
      vertex 20 3.75 38
      vertex 20.4895 3.71792 40.49
      vertex 20 3.75 40.49
    endloop
  endfacet
  facet normal -0.065396 -0.997859 -0
    outer loop
      vertex 20.4895 3.71792 40.49
      vertex 20 3.75 38
      vertex 20.4895 3.71792 38
    endloop
  endfacet
  facet normal -0.555528 -0.831498 0
    outer loop
      vertex 21.875 3.24759 38
      vertex 22.2829 2.97507 40.49
      vertex 21.875 3.24759 40.49
    endloop
  endfacet
  facet normal -0.555528 -0.831498 -0
    outer loop
      vertex 22.2829 2.97507 40.49
      vertex 21.875 3.24759 38
      vertex 22.2829 2.97507 38
    endloop
  endfacet
  facet normal -0.44233 -0.896852 0
    outer loop
      vertex 21.4351 3.46455 38
      vertex 21.875 3.24759 40.49
      vertex 21.4351 3.46455 40.49
    endloop
  endfacet
  facet normal -0.44233 -0.896852 -0
    outer loop
      vertex 21.875 3.24759 40.49
      vertex 21.4351 3.46455 38
      vertex 21.875 3.24759 38
    endloop
  endfacet
  facet normal 0.997856 -0.0654403 -5.32602e-19
    outer loop
      vertex 16.25 0 40.49
      vertex 16.2821 0.489472 38
      vertex 16.2821 0.489472 40.49
    endloop
  endfacet
  facet normal 0.997856 -0.0654403 -5.32602e-19
    outer loop
      vertex 16.2821 0.489472 38
      vertex 16.25 0 40.49
      vertex 16.25 0 38
    endloop
  endfacet
  facet normal 0.896836 -0.442363 -5.14269e-18
    outer loop
      vertex 16.5354 1.43506 40.49
      vertex 16.7524 1.875 38
      vertex 16.7524 1.875 40.49
    endloop
  endfacet
  facet normal 0.896836 -0.442363 -5.14269e-18
    outer loop
      vertex 16.7524 1.875 38
      vertex 16.5354 1.43506 40.49
      vertex 16.5354 1.43506 38
    endloop
  endfacet
  facet normal 0.195097 -0.980784 0
    outer loop
      vertex 19.0294 3.62222 38
      vertex 19.5105 3.71792 40.49
      vertex 19.0294 3.62222 40.49
    endloop
  endfacet
  facet normal 0.195097 -0.980784 0
    outer loop
      vertex 19.5105 3.71792 40.49
      vertex 19.0294 3.62222 38
      vertex 19.5105 3.71792 38
    endloop
  endfacet
  facet normal 0.321428 -0.946934 0
    outer loop
      vertex 18.5649 3.46455 38
      vertex 19.0294 3.62222 40.49
      vertex 18.5649 3.46455 40.49
    endloop
  endfacet
  facet normal 0.321428 -0.946934 0
    outer loop
      vertex 19.0294 3.62222 40.49
      vertex 18.5649 3.46455 38
      vertex 19.0294 3.62222 38
    endloop
  endfacet
  facet normal 0.555528 -0.831498 0
    outer loop
      vertex 17.7171 2.97507 38
      vertex 18.125 3.24759 40.49
      vertex 17.7171 2.97507 40.49
    endloop
  endfacet
  facet normal 0.555528 -0.831498 0
    outer loop
      vertex 18.125 3.24759 40.49
      vertex 17.7171 2.97507 38
      vertex 18.125 3.24759 38
    endloop
  endfacet
  facet normal 0.659336 -0.751849 0
    outer loop
      vertex 17.3483 2.65165 38
      vertex 17.7171 2.97507 40.49
      vertex 17.3483 2.65165 40.49
    endloop
  endfacet
  facet normal 0.659336 -0.751849 0
    outer loop
      vertex 17.7171 2.97507 40.49
      vertex 17.3483 2.65165 38
      vertex 17.7171 2.97507 38
    endloop
  endfacet
  facet normal -0.980784 0.195097 -2.4494e-18
    outer loop
      vertex 23.6222 -0.970571 38
      vertex 23.7179 -0.489472 40.49
      vertex 23.7179 -0.489472 38
    endloop
  endfacet
  facet normal -0.980784 0.195097 -2.4494e-18
    outer loop
      vertex 23.7179 -0.489472 40.49
      vertex 23.6222 -0.970571 38
      vertex 23.6222 -0.970571 40.49
    endloop
  endfacet
  facet normal -0.896917 0.442199 -2.7186e-18
    outer loop
      vertex 23.2476 -1.875 38
      vertex 23.4645 -1.43506 40.49
      vertex 23.4645 -1.43506 38
    endloop
  endfacet
  facet normal -0.896917 0.442199 -2.7186e-18
    outer loop
      vertex 23.4645 -1.43506 40.49
      vertex 23.2476 -1.875 38
      vertex 23.2476 -1.875 40.49
    endloop
  endfacet
  facet normal 0.980784 0.195097 2.4494e-18
    outer loop
      vertex 16.3778 -0.970571 40.49
      vertex 16.2821 -0.489472 38
      vertex 16.2821 -0.489472 40.49
    endloop
  endfacet
  facet normal 0.980784 0.195097 2.4494e-18
    outer loop
      vertex 16.2821 -0.489472 38
      vertex 16.3778 -0.970571 40.49
      vertex 16.3778 -0.970571 38
    endloop
  endfacet
  facet normal -0.195097 0.980784 0
    outer loop
      vertex 20.9706 -3.62222 38
      vertex 20.4895 -3.71792 40.49
      vertex 20.9706 -3.62222 40.49
    endloop
  endfacet
  facet normal -0.195097 0.980784 0
    outer loop
      vertex 20.4895 -3.71792 40.49
      vertex 20.9706 -3.62222 38
      vertex 20.4895 -3.71792 38
    endloop
  endfacet
  facet normal 0 0 -1
    outer loop
      vertex 21.425 0 40.49
      vertex 23.75 0 40.49
      vertex 23.7179 -0.489472 40.49
    endloop
  endfacet
  facet normal 0 0 -1
    outer loop
      vertex 21.4128 -0.185999 40.49
      vertex 23.7179 -0.489472 40.49
      vertex 23.6222 -0.970571 40.49
    endloop
  endfacet
  facet normal 0 0 -1
    outer loop
      vertex 23.75 0 40.49
      vertex 21.425 0 40.49
      vertex 23.7179 0.489472 40.49
    endloop
  endfacet
  facet normal 0 0 -1
    outer loop
      vertex 21.3764 -0.368816 40.49
      vertex 23.6222 -0.970571 40.49
      vertex 23.4645 -1.43506 40.49
    endloop
  endfacet
  facet normal 0 0 -1
    outer loop
      vertex 21.4128 0.185999 40.49
      vertex 23.7179 0.489472 40.49
      vertex 21.425 0 40.49
    endloop
  endfacet
  facet normal 0 0 -1
    outer loop
      vertex 21.3165 -0.545323 40.49
      vertex 23.4645 -1.43506 40.49
      vertex 23.2476 -1.875 40.49
    endloop
  endfacet
  facet normal -0 0 -1
    outer loop
      vertex 23.7179 0.489472 40.49
      vertex 21.4128 0.185999 40.49
      vertex 23.6222 0.970571 40.49
    endloop
  endfacet
  facet normal 0 0 -1
    outer loop
      vertex 21.2341 -0.7125 40.49
      vertex 23.2476 -1.875 40.49
      vertex 22.9751 -2.28286 40.49
    endloop
  endfacet
  facet normal 0 0 -1
    outer loop
      vertex 21.3764 0.368816 40.49
      vertex 23.6222 0.970571 40.49
      vertex 21.4128 0.185999 40.49
    endloop
  endfacet
  facet normal 0 0 -1
    outer loop
      vertex 21.1305 -0.867484 40.49
      vertex 22.9751 -2.28286 40.49
      vertex 22.6516 -2.65165 40.49
    endloop
  endfacet
  facet normal -0 0 -1
    outer loop
      vertex 23.6222 0.970571 40.49
      vertex 21.3764 0.368816 40.49
      vertex 23.4645 1.43506 40.49
    endloop
  endfacet
  facet normal 0 0 -1
    outer loop
      vertex 21.0076 -1.00763 40.49
      vertex 22.6516 -2.65165 40.49
      vertex 22.2829 -2.97507 40.49
    endloop
  endfacet
  facet normal 0 0 -1
    outer loop
      vertex 21.3165 0.545323 40.49
      vertex 23.4645 1.43506 40.49
      vertex 21.3764 0.368816 40.49
    endloop
  endfacet
  facet normal 0 0 -1
    outer loop
      vertex 20.8675 -1.13053 40.49
      vertex 22.2829 -2.97507 40.49
      vertex 21.875 -3.24759 40.49
    endloop
  endfacet
  facet normal -0 0 -1
    outer loop
      vertex 23.4645 1.43506 40.49
      vertex 21.3165 0.545323 40.49
      vertex 23.2476 1.875 40.49
    endloop
  endfacet
  facet normal 0 0 -1
    outer loop
      vertex 20.7125 -1.23409 40.49
      vertex 21.875 -3.24759 40.49
      vertex 21.4351 -3.46455 40.49
    endloop
  endfacet
  facet normal 0 0 -1
    outer loop
      vertex 21.2341 0.7125 40.49
      vertex 23.2476 1.875 40.49
      vertex 21.3165 0.545323 40.49
    endloop
  endfacet
  facet normal -0 0 -1
    outer loop
      vertex 23.2476 1.875 40.49
      vertex 21.2341 0.7125 40.49
      vertex 22.9751 2.28286 40.49
    endloop
  endfacet
  facet normal 0 0 -1
    outer loop
      vertex 23.7179 -0.489472 40.49
      vertex 21.4128 -0.185999 40.49
      vertex 21.425 0 40.49
    endloop
  endfacet
  facet normal 0 0 -1
    outer loop
      vertex 23.6222 -0.970571 40.49
      vertex 21.3764 -0.368816 40.49
      vertex 21.4128 -0.185999 40.49
    endloop
  endfacet
  facet normal 0 0 -1
    outer loop
      vertex 23.4645 -1.43506 40.49
      vertex 21.3165 -0.545323 40.49
      vertex 21.3764 -0.368816 40.49
    endloop
  endfacet
  facet normal 0 0 -1
    outer loop
      vertex 23.2476 -1.875 40.49
      vertex 21.2341 -0.7125 40.49
      vertex 21.3165 -0.545323 40.49
    endloop
  endfacet
  facet normal 0 0 -1
    outer loop
      vertex 22.9751 -2.28286 40.49
      vertex 21.1305 -0.867484 40.49
      vertex 21.2341 -0.7125 40.49
    endloop
  endfacet
  facet normal 0 0 -1
    outer loop
      vertex 22.6516 -2.65165 40.49
      vertex 21.0076 -1.00763 40.49
      vertex 21.1305 -0.867484 40.49
    endloop
  endfacet
  facet normal 0 0 -1
    outer loop
      vertex 20.5453 -1.31653 40.49
      vertex 21.4351 -3.46455 40.49
      vertex 20.9706 -3.62222 40.49
    endloop
  endfacet
  facet normal 0 0 -1
    outer loop
      vertex 22.2829 -2.97507 40.49
      vertex 20.8675 -1.13053 40.49
      vertex 21.0076 -1.00763 40.49
    endloop
  endfacet
  facet normal 0 0 -1
    outer loop
      vertex 21.875 -3.24759 40.49
      vertex 20.7125 -1.23409 40.49
      vertex 20.8675 -1.13053 40.49
    endloop
  endfacet
  facet normal 0 0 -1
    outer loop
      vertex 21.4351 -3.46455 40.49
      vertex 20.5453 -1.31653 40.49
      vertex 20.7125 -1.23409 40.49
    endloop
  endfacet
  facet normal 0 0 -1
    outer loop
      vertex 20.3688 -1.37644 40.49
      vertex 20.9706 -3.62222 40.49
      vertex 20.4895 -3.71792 40.49
    endloop
  endfacet
  facet normal 0 0 -1
    outer loop
      vertex 20.9706 -3.62222 40.49
      vertex 20.3688 -1.37644 40.49
      vertex 20.5453 -1.31653 40.49
    endloop
  endfacet
  facet normal 0 0 -1
    outer loop
      vertex 20.4895 -3.71792 40.49
      vertex 20.186 -1.41281 40.49
      vertex 20.3688 -1.37644 40.49
    endloop
  endfacet
  facet normal 0 0 -1
    outer loop
      vertex 20 -3.75 40.49
      vertex 20.186 -1.41281 40.49
      vertex 20.4895 -3.71792 40.49
    endloop
  endfacet
  facet normal 0 0 -1
    outer loop
      vertex 20 -3.75 40.49
      vertex 20 -1.425 40.49
      vertex 20.186 -1.41281 40.49
    endloop
  endfacet
  facet normal 0 0 -1
    outer loop
      vertex 20 -3.75 40.49
      vertex 19.814 -1.41281 40.49
      vertex 20 -1.425 40.49
    endloop
  endfacet
  facet normal 0 0 -1
    outer loop
      vertex 19.5105 -3.71792 40.49
      vertex 19.814 -1.41281 40.49
      vertex 20 -3.75 40.49
    endloop
  endfacet
  facet normal -0 0 -1
    outer loop
      vertex 19.814 -1.41281 40.49
      vertex 19.5105 -3.71792 40.49
      vertex 19.6312 -1.37644 40.49
    endloop
  endfacet
  facet normal 0 0 -1
    outer loop
      vertex 19.0294 -3.62222 40.49
      vertex 19.6312 -1.37644 40.49
      vertex 19.5105 -3.71792 40.49
    endloop
  endfacet
  facet normal -0 0 -1
    outer loop
      vertex 19.6312 -1.37644 40.49
      vertex 19.0294 -3.62222 40.49
      vertex 19.4547 -1.31653 40.49
    endloop
  endfacet
  facet normal 0 0 -1
    outer loop
      vertex 18.5649 -3.46455 40.49
      vertex 19.4547 -1.31653 40.49
      vertex 19.0294 -3.62222 40.49
    endloop
  endfacet
  facet normal -0 0 -1
    outer loop
      vertex 19.4547 -1.31653 40.49
      vertex 18.5649 -3.46455 40.49
      vertex 19.2875 -1.23409 40.49
    endloop
  endfacet
  facet normal 0 0 -1
    outer loop
      vertex 18.125 -3.24759 40.49
      vertex 19.2875 -1.23409 40.49
      vertex 18.5649 -3.46455 40.49
    endloop
  endfacet
  facet normal -0 0 -1
    outer loop
      vertex 19.2875 -1.23409 40.49
      vertex 18.125 -3.24759 40.49
      vertex 19.1325 -1.13053 40.49
    endloop
  endfacet
  facet normal 0 0 -1
    outer loop
      vertex 17.7171 -2.97507 40.49
      vertex 19.1325 -1.13053 40.49
      vertex 18.125 -3.24759 40.49
    endloop
  endfacet
  facet normal -0 0 -1
    outer loop
      vertex 19.1325 -1.13053 40.49
      vertex 17.7171 -2.97507 40.49
      vertex 18.9924 -1.00763 40.49
    endloop
  endfacet
  facet normal 0 0 -1
    outer loop
      vertex 17.3483 -2.65165 40.49
      vertex 18.9924 -1.00763 40.49
      vertex 17.7171 -2.97507 40.49
    endloop
  endfacet
  facet normal -0 0 -1
    outer loop
      vertex 18.9924 -1.00763 40.49
      vertex 17.3483 -2.65165 40.49
      vertex 18.8695 -0.867484 40.49
    endloop
  endfacet
  facet normal -0 0 -1
    outer loop
      vertex 18.8695 -0.867484 40.49
      vertex 17.0249 -2.28286 40.49
      vertex 18.7659 -0.7125 40.49
    endloop
  endfacet
  facet normal 0 0 -1
    outer loop
      vertex 17.0249 -2.28286 40.49
      vertex 18.8695 -0.867484 40.49
      vertex 17.3483 -2.65165 40.49
    endloop
  endfacet
  facet normal 0 0 -1
    outer loop
      vertex 21.1305 0.867484 40.49
      vertex 22.9751 2.28286 40.49
      vertex 21.2341 0.7125 40.49
    endloop
  endfacet
  facet normal -0 0 -1
    outer loop
      vertex 22.9751 2.28286 40.49
      vertex 21.1305 0.867484 40.49
      vertex 22.6516 2.65165 40.49
    endloop
  endfacet
  facet normal 0 0 -1
    outer loop
      vertex 21.0076 1.00763 40.49
      vertex 22.6516 2.65165 40.49
      vertex 21.1305 0.867484 40.49
    endloop
  endfacet
  facet normal -0 0 -1
    outer loop
      vertex 22.6516 2.65165 40.49
      vertex 21.0076 1.00763 40.49
      vertex 22.2829 2.97507 40.49
    endloop
  endfacet
  facet normal 0 0 -1
    outer loop
      vertex 20.8675 1.13053 40.49
      vertex 22.2829 2.97507 40.49
      vertex 21.0076 1.00763 40.49
    endloop
  endfacet
  facet normal -0 0 -1
    outer loop
      vertex 22.2829 2.97507 40.49
      vertex 20.8675 1.13053 40.49
      vertex 21.875 3.24759 40.49
    endloop
  endfacet
  facet normal 0 0 -1
    outer loop
      vertex 20.7125 1.23409 40.49
      vertex 21.875 3.24759 40.49
      vertex 20.8675 1.13053 40.49
    endloop
  endfacet
  facet normal -0 0 -1
    outer loop
      vertex 21.875 3.24759 40.49
      vertex 20.7125 1.23409 40.49
      vertex 21.4351 3.46455 40.49
    endloop
  endfacet
  facet normal 0 0 -1
    outer loop
      vertex 20.5453 1.31653 40.49
      vertex 21.4351 3.46455 40.49
      vertex 20.7125 1.23409 40.49
    endloop
  endfacet
  facet normal -0 0 -1
    outer loop
      vertex 21.4351 3.46455 40.49
      vertex 20.5453 1.31653 40.49
      vertex 20.9706 3.62222 40.49
    endloop
  endfacet
  facet normal 0 0 -1
    outer loop
      vertex 20.3688 1.37644 40.49
      vertex 20.9706 3.62222 40.49
      vertex 20.5453 1.31653 40.49
    endloop
  endfacet
  facet normal -0 0 -1
    outer loop
      vertex 20.9706 3.62222 40.49
      vertex 20.3688 1.37644 40.49
      vertex 20.4895 3.71792 40.49
    endloop
  endfacet
  facet normal 0 0 -1
    outer loop
      vertex 20.186 1.41281 40.49
      vertex 20.4895 3.71792 40.49
      vertex 20.3688 1.37644 40.49
    endloop
  endfacet
  facet normal 0 0 -1
    outer loop
      vertex 20 1.425 40.49
      vertex 20.4895 3.71792 40.49
      vertex 20.186 1.41281 40.49
    endloop
  endfacet
  facet normal 0 0 -1
    outer loop
      vertex 20 1.425 40.49
      vertex 20 3.75 40.49
      vertex 20.4895 3.71792 40.49
    endloop
  endfacet
  facet normal 0 0 -1
    outer loop
      vertex 19.814 1.41281 40.49
      vertex 20 3.75 40.49
      vertex 20 1.425 40.49
    endloop
  endfacet
  facet normal 0 0 -1
    outer loop
      vertex 19.5105 3.71792 40.49
      vertex 19.814 1.41281 40.49
      vertex 19.6312 1.37644 40.49
    endloop
  endfacet
  facet normal 0 0 -1
    outer loop
      vertex 19.814 1.41281 40.49
      vertex 19.5105 3.71792 40.49
      vertex 20 3.75 40.49
    endloop
  endfacet
  facet normal 0 0 -1
    outer loop
      vertex 19.0294 3.62222 40.49
      vertex 19.6312 1.37644 40.49
      vertex 19.4547 1.31653 40.49
    endloop
  endfacet
  facet normal 0 0 -1
    outer loop
      vertex 18.5649 3.46455 40.49
      vertex 19.4547 1.31653 40.49
      vertex 19.2875 1.23409 40.49
    endloop
  endfacet
  facet normal 0 0 -1
    outer loop
      vertex 18.125 3.24759 40.49
      vertex 19.2875 1.23409 40.49
      vertex 19.1325 1.13053 40.49
    endloop
  endfacet
  facet normal 0 0 -1
    outer loop
      vertex 19.6312 1.37644 40.49
      vertex 19.0294 3.62222 40.49
      vertex 19.5105 3.71792 40.49
    endloop
  endfacet
  facet normal 0 0 -1
    outer loop
      vertex 17.7171 2.97507 40.49
      vertex 19.1325 1.13053 40.49
      vertex 18.9924 1.00763 40.49
    endloop
  endfacet
  facet normal 0 0 -1
    outer loop
      vertex 17.3483 2.65165 40.49
      vertex 18.9924 1.00763 40.49
      vertex 18.8695 0.867484 40.49
    endloop
  endfacet
  facet normal 0 0 -1
    outer loop
      vertex 17.0249 2.28286 40.49
      vertex 18.8695 0.867484 40.49
      vertex 18.7659 0.7125 40.49
    endloop
  endfacet
  facet normal 0 0 -1
    outer loop
      vertex 16.7524 1.875 40.49
      vertex 18.7659 0.7125 40.49
      vertex 18.6835 0.545323 40.49
    endloop
  endfacet
  facet normal 0 0 -1
    outer loop
      vertex 16.5354 1.43506 40.49
      vertex 18.6835 0.545323 40.49
      vertex 18.6236 0.368816 40.49
    endloop
  endfacet
  facet normal 0 0 -1
    outer loop
      vertex 16.3778 0.970571 40.49
      vertex 18.6236 0.368816 40.49
      vertex 18.5872 0.185999 40.49
    endloop
  endfacet
  facet normal 0 0 -1
    outer loop
      vertex 19.4547 1.31653 40.49
      vertex 18.5649 3.46455 40.49
      vertex 19.0294 3.62222 40.49
    endloop
  endfacet
  facet normal 0 0 -1
    outer loop
      vertex 16.2821 0.489472 40.49
      vertex 18.5872 0.185999 40.49
      vertex 18.575 0 40.49
    endloop
  endfacet
  facet normal 0 0 -1
    outer loop
      vertex 16.7524 -1.875 40.49
      vertex 18.7659 -0.7125 40.49
      vertex 17.0249 -2.28286 40.49
    endloop
  endfacet
  facet normal -0 0 -1
    outer loop
      vertex 18.7659 -0.7125 40.49
      vertex 16.7524 -1.875 40.49
      vertex 18.6835 -0.545323 40.49
    endloop
  endfacet
  facet normal 0 0 -1
    outer loop
      vertex 19.2875 1.23409 40.49
      vertex 18.125 3.24759 40.49
      vertex 18.5649 3.46455 40.49
    endloop
  endfacet
  facet normal 0 0 -1
    outer loop
      vertex 16.5354 -1.43506 40.49
      vertex 18.6835 -0.545323 40.49
      vertex 16.7524 -1.875 40.49
    endloop
  endfacet
  facet normal 0 0 -1
    outer loop
      vertex 19.1325 1.13053 40.49
      vertex 17.7171 2.97507 40.49
      vertex 18.125 3.24759 40.49
    endloop
  endfacet
  facet normal -0 0 -1
    outer loop
      vertex 18.6835 -0.545323 40.49
      vertex 16.5354 -1.43506 40.49
      vertex 18.6236 -0.368816 40.49
    endloop
  endfacet
  facet normal 0 0 -1
    outer loop
      vertex 18.9924 1.00763 40.49
      vertex 17.3483 2.65165 40.49
      vertex 17.7171 2.97507 40.49
    endloop
  endfacet
  facet normal 0 0 -1
    outer loop
      vertex 16.3778 -0.970571 40.49
      vertex 18.6236 -0.368816 40.49
      vertex 16.5354 -1.43506 40.49
    endloop
  endfacet
  facet normal 0 0 -1
    outer loop
      vertex 18.8695 0.867484 40.49
      vertex 17.0249 2.28286 40.49
      vertex 17.3483 2.65165 40.49
    endloop
  endfacet
  facet normal -0 0 -1
    outer loop
      vertex 18.6236 -0.368816 40.49
      vertex 16.3778 -0.970571 40.49
      vertex 18.5872 -0.185999 40.49
    endloop
  endfacet
  facet normal 0 0 -1
    outer loop
      vertex 18.7659 0.7125 40.49
      vertex 16.7524 1.875 40.49
      vertex 17.0249 2.28286 40.49
    endloop
  endfacet
  facet normal 0 0 -1
    outer loop
      vertex 16.2821 -0.489472 40.49
      vertex 18.5872 -0.185999 40.49
      vertex 16.3778 -0.970571 40.49
    endloop
  endfacet
  facet normal 0 0 -1
    outer loop
      vertex 18.6835 0.545323 40.49
      vertex 16.5354 1.43506 40.49
      vertex 16.7524 1.875 40.49
    endloop
  endfacet
  facet normal -0 0 -1
    outer loop
      vertex 18.5872 -0.185999 40.49
      vertex 16.2821 -0.489472 40.49
      vertex 18.575 0 40.49
    endloop
  endfacet
  facet normal 0 0 -1
    outer loop
      vertex 18.6236 0.368816 40.49
      vertex 16.3778 0.970571 40.49
      vertex 16.5354 1.43506 40.49
    endloop
  endfacet
  facet normal 0 0 -1
    outer loop
      vertex 16.25 0 40.49
      vertex 18.575 0 40.49
      vertex 16.2821 -0.489472 40.49
    endloop
  endfacet
  facet normal 0 0 -1
    outer loop
      vertex 18.5872 0.185999 40.49
      vertex 16.2821 0.489472 40.49
      vertex 16.3778 0.970571 40.49
    endloop
  endfacet
  facet normal 0 0 -1
    outer loop
      vertex 18.575 0 40.49
      vertex 16.25 0 40.49
      vertex 16.2821 0.489472 40.49
    endloop
  endfacet
  facet normal -0.555528 0.831498 0
    outer loop
      vertex 22.2829 -2.97507 38
      vertex 21.875 -3.24759 40.49
      vertex 22.2829 -2.97507 40.49
    endloop
  endfacet
  facet normal -0.555528 0.831498 0
    outer loop
      vertex 21.875 -3.24759 40.49
      vertex 22.2829 -2.97507 38
      vertex 21.875 -3.24759 38
    endloop
  endfacet
  facet normal -0.751759 0.659438 -3.82772e-19
    outer loop
      vertex 22.6516 -2.65165 38
      vertex 22.9751 -2.28286 40.49
      vertex 22.9751 -2.28286 38
    endloop
  endfacet
  facet normal -0.751759 0.659438 -3.82772e-19
    outer loop
      vertex 22.9751 -2.28286 40.49
      vertex 22.6516 -2.65165 38
      vertex 22.6516 -2.65165 40.49
    endloop
  endfacet
  facet normal 0.321428 0.946934 -0
    outer loop
      vertex 19.0294 -3.62222 38
      vertex 18.5649 -3.46455 40.49
      vertex 19.0294 -3.62222 40.49
    endloop
  endfacet
  facet normal 0.321428 0.946934 0
    outer loop
      vertex 18.5649 -3.46455 40.49
      vertex 19.0294 -3.62222 38
      vertex 18.5649 -3.46455 38
    endloop
  endfacet
  facet normal -0.065396 0.997859 0
    outer loop
      vertex 20.4895 -3.71792 38
      vertex 20 -3.75 40.49
      vertex 20.4895 -3.71792 40.49
    endloop
  endfacet
  facet normal -0.065396 0.997859 0
    outer loop
      vertex 20 -3.75 40.49
      vertex 20.4895 -3.71792 38
      vertex 20 -3.75 38
    endloop
  endfacet
  facet normal 0.896836 0.442363 5.14269e-18
    outer loop
      vertex 16.7524 -1.875 40.49
      vertex 16.5354 -1.43506 38
      vertex 16.5354 -1.43506 40.49
    endloop
  endfacet
  facet normal 0.896836 0.442363 5.14269e-18
    outer loop
      vertex 16.5354 -1.43506 38
      vertex 16.7524 -1.875 40.49
      vertex 16.7524 -1.875 38
    endloop
  endfacet
  facet normal 0.946975 0.321306 -4.54955e-18
    outer loop
      vertex 16.5354 -1.43506 40.49
      vertex 16.3778 -0.970571 38
      vertex 16.3778 -0.970571 40.49
    endloop
  endfacet
  facet normal 0.946975 0.321306 -4.54955e-18
    outer loop
      vertex 16.3778 -0.970571 38
      vertex 16.5354 -1.43506 40.49
      vertex 16.5354 -1.43506 38
    endloop
  endfacet
  facet normal 0.659336 0.751849 -0
    outer loop
      vertex 17.7171 -2.97507 38
      vertex 17.3483 -2.65165 40.49
      vertex 17.7171 -2.97507 40.49
    endloop
  endfacet
  facet normal 0.659336 0.751849 0
    outer loop
      vertex 17.3483 -2.65165 40.49
      vertex 17.7171 -2.97507 38
      vertex 17.3483 -2.65165 38
    endloop
  endfacet
  facet normal -0.659437 0.75176 0
    outer loop
      vertex 22.6516 -2.65165 38
      vertex 22.2829 -2.97507 40.49
      vertex 22.6516 -2.65165 40.49
    endloop
  endfacet
  facet normal -0.659437 0.75176 0
    outer loop
      vertex 22.2829 -2.97507 40.49
      vertex 22.6516 -2.65165 38
      vertex 22.2829 -2.97507 38
    endloop
  endfacet
  facet normal -0.831492 0.555537 -5.07643e-18
    outer loop
      vertex 22.9751 -2.28286 38
      vertex 23.2476 -1.875 40.49
      vertex 23.2476 -1.875 38
    endloop
  endfacet
  facet normal -0.831492 0.555537 -5.07643e-18
    outer loop
      vertex 23.2476 -1.875 40.49
      vertex 22.9751 -2.28286 38
      vertex 22.9751 -2.28286 40.49
    endloop
  endfacet
  facet normal 0.195097 0.980784 -0
    outer loop
      vertex 19.5105 -3.71792 38
      vertex 19.0294 -3.62222 40.49
      vertex 19.5105 -3.71792 40.49
    endloop
  endfacet
  facet normal 0.195097 0.980784 0
    outer loop
      vertex 19.0294 -3.62222 40.49
      vertex 19.5105 -3.71792 38
      vertex 19.0294 -3.62222 38
    endloop
  endfacet
  facet normal 0.555528 0.831498 -0
    outer loop
      vertex 18.125 -3.24759 38
      vertex 17.7171 -2.97507 40.49
      vertex 18.125 -3.24759 40.49
    endloop
  endfacet
  facet normal 0.555528 0.831498 0
    outer loop
      vertex 17.7171 -2.97507 40.49
      vertex 18.125 -3.24759 38
      vertex 17.7171 -2.97507 38
    endloop
  endfacet
  facet normal 0.831492 0.555537 5.07643e-18
    outer loop
      vertex 17.0249 -2.28286 40.49
      vertex 16.7524 -1.875 38
      vertex 16.7524 -1.875 40.49
    endloop
  endfacet
  facet normal 0.831492 0.555537 5.07643e-18
    outer loop
      vertex 16.7524 -1.875 38
      vertex 17.0249 -2.28286 40.49
      vertex 17.0249 -2.28286 38
    endloop
  endfacet
  facet normal 0.065396 0.997859 -0
    outer loop
      vertex 20 -3.75 38
      vertex 19.5105 -3.71792 40.49
      vertex 20 -3.75 40.49
    endloop
  endfacet
  facet normal 0.065396 0.997859 0
    outer loop
      vertex 19.5105 -3.71792 40.49
      vertex 20 -3.75 38
      vertex 19.5105 -3.71792 38
    endloop
  endfacet
  facet normal 0.44233 0.896852 -0
    outer loop
      vertex 18.5649 -3.46455 38
      vertex 18.125 -3.24759 40.49
      vertex 18.5649 -3.46455 40.49
    endloop
  endfacet
  facet normal 0.44233 0.896852 0
    outer loop
      vertex 18.125 -3.24759 40.49
      vertex 18.5649 -3.46455 38
      vertex 18.125 -3.24759 38
    endloop
  endfacet
  facet normal 0.75186 0.659323 8.10031e-19
    outer loop
      vertex 17.3483 -2.65165 40.49
      vertex 17.0249 -2.28286 38
      vertex 17.0249 -2.28286 40.49
    endloop
  endfacet
  facet normal 0.75186 0.659323 8.10031e-19
    outer loop
      vertex 17.0249 -2.28286 38
      vertex 17.3483 -2.65165 40.49
      vertex 17.3483 -2.65165 38
    endloop
  endfacet
  facet normal -0.659562 -2.49214e-19 0.75165
    outer loop
      vertex -10.6607 16 28.2546
      vertex -10.4444 10 28.4444
      vertex -10.4444 16 28.4444
    endloop
  endfacet
  facet normal -0.659562 -2.49214e-19 0.75165
    outer loop
      vertex -10.4444 10 28.4444
      vertex -10.6607 16 28.2546
      vertex -10.6607 10 28.2546
    endloop
  endfacet
  facet normal 0.946931 -0 0.321435
    outer loop
      vertex -14.125 10 29.4306
      vertex -14.0325 16 29.1581
      vertex -14.125 16 29.4306
    endloop
  endfacet
  facet normal 0.946931 0 0.321435
    outer loop
      vertex -14.0325 16 29.1581
      vertex -14.125 10 29.4306
      vertex -14.0325 10 29.1581
    endloop
  endfacet
  facet normal -0.980781 0 -0.195113
    outer loop
      vertex -9.81882 10 30.2872
      vertex -9.87496 16 30.5694
      vertex -9.81882 16 30.2872
    endloop
  endfacet
  facet normal -0.980781 -0 -0.195113
    outer loop
      vertex -9.87496 16 30.5694
      vertex -9.81882 10 30.2872
      vertex -9.87496 10 30.5694
    endloop
  endfacet
  facet normal 0.321435 -3.47324e-19 -0.946931
    outer loop
      vertex -12.8419 10 32.0325
      vertex -12.5694 16 32.125
      vertex -12.5694 10 32.125
    endloop
  endfacet
  facet normal 0.321435 -3.47324e-19 -0.946931
    outer loop
      vertex -12.5694 16 32.125
      vertex -12.8419 10 32.0325
      vertex -12.8419 16 32.0325
    endloop
  endfacet
  facet normal 0.321435 3.47324e-19 0.946931
    outer loop
      vertex -12.8419 16 27.9675
      vertex -12.5694 10 27.875
      vertex -12.5694 16 27.875
    endloop
  endfacet
  facet normal 0.321435 3.47324e-19 0.946931
    outer loop
      vertex -12.5694 10 27.875
      vertex -12.8419 16 27.9675
      vertex -12.8419 10 27.9675
    endloop
  endfacet
  facet normal 0.896984 -0 0.442063
    outer loop
      vertex -14.0325 10 29.1581
      vertex -13.9053 16 28.9
      vertex -14.0325 16 29.1581
    endloop
  endfacet
  facet normal 0.896984 0 0.442063
    outer loop
      vertex -13.9053 16 28.9
      vertex -14.0325 10 29.1581
      vertex -13.9053 10 28.9
    endloop
  endfacet
  facet normal -0.980781 0 0.195113
    outer loop
      vertex -9.87496 10 29.4306
      vertex -9.81882 16 29.7128
      vertex -9.87496 16 29.4306
    endloop
  endfacet
  facet normal -0.980781 0 0.195113
    outer loop
      vertex -9.81882 16 29.7128
      vertex -9.87496 10 29.4306
      vertex -9.81882 10 29.7128
    endloop
  endfacet
  facet normal -0.946931 0 0.321435
    outer loop
      vertex -9.96746 10 29.1581
      vertex -9.87496 16 29.4306
      vertex -9.96746 16 29.1581
    endloop
  endfacet
  facet normal -0.946931 0 0.321435
    outer loop
      vertex -9.87496 16 29.4306
      vertex -9.96746 10 29.1581
      vertex -9.87496 10 29.4306
    endloop
  endfacet
  facet normal -0.896929 0 0.442175
    outer loop
      vertex -10.0947 10 28.9
      vertex -9.96746 16 29.1581
      vertex -10.0947 16 28.9
    endloop
  endfacet
  facet normal -0.896929 0 0.442175
    outer loop
      vertex -9.96746 16 29.1581
      vertex -10.0947 10 28.9
      vertex -9.96746 10 29.1581
    endloop
  endfacet
  facet normal -0.442063 1.76623e-18 0.896984
    outer loop
      vertex -11.1581 16 27.9675
      vertex -10.9 10 28.0947
      vertex -10.9 16 28.0947
    endloop
  endfacet
  facet normal -0.442063 1.76623e-18 0.896984
    outer loop
      vertex -10.9 10 28.0947
      vertex -11.1581 16 27.9675
      vertex -11.1581 10 27.9675
    endloop
  endfacet
  facet normal -0.321435 -3.47324e-19 0.946931
    outer loop
      vertex -11.4306 16 27.875
      vertex -11.1581 10 27.9675
      vertex -11.1581 16 27.9675
    endloop
  endfacet
  facet normal -0.321435 -3.47324e-19 0.946931
    outer loop
      vertex -11.1581 10 27.9675
      vertex -11.4306 16 27.875
      vertex -11.4306 10 27.875
    endloop
  endfacet
  facet normal -0.195314 1.4228e-19 0.980741
    outer loop
      vertex -11.7128 16 27.8188
      vertex -11.4306 10 27.875
      vertex -11.4306 16 27.875
    endloop
  endfacet
  facet normal -0.195314 1.4228e-19 0.980741
    outer loop
      vertex -11.4306 10 27.875
      vertex -11.7128 16 27.8188
      vertex -11.7128 10 27.8188
    endloop
  endfacet
  facet normal 0.980741 -0 0.195314
    outer loop
      vertex -14.1812 10 29.7128
      vertex -14.125 16 29.4306
      vertex -14.1812 16 29.7128
    endloop
  endfacet
  facet normal 0.980741 0 0.195314
    outer loop
      vertex -14.125 16 29.4306
      vertex -14.1812 10 29.7128
      vertex -14.125 10 29.4306
    endloop
  endfacet
  facet normal 0.75165 -0 0.659562
    outer loop
      vertex -13.7454 10 28.6607
      vertex -13.5556 16 28.4444
      vertex -13.7454 16 28.6607
    endloop
  endfacet
  facet normal 0.75165 0 0.659562
    outer loop
      vertex -13.5556 16 28.4444
      vertex -13.7454 10 28.6607
      vertex -13.5556 10 28.4444
    endloop
  endfacet
  facet normal 0.442063 -1.76623e-18 0.896984
    outer loop
      vertex -13.1 16 28.0947
      vertex -12.8419 10 27.9675
      vertex -12.8419 16 27.9675
    endloop
  endfacet
  facet normal 0.442063 -1.76623e-18 0.896984
    outer loop
      vertex -12.8419 10 27.9675
      vertex -13.1 16 28.0947
      vertex -13.1 10 28.0947
    endloop
  endfacet
  facet normal 0.195314 -1.4228e-19 0.980741
    outer loop
      vertex -12.5694 16 27.875
      vertex -12.2872 10 27.8188
      vertex -12.2872 16 27.8188
    endloop
  endfacet
  facet normal 0.195314 -1.4228e-19 0.980741
    outer loop
      vertex -12.2872 10 27.8188
      vertex -12.5694 16 27.875
      vertex -12.5694 10 27.875
    endloop
  endfacet
  facet normal -0.99786 0 0.065389
    outer loop
      vertex -9.81882 10 29.7128
      vertex -9.8 16 30
      vertex -9.81882 16 29.7128
    endloop
  endfacet
  facet normal -0.99786 0 0.065389
    outer loop
      vertex -9.8 16 30
      vertex -9.81882 10 29.7128
      vertex -9.8 10 30
    endloop
  endfacet
  facet normal -0.946931 0 -0.321435
    outer loop
      vertex -9.87496 10 30.5694
      vertex -9.96746 16 30.8419
      vertex -9.87496 16 30.5694
    endloop
  endfacet
  facet normal -0.946931 -0 -0.321435
    outer loop
      vertex -9.96746 16 30.8419
      vertex -9.87496 10 30.5694
      vertex -9.96746 10 30.8419
    endloop
  endfacet
  facet normal -0.321435 3.47324e-19 -0.946931
    outer loop
      vertex -11.4306 10 32.125
      vertex -11.1581 16 32.0325
      vertex -11.1581 10 32.0325
    endloop
  endfacet
  facet normal -0.321435 3.47324e-19 -0.946931
    outer loop
      vertex -11.1581 16 32.0325
      vertex -11.4306 10 32.125
      vertex -11.4306 16 32.125
    endloop
  endfacet
  facet normal -0.442063 -1.76623e-18 -0.896984
    outer loop
      vertex -11.1581 10 32.0325
      vertex -10.9 16 31.9053
      vertex -10.9 10 31.9053
    endloop
  endfacet
  facet normal -0.442063 -1.76623e-18 -0.896984
    outer loop
      vertex -10.9 16 31.9053
      vertex -11.1581 10 32.0325
      vertex -11.1581 16 32.0325
    endloop
  endfacet
  facet normal 0.195314 8.73306e-20 -0.980741
    outer loop
      vertex -12.5694 10 32.125
      vertex -12.2872 16 32.1812
      vertex -12.2872 10 32.1812
    endloop
  endfacet
  facet normal 0.195314 8.73306e-20 -0.980741
    outer loop
      vertex -12.2872 16 32.1812
      vertex -12.5694 10 32.125
      vertex -12.5694 16 32.125
    endloop
  endfacet
  facet normal 0.659562 -2.49214e-19 -0.75165
    outer loop
      vertex -13.5556 10 31.5556
      vertex -13.3393 16 31.7454
      vertex -13.3393 10 31.7454
    endloop
  endfacet
  facet normal 0.659562 -2.49214e-19 -0.75165
    outer loop
      vertex -13.3393 16 31.7454
      vertex -13.5556 10 31.5556
      vertex -13.5556 16 31.5556
    endloop
  endfacet
  facet normal 0.896984 0 -0.442063
    outer loop
      vertex -13.9053 10 31.1
      vertex -14.0325 16 30.8419
      vertex -13.9053 16 31.1
    endloop
  endfacet
  facet normal 0.896984 0 -0.442063
    outer loop
      vertex -14.0325 16 30.8419
      vertex -13.9053 10 31.1
      vertex -14.0325 10 30.8419
    endloop
  endfacet
  facet normal -0.831462 0 0.555582
    outer loop
      vertex -10.2546 10 28.6607
      vertex -10.0947 16 28.9
      vertex -10.2546 16 28.6607
    endloop
  endfacet
  facet normal -0.831462 0 0.555582
    outer loop
      vertex -10.0947 16 28.9
      vertex -10.2546 10 28.6607
      vertex -10.0947 10 28.9
    endloop
  endfacet
  facet normal -0.75165 0 0.659562
    outer loop
      vertex -10.4444 10 28.4444
      vertex -10.2546 16 28.6607
      vertex -10.4444 16 28.4444
    endloop
  endfacet
  facet normal -0.75165 0 0.659562
    outer loop
      vertex -10.2546 16 28.6607
      vertex -10.4444 10 28.4444
      vertex -10.2546 10 28.6607
    endloop
  endfacet
  facet normal -0.555582 3.76712e-19 0.831462
    outer loop
      vertex -10.9 16 28.0947
      vertex -10.6607 10 28.2546
      vertex -10.6607 16 28.2546
    endloop
  endfacet
  facet normal -0.555582 3.76712e-19 0.831462
    outer loop
      vertex -10.6607 10 28.2546
      vertex -10.9 16 28.0947
      vertex -10.9 10 28.0947
    endloop
  endfacet
  facet normal -0.0653198 -1.23605e-19 0.997864
    outer loop
      vertex -12 16 27.8
      vertex -11.7128 10 27.8188
      vertex -11.7128 16 27.8188
    endloop
  endfacet
  facet normal -0.0653198 -1.23605e-19 0.997864
    outer loop
      vertex -11.7128 10 27.8188
      vertex -12 16 27.8
      vertex -12 10 27.8
    endloop
  endfacet
  facet normal 0.997864 -0 0.0653198
    outer loop
      vertex -14.2 10 30
      vertex -14.1812 16 29.7128
      vertex -14.2 16 30
    endloop
  endfacet
  facet normal 0.997864 0 0.0653198
    outer loop
      vertex -14.1812 16 29.7128
      vertex -14.2 10 30
      vertex -14.1812 10 29.7128
    endloop
  endfacet
  facet normal 0.831462 -0 0.555582
    outer loop
      vertex -13.9053 10 28.9
      vertex -13.7454 16 28.6607
      vertex -13.9053 16 28.9
    endloop
  endfacet
  facet normal 0.831462 0 0.555582
    outer loop
      vertex -13.7454 16 28.6607
      vertex -13.9053 10 28.9
      vertex -13.7454 10 28.6607
    endloop
  endfacet
  facet normal 0.0653198 1.23605e-19 0.997864
    outer loop
      vertex -12.2872 16 27.8188
      vertex -12 10 27.8
      vertex -12 16 27.8
    endloop
  endfacet
  facet normal 0.0653198 1.23605e-19 0.997864
    outer loop
      vertex -12 10 27.8
      vertex -12.2872 16 27.8188
      vertex -12.2872 10 27.8188
    endloop
  endfacet
  facet normal 0.555582 -3.76712e-19 0.831462
    outer loop
      vertex -13.3393 16 28.2546
      vertex -13.1 10 28.0947
      vertex -13.1 16 28.0947
    endloop
  endfacet
  facet normal 0.555582 -3.76712e-19 0.831462
    outer loop
      vertex -13.1 10 28.0947
      vertex -13.3393 16 28.2546
      vertex -13.3393 10 28.2546
    endloop
  endfacet
  facet normal 0.659562 2.49214e-19 0.75165
    outer loop
      vertex -13.5556 16 28.4444
      vertex -13.3393 10 28.2546
      vertex -13.3393 16 28.2546
    endloop
  endfacet
  facet normal 0.659562 2.49214e-19 0.75165
    outer loop
      vertex -13.3393 10 28.2546
      vertex -13.5556 16 28.4444
      vertex -13.5556 10 28.4444
    endloop
  endfacet
  facet normal -0.0653198 -5.88596e-21 -0.997864
    outer loop
      vertex -12 10 32.2
      vertex -11.7128 16 32.1812
      vertex -11.7128 10 32.1812
    endloop
  endfacet
  facet normal -0.0653198 -5.88596e-21 -0.997864
    outer loop
      vertex -11.7128 16 32.1812
      vertex -12 10 32.2
      vertex -12 16 32.2
    endloop
  endfacet
  facet normal -0.75165 0 -0.659562
    outer loop
      vertex -10.2546 10 31.3393
      vertex -10.4444 16 31.5556
      vertex -10.2546 16 31.3393
    endloop
  endfacet
  facet normal -0.75165 -0 -0.659562
    outer loop
      vertex -10.4444 16 31.5556
      vertex -10.2546 10 31.3393
      vertex -10.4444 10 31.5556
    endloop
  endfacet
  facet normal -0.896929 0 -0.442175
    outer loop
      vertex -9.96746 10 30.8419
      vertex -10.0947 16 31.1
      vertex -9.96746 16 30.8419
    endloop
  endfacet
  facet normal -0.896929 -0 -0.442175
    outer loop
      vertex -10.0947 16 31.1
      vertex -9.96746 10 30.8419
      vertex -10.0947 10 31.1
    endloop
  endfacet
  facet normal -0.555582 -3.76712e-19 -0.831462
    outer loop
      vertex -10.9 10 31.9053
      vertex -10.6607 16 31.7454
      vertex -10.6607 10 31.7454
    endloop
  endfacet
  facet normal -0.555582 -3.76712e-19 -0.831462
    outer loop
      vertex -10.6607 16 31.7454
      vertex -10.9 10 31.9053
      vertex -10.9 16 31.9053
    endloop
  endfacet
  facet normal 0.0653198 5.88596e-21 -0.997864
    outer loop
      vertex -12.2872 10 32.1812
      vertex -12 16 32.2
      vertex -12 10 32.2
    endloop
  endfacet
  facet normal 0.0653198 5.88596e-21 -0.997864
    outer loop
      vertex -12 16 32.2
      vertex -12.2872 10 32.1812
      vertex -12.2872 16 32.1812
    endloop
  endfacet
  facet normal 0.442063 1.76623e-18 -0.896984
    outer loop
      vertex -13.1 10 31.9053
      vertex -12.8419 16 32.0325
      vertex -12.8419 10 32.0325
    endloop
  endfacet
  facet normal 0.442063 1.76623e-18 -0.896984
    outer loop
      vertex -12.8419 16 32.0325
      vertex -13.1 10 31.9053
      vertex -13.1 16 31.9053
    endloop
  endfacet
  facet normal 0.946931 0 -0.321435
    outer loop
      vertex -14.0325 10 30.8419
      vertex -14.125 16 30.5694
      vertex -14.0325 16 30.8419
    endloop
  endfacet
  facet normal 0.946931 0 -0.321435
    outer loop
      vertex -14.125 16 30.5694
      vertex -14.0325 10 30.8419
      vertex -14.125 10 30.5694
    endloop
  endfacet
  facet normal 0.997864 0 -0.0653198
    outer loop
      vertex -14.1812 10 30.2872
      vertex -14.2 16 30
      vertex -14.1812 16 30.2872
    endloop
  endfacet
  facet normal 0.997864 0 -0.0653198
    outer loop
      vertex -14.2 16 30
      vertex -14.1812 10 30.2872
      vertex -14.2 10 30
    endloop
  endfacet
  facet normal 0.831462 0 -0.555582
    outer loop
      vertex -13.7454 10 31.3393
      vertex -13.9053 16 31.1
      vertex -13.7454 16 31.3393
    endloop
  endfacet
  facet normal 0.831462 0 -0.555582
    outer loop
      vertex -13.9053 16 31.1
      vertex -13.7454 10 31.3393
      vertex -13.9053 10 31.1
    endloop
  endfacet
  facet normal -0.99786 0 -0.065389
    outer loop
      vertex -9.8 10 30
      vertex -9.81882 16 30.2872
      vertex -9.8 16 30
    endloop
  endfacet
  facet normal -0.99786 -0 -0.065389
    outer loop
      vertex -9.81882 16 30.2872
      vertex -9.8 10 30
      vertex -9.81882 10 30.2872
    endloop
  endfacet
  facet normal -0.195314 -8.73306e-20 -0.980741
    outer loop
      vertex -11.7128 10 32.1812
      vertex -11.4306 16 32.125
      vertex -11.4306 10 32.125
    endloop
  endfacet
  facet normal -0.195314 -8.73306e-20 -0.980741
    outer loop
      vertex -11.4306 16 32.125
      vertex -11.7128 10 32.1812
      vertex -11.7128 16 32.1812
    endloop
  endfacet
  facet normal -0.659562 2.49214e-19 -0.75165
    outer loop
      vertex -10.6607 10 31.7454
      vertex -10.4444 16 31.5556
      vertex -10.4444 10 31.5556
    endloop
  endfacet
  facet normal -0.659562 2.49214e-19 -0.75165
    outer loop
      vertex -10.4444 16 31.5556
      vertex -10.6607 10 31.7454
      vertex -10.6607 16 31.7454
    endloop
  endfacet
  facet normal 0.555582 3.76712e-19 -0.831462
    outer loop
      vertex -13.3393 10 31.7454
      vertex -13.1 16 31.9053
      vertex -13.1 10 31.9053
    endloop
  endfacet
  facet normal 0.555582 3.76712e-19 -0.831462
    outer loop
      vertex -13.1 16 31.9053
      vertex -13.3393 10 31.7454
      vertex -13.3393 16 31.7454
    endloop
  endfacet
  facet normal 0.980741 0 -0.195314
    outer loop
      vertex -14.125 10 30.5694
      vertex -14.1812 16 30.2872
      vertex -14.125 16 30.5694
    endloop
  endfacet
  facet normal 0.980741 0 -0.195314
    outer loop
      vertex -14.1812 16 30.2872
      vertex -14.125 10 30.5694
      vertex -14.1812 10 30.2872
    endloop
  endfacet
  facet normal 0.75165 0 -0.659562
    outer loop
      vertex -13.5556 10 31.5556
      vertex -13.7454 16 31.3393
      vertex -13.5556 16 31.5556
    endloop
  endfacet
  facet normal 0.75165 0 -0.659562
    outer loop
      vertex -13.7454 16 31.3393
      vertex -13.5556 10 31.5556
      vertex -13.7454 10 31.3393
    endloop
  endfacet
  facet normal -0.831462 0 -0.555582
    outer loop
      vertex -10.0947 10 31.1
      vertex -10.2546 16 31.3393
      vertex -10.0947 16 31.1
    endloop
  endfacet
  facet normal -0.831462 -0 -0.555582
    outer loop
      vertex -10.2546 16 31.3393
      vertex -10.0947 10 31.1
      vertex -10.2546 10 31.3393
    endloop
  endfacet
  facet normal -0.659562 -2.49214e-19 0.75165
    outer loop
      vertex 13.3393 16 28.2546
      vertex 13.5556 10 28.4444
      vertex 13.5556 16 28.4444
    endloop
  endfacet
  facet normal -0.659562 -2.49214e-19 0.75165
    outer loop
      vertex 13.5556 10 28.4444
      vertex 13.3393 16 28.2546
      vertex 13.3393 10 28.2546
    endloop
  endfacet
  facet normal 0.946931 -0 0.321435
    outer loop
      vertex 9.87496 10 29.4306
      vertex 9.96746 16 29.1581
      vertex 9.87496 16 29.4306
    endloop
  endfacet
  facet normal 0.946931 0 0.321435
    outer loop
      vertex 9.96746 16 29.1581
      vertex 9.87496 10 29.4306
      vertex 9.96746 10 29.1581
    endloop
  endfacet
  facet normal -0.980741 0 -0.195314
    outer loop
      vertex 14.1812 10 30.2872
      vertex 14.125 16 30.5694
      vertex 14.1812 16 30.2872
    endloop
  endfacet
  facet normal -0.980741 -0 -0.195314
    outer loop
      vertex 14.125 16 30.5694
      vertex 14.1812 10 30.2872
      vertex 14.125 10 30.5694
    endloop
  endfacet
  facet normal 0.321435 -3.47324e-19 -0.946931
    outer loop
      vertex 11.1581 10 32.0325
      vertex 11.4306 16 32.125
      vertex 11.4306 10 32.125
    endloop
  endfacet
  facet normal 0.321435 -3.47324e-19 -0.946931
    outer loop
      vertex 11.4306 16 32.125
      vertex 11.1581 10 32.0325
      vertex 11.1581 16 32.0325
    endloop
  endfacet
  facet normal 0.321435 3.47324e-19 0.946931
    outer loop
      vertex 11.1581 16 27.9675
      vertex 11.4306 10 27.875
      vertex 11.4306 16 27.875
    endloop
  endfacet
  facet normal 0.321435 3.47324e-19 0.946931
    outer loop
      vertex 11.4306 10 27.875
      vertex 11.1581 16 27.9675
      vertex 11.1581 10 27.9675
    endloop
  endfacet
  facet normal 0.896929 -0 0.442175
    outer loop
      vertex 9.96746 10 29.1581
      vertex 10.0947 16 28.9
      vertex 9.96746 16 29.1581
    endloop
  endfacet
  facet normal 0.896929 0 0.442175
    outer loop
      vertex 10.0947 16 28.9
      vertex 9.96746 10 29.1581
      vertex 10.0947 10 28.9
    endloop
  endfacet
  facet normal -0.980741 0 0.195314
    outer loop
      vertex 14.125 10 29.4306
      vertex 14.1812 16 29.7128
      vertex 14.125 16 29.4306
    endloop
  endfacet
  facet normal -0.980741 0 0.195314
    outer loop
      vertex 14.1812 16 29.7128
      vertex 14.125 10 29.4306
      vertex 14.1812 10 29.7128
    endloop
  endfacet
  facet normal -0.946931 0 0.321435
    outer loop
      vertex 14.0325 10 29.1581
      vertex 14.125 16 29.4306
      vertex 14.0325 16 29.1581
    endloop
  endfacet
  facet normal -0.946931 0 0.321435
    outer loop
      vertex 14.125 16 29.4306
      vertex 14.0325 10 29.1581
      vertex 14.125 10 29.4306
    endloop
  endfacet
  facet normal -0.896984 0 0.442063
    outer loop
      vertex 13.9053 10 28.9
      vertex 14.0325 16 29.1581
      vertex 13.9053 16 28.9
    endloop
  endfacet
  facet normal -0.896984 0 0.442063
    outer loop
      vertex 14.0325 16 29.1581
      vertex 13.9053 10 28.9
      vertex 14.0325 10 29.1581
    endloop
  endfacet
  facet normal -0.442063 1.76623e-18 0.896984
    outer loop
      vertex 12.8419 16 27.9675
      vertex 13.1 10 28.0947
      vertex 13.1 16 28.0947
    endloop
  endfacet
  facet normal -0.442063 1.76623e-18 0.896984
    outer loop
      vertex 13.1 10 28.0947
      vertex 12.8419 16 27.9675
      vertex 12.8419 10 27.9675
    endloop
  endfacet
  facet normal -0.321435 -3.47324e-19 0.946931
    outer loop
      vertex 12.5694 16 27.875
      vertex 12.8419 10 27.9675
      vertex 12.8419 16 27.9675
    endloop
  endfacet
  facet normal -0.321435 -3.47324e-19 0.946931
    outer loop
      vertex 12.8419 10 27.9675
      vertex 12.5694 16 27.875
      vertex 12.5694 10 27.875
    endloop
  endfacet
  facet normal -0.195314 1.4228e-19 0.980741
    outer loop
      vertex 12.2872 16 27.8188
      vertex 12.5694 10 27.875
      vertex 12.5694 16 27.875
    endloop
  endfacet
  facet normal -0.195314 1.4228e-19 0.980741
    outer loop
      vertex 12.5694 10 27.875
      vertex 12.2872 16 27.8188
      vertex 12.2872 10 27.8188
    endloop
  endfacet
  facet normal 0.980781 -0 0.195113
    outer loop
      vertex 9.81882 10 29.7128
      vertex 9.87496 16 29.4306
      vertex 9.81882 16 29.7128
    endloop
  endfacet
  facet normal 0.980781 0 0.195113
    outer loop
      vertex 9.87496 16 29.4306
      vertex 9.81882 10 29.7128
      vertex 9.87496 10 29.4306
    endloop
  endfacet
  facet normal 0.75165 -0 0.659562
    outer loop
      vertex 10.2546 10 28.6607
      vertex 10.4444 16 28.4444
      vertex 10.2546 16 28.6607
    endloop
  endfacet
  facet normal 0.75165 0 0.659562
    outer loop
      vertex 10.4444 16 28.4444
      vertex 10.2546 10 28.6607
      vertex 10.4444 10 28.4444
    endloop
  endfacet
  facet normal 0.442063 -1.76623e-18 0.896984
    outer loop
      vertex 10.9 16 28.0947
      vertex 11.1581 10 27.9675
      vertex 11.1581 16 27.9675
    endloop
  endfacet
  facet normal 0.442063 -1.76623e-18 0.896984
    outer loop
      vertex 11.1581 10 27.9675
      vertex 10.9 16 28.0947
      vertex 10.9 10 28.0947
    endloop
  endfacet
  facet normal 0.195314 -1.4228e-19 0.980741
    outer loop
      vertex 11.4306 16 27.875
      vertex 11.7128 10 27.8188
      vertex 11.7128 16 27.8188
    endloop
  endfacet
  facet normal 0.195314 -1.4228e-19 0.980741
    outer loop
      vertex 11.7128 10 27.8188
      vertex 11.4306 16 27.875
      vertex 11.4306 10 27.875
    endloop
  endfacet
  facet normal -0.997864 0 0.0653198
    outer loop
      vertex 14.1812 10 29.7128
      vertex 14.2 16 30
      vertex 14.1812 16 29.7128
    endloop
  endfacet
  facet normal -0.997864 0 0.0653198
    outer loop
      vertex 14.2 16 30
      vertex 14.1812 10 29.7128
      vertex 14.2 10 30
    endloop
  endfacet
  facet normal -0.946931 0 -0.321435
    outer loop
      vertex 14.125 10 30.5694
      vertex 14.0325 16 30.8419
      vertex 14.125 16 30.5694
    endloop
  endfacet
  facet normal -0.946931 -0 -0.321435
    outer loop
      vertex 14.0325 16 30.8419
      vertex 14.125 10 30.5694
      vertex 14.0325 10 30.8419
    endloop
  endfacet
  facet normal -0.321435 3.47324e-19 -0.946931
    outer loop
      vertex 12.5694 10 32.125
      vertex 12.8419 16 32.0325
      vertex 12.8419 10 32.0325
    endloop
  endfacet
  facet normal -0.321435 3.47324e-19 -0.946931
    outer loop
      vertex 12.8419 16 32.0325
      vertex 12.5694 10 32.125
      vertex 12.5694 16 32.125
    endloop
  endfacet
  facet normal -0.442063 -1.76623e-18 -0.896984
    outer loop
      vertex 12.8419 10 32.0325
      vertex 13.1 16 31.9053
      vertex 13.1 10 31.9053
    endloop
  endfacet
  facet normal -0.442063 -1.76623e-18 -0.896984
    outer loop
      vertex 13.1 16 31.9053
      vertex 12.8419 10 32.0325
      vertex 12.8419 16 32.0325
    endloop
  endfacet
  facet normal 0.195314 8.73306e-20 -0.980741
    outer loop
      vertex 11.4306 10 32.125
      vertex 11.7128 16 32.1812
      vertex 11.7128 10 32.1812
    endloop
  endfacet
  facet normal 0.195314 8.73306e-20 -0.980741
    outer loop
      vertex 11.7128 16 32.1812
      vertex 11.4306 10 32.125
      vertex 11.4306 16 32.125
    endloop
  endfacet
  facet normal 0.659562 -2.49214e-19 -0.75165
    outer loop
      vertex 10.4444 10 31.5556
      vertex 10.6607 16 31.7454
      vertex 10.6607 10 31.7454
    endloop
  endfacet
  facet normal 0.659562 -2.49214e-19 -0.75165
    outer loop
      vertex 10.6607 16 31.7454
      vertex 10.4444 10 31.5556
      vertex 10.4444 16 31.5556
    endloop
  endfacet
  facet normal 0.896929 0 -0.442175
    outer loop
      vertex 10.0947 10 31.1
      vertex 9.96746 16 30.8419
      vertex 10.0947 16 31.1
    endloop
  endfacet
  facet normal 0.896929 0 -0.442175
    outer loop
      vertex 9.96746 16 30.8419
      vertex 10.0947 10 31.1
      vertex 9.96746 10 30.8419
    endloop
  endfacet
  facet normal -0.831462 0 0.555582
    outer loop
      vertex 13.7454 10 28.6607
      vertex 13.9053 16 28.9
      vertex 13.7454 16 28.6607
    endloop
  endfacet
  facet normal -0.831462 0 0.555582
    outer loop
      vertex 13.9053 16 28.9
      vertex 13.7454 10 28.6607
      vertex 13.9053 10 28.9
    endloop
  endfacet
  facet normal -0.75165 0 0.659562
    outer loop
      vertex 13.5556 10 28.4444
      vertex 13.7454 16 28.6607
      vertex 13.5556 16 28.4444
    endloop
  endfacet
  facet normal -0.75165 0 0.659562
    outer loop
      vertex 13.7454 16 28.6607
      vertex 13.5556 10 28.4444
      vertex 13.7454 10 28.6607
    endloop
  endfacet
  facet normal -0.555582 3.76712e-19 0.831462
    outer loop
      vertex 13.1 16 28.0947
      vertex 13.3393 10 28.2546
      vertex 13.3393 16 28.2546
    endloop
  endfacet
  facet normal -0.555582 3.76712e-19 0.831462
    outer loop
      vertex 13.3393 10 28.2546
      vertex 13.1 16 28.0947
      vertex 13.1 10 28.0947
    endloop
  endfacet
  facet normal -0.0653198 -1.23605e-19 0.997864
    outer loop
      vertex 12 16 27.8
      vertex 12.2872 10 27.8188
      vertex 12.2872 16 27.8188
    endloop
  endfacet
  facet normal -0.0653198 -1.23605e-19 0.997864
    outer loop
      vertex 12.2872 10 27.8188
      vertex 12 16 27.8
      vertex 12 10 27.8
    endloop
  endfacet
  facet normal 0.99786 -0 0.065389
    outer loop
      vertex 9.8 10 30
      vertex 9.81882 16 29.7128
      vertex 9.8 16 30
    endloop
  endfacet
  facet normal 0.99786 0 0.065389
    outer loop
      vertex 9.81882 16 29.7128
      vertex 9.8 10 30
      vertex 9.81882 10 29.7128
    endloop
  endfacet
  facet normal 0.831462 -0 0.555582
    outer loop
      vertex 10.0947 10 28.9
      vertex 10.2546 16 28.6607
      vertex 10.0947 16 28.9
    endloop
  endfacet
  facet normal 0.831462 0 0.555582
    outer loop
      vertex 10.2546 16 28.6607
      vertex 10.0947 10 28.9
      vertex 10.2546 10 28.6607
    endloop
  endfacet
  facet normal 0.0653198 1.23605e-19 0.997864
    outer loop
      vertex 11.7128 16 27.8188
      vertex 12 10 27.8
      vertex 12 16 27.8
    endloop
  endfacet
  facet normal 0.0653198 1.23605e-19 0.997864
    outer loop
      vertex 12 10 27.8
      vertex 11.7128 16 27.8188
      vertex 11.7128 10 27.8188
    endloop
  endfacet
  facet normal 0.555582 -3.76712e-19 0.831462
    outer loop
      vertex 10.6607 16 28.2546
      vertex 10.9 10 28.0947
      vertex 10.9 16 28.0947
    endloop
  endfacet
  facet normal 0.555582 -3.76712e-19 0.831462
    outer loop
      vertex 10.9 10 28.0947
      vertex 10.6607 16 28.2546
      vertex 10.6607 10 28.2546
    endloop
  endfacet
  facet normal 0.659562 2.49214e-19 0.75165
    outer loop
      vertex 10.4444 16 28.4444
      vertex 10.6607 10 28.2546
      vertex 10.6607 16 28.2546
    endloop
  endfacet
  facet normal 0.659562 2.49214e-19 0.75165
    outer loop
      vertex 10.6607 10 28.2546
      vertex 10.4444 16 28.4444
      vertex 10.4444 10 28.4444
    endloop
  endfacet
  facet normal -0.997864 0 -0.0653198
    outer loop
      vertex 14.2 10 30
      vertex 14.1812 16 30.2872
      vertex 14.2 16 30
    endloop
  endfacet
  facet normal -0.997864 -0 -0.0653198
    outer loop
      vertex 14.1812 16 30.2872
      vertex 14.2 10 30
      vertex 14.1812 10 30.2872
    endloop
  endfacet
  facet normal -0.0653198 -5.88596e-21 -0.997864
    outer loop
      vertex 12 10 32.2
      vertex 12.2872 16 32.1812
      vertex 12.2872 10 32.1812
    endloop
  endfacet
  facet normal -0.0653198 -5.88596e-21 -0.997864
    outer loop
      vertex 12.2872 16 32.1812
      vertex 12 10 32.2
      vertex 12 16 32.2
    endloop
  endfacet
  facet normal -0.75165 0 -0.659562
    outer loop
      vertex 13.7454 10 31.3393
      vertex 13.5556 16 31.5556
      vertex 13.7454 16 31.3393
    endloop
  endfacet
  facet normal -0.75165 -0 -0.659562
    outer loop
      vertex 13.5556 16 31.5556
      vertex 13.7454 10 31.3393
      vertex 13.5556 10 31.5556
    endloop
  endfacet
  facet normal -0.896984 0 -0.442063
    outer loop
      vertex 14.0325 10 30.8419
      vertex 13.9053 16 31.1
      vertex 14.0325 16 30.8419
    endloop
  endfacet
  facet normal -0.896984 -0 -0.442063
    outer loop
      vertex 13.9053 16 31.1
      vertex 14.0325 10 30.8419
      vertex 13.9053 10 31.1
    endloop
  endfacet
  facet normal -0.659562 2.49214e-19 -0.75165
    outer loop
      vertex 13.3393 10 31.7454
      vertex 13.5556 16 31.5556
      vertex 13.5556 10 31.5556
    endloop
  endfacet
  facet normal -0.659562 2.49214e-19 -0.75165
    outer loop
      vertex 13.5556 16 31.5556
      vertex 13.3393 10 31.7454
      vertex 13.3393 16 31.7454
    endloop
  endfacet
  facet normal -0.555582 -3.76712e-19 -0.831462
    outer loop
      vertex 13.1 10 31.9053
      vertex 13.3393 16 31.7454
      vertex 13.3393 10 31.7454
    endloop
  endfacet
  facet normal -0.555582 -3.76712e-19 -0.831462
    outer loop
      vertex 13.3393 16 31.7454
      vertex 13.1 10 31.9053
      vertex 13.1 16 31.9053
    endloop
  endfacet
  facet normal 0.442063 1.76623e-18 -0.896984
    outer loop
      vertex 10.9 10 31.9053
      vertex 11.1581 16 32.0325
      vertex 11.1581 10 32.0325
    endloop
  endfacet
  facet normal 0.442063 1.76623e-18 -0.896984
    outer loop
      vertex 11.1581 16 32.0325
      vertex 10.9 10 31.9053
      vertex 10.9 16 31.9053
    endloop
  endfacet
  facet normal 0.946931 0 -0.321435
    outer loop
      vertex 9.96746 10 30.8419
      vertex 9.87496 16 30.5694
      vertex 9.96746 16 30.8419
    endloop
  endfacet
  facet normal 0.946931 0 -0.321435
    outer loop
      vertex 9.87496 16 30.5694
      vertex 9.96746 10 30.8419
      vertex 9.87496 10 30.5694
    endloop
  endfacet
  facet normal 0.99786 0 -0.065389
    outer loop
      vertex 9.81882 10 30.2872
      vertex 9.8 16 30
      vertex 9.81882 16 30.2872
    endloop
  endfacet
  facet normal 0.99786 0 -0.065389
    outer loop
      vertex 9.8 16 30
      vertex 9.81882 10 30.2872
      vertex 9.8 10 30
    endloop
  endfacet
  facet normal 0.831462 0 -0.555582
    outer loop
      vertex 10.2546 10 31.3393
      vertex 10.0947 16 31.1
      vertex 10.2546 16 31.3393
    endloop
  endfacet
  facet normal 0.831462 0 -0.555582
    outer loop
      vertex 10.0947 16 31.1
      vertex 10.2546 10 31.3393
      vertex 10.0947 10 31.1
    endloop
  endfacet
  facet normal -0.195314 -8.73306e-20 -0.980741
    outer loop
      vertex 12.2872 10 32.1812
      vertex 12.5694 16 32.125
      vertex 12.5694 10 32.125
    endloop
  endfacet
  facet normal -0.195314 -8.73306e-20 -0.980741
    outer loop
      vertex 12.5694 16 32.125
      vertex 12.2872 10 32.1812
      vertex 12.2872 16 32.1812
    endloop
  endfacet
  facet normal 0.0653198 5.88596e-21 -0.997864
    outer loop
      vertex 11.7128 10 32.1812
      vertex 12 16 32.2
      vertex 12 10 32.2
    endloop
  endfacet
  facet normal 0.0653198 5.88596e-21 -0.997864
    outer loop
      vertex 12 16 32.2
      vertex 11.7128 10 32.1812
      vertex 11.7128 16 32.1812
    endloop
  endfacet
  facet normal 0.555582 3.76712e-19 -0.831462
    outer loop
      vertex 10.6607 10 31.7454
      vertex 10.9 16 31.9053
      vertex 10.9 10 31.9053
    endloop
  endfacet
  facet normal 0.555582 3.76712e-19 -0.831462
    outer loop
      vertex 10.9 16 31.9053
      vertex 10.6607 10 31.7454
      vertex 10.6607 16 31.7454
    endloop
  endfacet
  facet normal 0.980781 0 -0.195113
    outer loop
      vertex 9.87496 10 30.5694
      vertex 9.81882 16 30.2872
      vertex 9.87496 16 30.5694
    endloop
  endfacet
  facet normal 0.980781 0 -0.195113
    outer loop
      vertex 9.81882 16 30.2872
      vertex 9.87496 10 30.5694
      vertex 9.81882 10 30.2872
    endloop
  endfacet
  facet normal 0.75165 0 -0.659562
    outer loop
      vertex 10.4444 10 31.5556
      vertex 10.2546 16 31.3393
      vertex 10.4444 16 31.5556
    endloop
  endfacet
  facet normal 0.75165 0 -0.659562
    outer loop
      vertex 10.2546 16 31.3393
      vertex 10.4444 10 31.5556
      vertex 10.2546 10 31.3393
    endloop
  endfacet
  facet normal -0.831462 0 -0.555582
    outer loop
      vertex 13.9053 10 31.1
      vertex 13.7454 16 31.3393
      vertex 13.9053 16 31.1
    endloop
  endfacet
  facet normal -0.831462 -0 -0.555582
    outer loop
      vertex 13.7454 16 31.3393
      vertex 13.9053 10 31.1
      vertex 13.7454 10 31.3393
    endloop
  endfacet
  facet normal -0.997859 -0.0653996 6.24409e-19
    outer loop
      vertex 7.5 0 38
      vertex 7.43584 0.978946 48
      vertex 7.43584 0.978946 38
    endloop
  endfacet
  facet normal -0.997859 -0.0653996 6.24409e-19
    outer loop
      vertex 7.43584 0.978946 48
      vertex 7.5 0 38
      vertex 7.5 0 48
    endloop
  endfacet
  facet normal 0.997859 -0.0653996 -6.24409e-19
    outer loop
      vertex -7.5 0 48
      vertex -7.43584 0.978946 38
      vertex -7.43584 0.978946 48
    endloop
  endfacet
  facet normal 0.997859 -0.0653996 -6.24409e-19
    outer loop
      vertex -7.43584 0.978946 38
      vertex -7.5 0 48
      vertex -7.5 0 38
    endloop
  endfacet
  facet normal -0.0653996 -0.997859 0
    outer loop
      vertex 0 7.5 38
      vertex 0.978946 7.43584 48
      vertex 0 7.5 48
    endloop
  endfacet
  facet normal -0.0653996 -0.997859 -0
    outer loop
      vertex 0.978946 7.43584 48
      vertex 0 7.5 38
      vertex 0.978946 7.43584 38
    endloop
  endfacet
  facet normal 0.0653996 0.997859 -0
    outer loop
      vertex 0 -7.5 38
      vertex -0.978946 -7.43584 48
      vertex 0 -7.5 48
    endloop
  endfacet
  facet normal 0.0653996 0.997859 0
    outer loop
      vertex -0.978946 -7.43584 48
      vertex 0 -7.5 38
      vertex -0.978946 -7.43584 38
    endloop
  endfacet
  facet normal -0.751839 -0.659346 -1.7931e-18
    outer loop
      vertex 5.95015 4.56571 38
      vertex 5.3033 5.3033 48
      vertex 5.3033 5.3033 38
    endloop
  endfacet
  facet normal -0.751839 -0.659346 -1.7931e-18
    outer loop
      vertex 5.3033 5.3033 48
      vertex 5.95015 4.56571 38
      vertex 5.95015 4.56571 48
    endloop
  endfacet
  facet normal 0.659346 -0.751839 0
    outer loop
      vertex -5.3033 5.3033 38
      vertex -4.56571 5.95015 48
      vertex -5.3033 5.3033 48
    endloop
  endfacet
  facet normal 0.659346 -0.751839 0
    outer loop
      vertex -4.56571 5.95015 48
      vertex -5.3033 5.3033 38
      vertex -4.56571 5.95015 38
    endloop
  endfacet
  facet normal 0.321434 -0.946932 0
    outer loop
      vertex -2.87012 6.9291 38
      vertex -1.94114 7.24444 48
      vertex -2.87012 6.9291 48
    endloop
  endfacet
  facet normal 0.321434 -0.946932 0
    outer loop
      vertex -1.94114 7.24444 48
      vertex -2.87012 6.9291 38
      vertex -1.94114 7.24444 38
    endloop
  endfacet
  facet normal -0.946932 -0.321434 -2.72144e-18
    outer loop
      vertex 7.24444 1.94114 38
      vertex 6.9291 2.87012 48
      vertex 6.9291 2.87012 38
    endloop
  endfacet
  facet normal -0.946932 -0.321434 -2.72144e-18
    outer loop
      vertex 6.9291 2.87012 48
      vertex 7.24444 1.94114 38
      vertex 7.24444 1.94114 48
    endloop
  endfacet
  facet normal -0.980784 -0.195098 -1.03193e-18
    outer loop
      vertex 7.43584 0.978946 38
      vertex 7.24444 1.94114 48
      vertex 7.24444 1.94114 38
    endloop
  endfacet
  facet normal -0.980784 -0.195098 -1.03193e-18
    outer loop
      vertex 7.24444 1.94114 48
      vertex 7.43584 0.978946 38
      vertex 7.43584 0.978946 48
    endloop
  endfacet
  facet normal -0.896872 -0.44229 -1.78204e-18
    outer loop
      vertex 6.9291 2.87012 38
      vertex 6.49519 3.75 48
      vertex 6.49519 3.75 38
    endloop
  endfacet
  facet normal -0.896872 -0.44229 -1.78204e-18
    outer loop
      vertex 6.49519 3.75 48
      vertex 6.9291 2.87012 38
      vertex 6.9291 2.87012 48
    endloop
  endfacet
  facet normal -0.44229 -0.896872 0
    outer loop
      vertex 2.87012 6.9291 38
      vertex 3.75 6.49519 48
      vertex 2.87012 6.9291 48
    endloop
  endfacet
  facet normal -0.44229 -0.896872 -0
    outer loop
      vertex 3.75 6.49519 48
      vertex 2.87012 6.9291 38
      vertex 3.75 6.49519 38
    endloop
  endfacet
  facet normal -0.321434 -0.946932 0
    outer loop
      vertex 1.94114 7.24444 38
      vertex 2.87012 6.9291 48
      vertex 1.94114 7.24444 48
    endloop
  endfacet
  facet normal -0.321434 -0.946932 -0
    outer loop
      vertex 2.87012 6.9291 48
      vertex 1.94114 7.24444 38
      vertex 2.87012 6.9291 38
    endloop
  endfacet
  facet normal -0.55557 -0.83147 0
    outer loop
      vertex 3.75 6.49519 38
      vertex 4.56571 5.95015 48
      vertex 3.75 6.49519 48
    endloop
  endfacet
  facet normal -0.55557 -0.83147 -0
    outer loop
      vertex 4.56571 5.95015 48
      vertex 3.75 6.49519 38
      vertex 4.56571 5.95015 38
    endloop
  endfacet
  facet normal 0.896872 -0.44229 1.78204e-18
    outer loop
      vertex -6.9291 2.87012 48
      vertex -6.49519 3.75 38
      vertex -6.49519 3.75 48
    endloop
  endfacet
  facet normal 0.896872 -0.44229 1.78204e-18
    outer loop
      vertex -6.49519 3.75 38
      vertex -6.9291 2.87012 48
      vertex -6.9291 2.87012 38
    endloop
  endfacet
  facet normal 0.83147 -0.55557 -2.4258e-18
    outer loop
      vertex -6.49519 3.75 48
      vertex -5.95015 4.56571 38
      vertex -5.95015 4.56571 48
    endloop
  endfacet
  facet normal 0.83147 -0.55557 -2.4258e-18
    outer loop
      vertex -5.95015 4.56571 38
      vertex -6.49519 3.75 48
      vertex -6.49519 3.75 38
    endloop
  endfacet
  facet normal 0.946932 -0.321434 2.72144e-18
    outer loop
      vertex -7.24444 1.94114 48
      vertex -6.9291 2.87012 38
      vertex -6.9291 2.87012 48
    endloop
  endfacet
  facet normal 0.946932 -0.321434 2.72144e-18
    outer loop
      vertex -6.9291 2.87012 38
      vertex -7.24444 1.94114 48
      vertex -7.24444 1.94114 38
    endloop
  endfacet
  facet normal 0.44229 -0.896872 0
    outer loop
      vertex -3.75 6.49519 38
      vertex -2.87012 6.9291 48
      vertex -3.75 6.49519 48
    endloop
  endfacet
  facet normal 0.44229 -0.896872 0
    outer loop
      vertex -2.87012 6.9291 48
      vertex -3.75 6.49519 38
      vertex -2.87012 6.9291 38
    endloop
  endfacet
  facet normal 0.195098 -0.980784 0
    outer loop
      vertex -1.94114 7.24444 38
      vertex -0.978946 7.43584 48
      vertex -1.94114 7.24444 48
    endloop
  endfacet
  facet normal 0.195098 -0.980784 0
    outer loop
      vertex -0.978946 7.43584 48
      vertex -1.94114 7.24444 38
      vertex -0.978946 7.43584 38
    endloop
  endfacet
  facet normal -0.659346 0.751839 0
    outer loop
      vertex 5.3033 -5.3033 38
      vertex 4.56571 -5.95015 48
      vertex 5.3033 -5.3033 48
    endloop
  endfacet
  facet normal -0.659346 0.751839 0
    outer loop
      vertex 4.56571 -5.95015 48
      vertex 5.3033 -5.3033 38
      vertex 4.56571 -5.95015 38
    endloop
  endfacet
  facet normal -0.44229 0.896872 0
    outer loop
      vertex 3.75 -6.49519 38
      vertex 2.87012 -6.9291 48
      vertex 3.75 -6.49519 48
    endloop
  endfacet
  facet normal -0.44229 0.896872 0
    outer loop
      vertex 2.87012 -6.9291 48
      vertex 3.75 -6.49519 38
      vertex 2.87012 -6.9291 38
    endloop
  endfacet
  facet normal -0.946932 0.321434 2.72144e-18
    outer loop
      vertex 6.9291 -2.87012 38
      vertex 7.24444 -1.94114 48
      vertex 7.24444 -1.94114 38
    endloop
  endfacet
  facet normal -0.946932 0.321434 2.72144e-18
    outer loop
      vertex 7.24444 -1.94114 48
      vertex 6.9291 -2.87012 38
      vertex 6.9291 -2.87012 48
    endloop
  endfacet
  facet normal 0.44229 0.896872 -0
    outer loop
      vertex -2.87012 -6.9291 38
      vertex -3.75 -6.49519 48
      vertex -2.87012 -6.9291 48
    endloop
  endfacet
  facet normal 0.44229 0.896872 0
    outer loop
      vertex -3.75 -6.49519 48
      vertex -2.87012 -6.9291 38
      vertex -3.75 -6.49519 38
    endloop
  endfacet
  facet normal 0.321434 0.946932 -0
    outer loop
      vertex -1.94114 -7.24444 38
      vertex -2.87012 -6.9291 48
      vertex -1.94114 -7.24444 48
    endloop
  endfacet
  facet normal 0.321434 0.946932 0
    outer loop
      vertex -2.87012 -6.9291 48
      vertex -1.94114 -7.24444 38
      vertex -2.87012 -6.9291 38
    endloop
  endfacet
  facet normal 0.896872 0.44229 -1.78204e-18
    outer loop
      vertex -6.49519 -3.75 48
      vertex -6.9291 -2.87012 38
      vertex -6.9291 -2.87012 48
    endloop
  endfacet
  facet normal 0.896872 0.44229 -1.78204e-18
    outer loop
      vertex -6.9291 -2.87012 38
      vertex -6.49519 -3.75 48
      vertex -6.49519 -3.75 38
    endloop
  endfacet
  facet normal 0.83147 0.55557 2.4258e-18
    outer loop
      vertex -5.95015 -4.56571 48
      vertex -6.49519 -3.75 38
      vertex -6.49519 -3.75 48
    endloop
  endfacet
  facet normal 0.83147 0.55557 2.4258e-18
    outer loop
      vertex -6.49519 -3.75 38
      vertex -5.95015 -4.56571 48
      vertex -5.95015 -4.56571 38
    endloop
  endfacet
  facet normal -0.83147 -0.55557 2.4258e-18
    outer loop
      vertex 6.49519 3.75 38
      vertex 5.95015 4.56571 48
      vertex 5.95015 4.56571 38
    endloop
  endfacet
  facet normal -0.83147 -0.55557 2.4258e-18
    outer loop
      vertex 5.95015 4.56571 48
      vertex 6.49519 3.75 38
      vertex 6.49519 3.75 48
    endloop
  endfacet
  facet normal -0.195098 -0.980784 0
    outer loop
      vertex 0.978946 7.43584 38
      vertex 1.94114 7.24444 48
      vertex 0.978946 7.43584 48
    endloop
  endfacet
  facet normal -0.195098 -0.980784 -0
    outer loop
      vertex 1.94114 7.24444 48
      vertex 0.978946 7.43584 38
      vertex 1.94114 7.24444 38
    endloop
  endfacet
  facet normal -0.659346 -0.751839 0
    outer loop
      vertex 4.56571 5.95015 38
      vertex 5.3033 5.3033 48
      vertex 4.56571 5.95015 48
    endloop
  endfacet
  facet normal -0.659346 -0.751839 -0
    outer loop
      vertex 5.3033 5.3033 48
      vertex 4.56571 5.95015 38
      vertex 5.3033 5.3033 38
    endloop
  endfacet
  facet normal 0.751839 -0.659346 1.7931e-18
    outer loop
      vertex -5.95015 4.56571 48
      vertex -5.3033 5.3033 38
      vertex -5.3033 5.3033 48
    endloop
  endfacet
  facet normal 0.751839 -0.659346 1.7931e-18
    outer loop
      vertex -5.3033 5.3033 38
      vertex -5.95015 4.56571 48
      vertex -5.95015 4.56571 38
    endloop
  endfacet
  facet normal 0.980784 -0.195098 1.03193e-18
    outer loop
      vertex -7.43584 0.978946 48
      vertex -7.24444 1.94114 38
      vertex -7.24444 1.94114 48
    endloop
  endfacet
  facet normal 0.980784 -0.195098 1.03193e-18
    outer loop
      vertex -7.24444 1.94114 38
      vertex -7.43584 0.978946 48
      vertex -7.43584 0.978946 38
    endloop
  endfacet
  facet normal 0.55557 -0.83147 0
    outer loop
      vertex -4.56571 5.95015 38
      vertex -3.75 6.49519 48
      vertex -4.56571 5.95015 48
    endloop
  endfacet
  facet normal 0.55557 -0.83147 0
    outer loop
      vertex -3.75 6.49519 48
      vertex -4.56571 5.95015 38
      vertex -3.75 6.49519 38
    endloop
  endfacet
  facet normal 0.0653996 -0.997859 0
    outer loop
      vertex -0.978946 7.43584 38
      vertex 0 7.5 48
      vertex -0.978946 7.43584 48
    endloop
  endfacet
  facet normal 0.0653996 -0.997859 0
    outer loop
      vertex 0 7.5 48
      vertex -0.978946 7.43584 38
      vertex 0 7.5 38
    endloop
  endfacet
  facet normal -0.997859 0.0653996 -6.24409e-19
    outer loop
      vertex 7.43584 -0.978946 38
      vertex 7.5 0 48
      vertex 7.5 0 38
    endloop
  endfacet
  facet normal -0.997859 0.0653996 -6.24409e-19
    outer loop
      vertex 7.5 0 48
      vertex 7.43584 -0.978946 38
      vertex 7.43584 -0.978946 48
    endloop
  endfacet
  facet normal -0.0653996 0.997859 0
    outer loop
      vertex 0.978946 -7.43584 38
      vertex 0 -7.5 48
      vertex 0.978946 -7.43584 48
    endloop
  endfacet
  facet normal -0.0653996 0.997859 0
    outer loop
      vertex 0 -7.5 48
      vertex 0.978946 -7.43584 38
      vertex 0 -7.5 38
    endloop
  endfacet
  facet normal -0.321434 0.946932 0
    outer loop
      vertex 2.87012 -6.9291 38
      vertex 1.94114 -7.24444 48
      vertex 2.87012 -6.9291 48
    endloop
  endfacet
  facet normal -0.321434 0.946932 0
    outer loop
      vertex 1.94114 -7.24444 48
      vertex 2.87012 -6.9291 38
      vertex 1.94114 -7.24444 38
    endloop
  endfacet
  facet normal -0.55557 0.83147 0
    outer loop
      vertex 4.56571 -5.95015 38
      vertex 3.75 -6.49519 48
      vertex 4.56571 -5.95015 48
    endloop
  endfacet
  facet normal -0.55557 0.83147 0
    outer loop
      vertex 3.75 -6.49519 48
      vertex 4.56571 -5.95015 38
      vertex 3.75 -6.49519 38
    endloop
  endfacet
  facet normal -0.896872 0.44229 1.78204e-18
    outer loop
      vertex 6.49519 -3.75 38
      vertex 6.9291 -2.87012 48
      vertex 6.9291 -2.87012 38
    endloop
  endfacet
  facet normal -0.896872 0.44229 1.78204e-18
    outer loop
      vertex 6.9291 -2.87012 48
      vertex 6.49519 -3.75 38
      vertex 6.49519 -3.75 48
    endloop
  endfacet
  facet normal -0.751839 0.659346 1.7931e-18
    outer loop
      vertex 5.3033 -5.3033 38
      vertex 5.95015 -4.56571 48
      vertex 5.95015 -4.56571 38
    endloop
  endfacet
  facet normal -0.751839 0.659346 1.7931e-18
    outer loop
      vertex 5.95015 -4.56571 48
      vertex 5.3033 -5.3033 38
      vertex 5.3033 -5.3033 48
    endloop
  endfacet
  facet normal -0.83147 0.55557 -2.4258e-18
    outer loop
      vertex 5.95015 -4.56571 38
      vertex 6.49519 -3.75 48
      vertex 6.49519 -3.75 38
    endloop
  endfacet
  facet normal -0.83147 0.55557 -2.4258e-18
    outer loop
      vertex 6.49519 -3.75 48
      vertex 5.95015 -4.56571 38
      vertex 5.95015 -4.56571 48
    endloop
  endfacet
  facet normal 0.659346 0.751839 -0
    outer loop
      vertex -4.56571 -5.95015 38
      vertex -5.3033 -5.3033 48
      vertex -4.56571 -5.95015 48
    endloop
  endfacet
  facet normal 0.659346 0.751839 0
    outer loop
      vertex -5.3033 -5.3033 48
      vertex -4.56571 -5.95015 38
      vertex -5.3033 -5.3033 38
    endloop
  endfacet
  facet normal 0.55557 0.83147 -0
    outer loop
      vertex -3.75 -6.49519 38
      vertex -4.56571 -5.95015 48
      vertex -3.75 -6.49519 48
    endloop
  endfacet
  facet normal 0.55557 0.83147 0
    outer loop
      vertex -4.56571 -5.95015 48
      vertex -3.75 -6.49519 38
      vertex -4.56571 -5.95015 38
    endloop
  endfacet
  facet normal 0.195098 0.980784 -0
    outer loop
      vertex -0.978946 -7.43584 38
      vertex -1.94114 -7.24444 48
      vertex -0.978946 -7.43584 48
    endloop
  endfacet
  facet normal 0.195098 0.980784 0
    outer loop
      vertex -1.94114 -7.24444 48
      vertex -0.978946 -7.43584 38
      vertex -1.94114 -7.24444 38
    endloop
  endfacet
  facet normal 0.751839 0.659346 -1.7931e-18
    outer loop
      vertex -5.3033 -5.3033 48
      vertex -5.95015 -4.56571 38
      vertex -5.95015 -4.56571 48
    endloop
  endfacet
  facet normal 0.751839 0.659346 -1.7931e-18
    outer loop
      vertex -5.95015 -4.56571 38
      vertex -5.3033 -5.3033 48
      vertex -5.3033 -5.3033 38
    endloop
  endfacet
  facet normal 0.946932 0.321434 -2.72144e-18
    outer loop
      vertex -6.9291 -2.87012 48
      vertex -7.24444 -1.94114 38
      vertex -7.24444 -1.94114 48
    endloop
  endfacet
  facet normal 0.946932 0.321434 -2.72144e-18
    outer loop
      vertex -7.24444 -1.94114 38
      vertex -6.9291 -2.87012 48
      vertex -6.9291 -2.87012 38
    endloop
  endfacet
  facet normal 0.997859 0.0653996 6.24409e-19
    outer loop
      vertex -7.43584 -0.978946 48
      vertex -7.5 0 38
      vertex -7.5 0 48
    endloop
  endfacet
  facet normal 0.997859 0.0653996 6.24409e-19
    outer loop
      vertex -7.5 0 38
      vertex -7.43584 -0.978946 48
      vertex -7.43584 -0.978946 38
    endloop
  endfacet
  facet normal -0.195098 0.980784 0
    outer loop
      vertex 1.94114 -7.24444 38
      vertex 0.978946 -7.43584 48
      vertex 1.94114 -7.24444 48
    endloop
  endfacet
  facet normal -0.195098 0.980784 0
    outer loop
      vertex 0.978946 -7.43584 48
      vertex 1.94114 -7.24444 38
      vertex 0.978946 -7.43584 38
    endloop
  endfacet
  facet normal -0.980784 0.195098 1.03193e-18
    outer loop
      vertex 7.24444 -1.94114 38
      vertex 7.43584 -0.978946 48
      vertex 7.43584 -0.978946 38
    endloop
  endfacet
  facet normal -0.980784 0.195098 1.03193e-18
    outer loop
      vertex 7.43584 -0.978946 48
      vertex 7.24444 -1.94114 38
      vertex 7.24444 -1.94114 48
    endloop
  endfacet
  facet normal 0.980784 0.195098 -1.03193e-18
    outer loop
      vertex -7.24444 -1.94114 48
      vertex -7.43584 -0.978946 38
      vertex -7.43584 -0.978946 48
    endloop
  endfacet
  facet normal 0.980784 0.195098 -1.03193e-18
    outer loop
      vertex -7.43584 -0.978946 38
      vertex -7.24444 -1.94114 48
      vertex -7.24444 -1.94114 38
    endloop
  endfacet
endsolid OpenSCAD_Model
